species,file_name,is_duplicate,duplicate_of
cincloramphus mathewsi,project_echo_bucket_2__X02447_seg295.wav,False,
cincloramphus mathewsi,project_echo_bucket_3__X02554_seg129.wav,False,
cincloramphus mathewsi,project_echo_bucket_2__X02554_seg321.wav,False,
cincloramphus mathewsi,project_echo_bucket_2__X02554_seg192.wav,False,
cincloramphus mathewsi,project_echo_bucket_3__X02438_seg39.wav,False,
cincloramphus mathewsi,project_echo_bucket_3__X02554_seg54.wav,False,
cincloramphus mathewsi,project_echo_bucket_2__region_134.150-136.150.mp3,False,
cincloramphus mathewsi,project_echo_bucket_3__X02554_seg608.wav,False,
cincloramphus mathewsi,project_echo_bucket_2__X02447_seg164.wav,False,
cincloramphus mathewsi,project_echo_bucket_2__X02447_seg315.wav,False,
cincloramphus mathewsi,project_echo_bucket_2__X02554_seg294.wav,False,
cincloramphus mathewsi,project_echo_bucket_3__X01597_seg22.wav,False,
cincloramphus mathewsi,project_echo_bucket_2__X02554_seg236.wav,False,
cincloramphus mathewsi,project_echo_bucket_3__X02438_seg145.wav,False,
cincloramphus mathewsi,project_echo_bucket_3__X02438_seg81.wav,False,
cincloramphus mathewsi,project_echo_bucket_3__X02554_seg358.wav,False,
cincloramphus mathewsi,project_echo_bucket_3__X02554_seg198.wav,False,
cincloramphus mathewsi,project_echo_bucket_2__X02447_seg187.wav,False,
cincloramphus mathewsi,project_echo_bucket_2__X03938_seg115.wav,False,
cincloramphus mathewsi,project_echo_bucket_3__X02554_seg384.wav,False,
cincloramphus mathewsi,project_echo_bucket_3__X02554_seg2.wav,False,
cincloramphus mathewsi,project_echo_bucket_3__X02554_seg130.wav,False,
cincloramphus mathewsi,project_echo_bucket_2__X01601_seg56.wav,False,
cincloramphus mathewsi,project_echo_bucket_2__X02447_seg336.wav,False,
cincloramphus mathewsi,project_echo_bucket_2__X02546_seg129.wav,False,
cincloramphus mathewsi,project_echo_bucket_3__region_180.000-182.000.mp3,False,
cincloramphus mathewsi,project_echo_bucket_2__X02546_seg208.wav,False,
cincloramphus mathewsi,project_echo_bucket_3__region_230.000-232.000.mp3,False,
cincloramphus mathewsi,project_echo_bucket_3__X01596_seg14.wav,False,
cincloramphus mathewsi,project_echo_bucket_2__X02554_seg516.wav,False,
cincloramphus mathewsi,project_echo_bucket_2__region_140.700-142.700.mp3,False,
cincloramphus mathewsi,project_echo_bucket_2__X03939_seg105.wav,False,
cincloramphus mathewsi,project_echo_bucket_3__X02554_seg567.wav,False,
cincloramphus mathewsi,project_echo_bucket_3__X03938_seg137.wav,False,
cincloramphus mathewsi,project_echo_bucket_2__X02546_seg58.wav,False,
cincloramphus mathewsi,project_echo_bucket_3__X02438_seg101.wav,False,
cincloramphus mathewsi,project_echo_bucket_2__X02554_seg249.wav,False,
cincloramphus mathewsi,project_echo_bucket_2__X02554_seg498.wav,False,
cincloramphus mathewsi,project_echo_bucket_2__X02546_seg275.wav,False,
cincloramphus mathewsi,project_echo_bucket_2__X03938_seg134.wav,False,
cincloramphus mathewsi,project_echo_bucket_2__X02546_seg302.wav,False,
cincloramphus mathewsi,project_echo_bucket_3__X02554_seg84.wav,False,
cincloramphus mathewsi,project_echo_bucket_2__X02554_seg182.wav,False,
cincloramphus mathewsi,project_echo_bucket_2__X02447_seg46.wav,False,
cincloramphus mathewsi,project_echo_bucket_3__X02554_seg273.wav,False,
cincloramphus mathewsi,project_echo_bucket_3__X02554_seg121.wav,False,
cincloramphus mathewsi,project_echo_bucket_3__X01602_seg13.wav,False,
cincloramphus mathewsi,project_echo_bucket_3__region_264.000-266.000.mp3,False,
cincloramphus mathewsi,project_echo_bucket_2__X03938_seg84.wav,False,
cincloramphus mathewsi,project_echo_bucket_2__X02546_seg2.wav,False,
cincloramphus mathewsi,project_echo_bucket_3__X02438_seg183.wav,False,
cincloramphus mathewsi,project_echo_bucket_2__X02447_seg115.wav,False,
cincloramphus mathewsi,project_echo_bucket_3__X02438_seg118.wav,False,
cincloramphus mathewsi,project_echo_bucket_3__X02554_seg605.wav,False,
cincloramphus mathewsi,project_echo_bucket_3__X03938_seg121.wav,False,
cincloramphus mathewsi,project_echo_bucket_3__X01600_seg26.wav,False,
cincloramphus mathewsi,project_echo_bucket_2__X02554_seg488.wav,False,
cincloramphus mathewsi,project_echo_bucket_3__X02554_seg323.wav,False,
cincloramphus mathewsi,project_echo_bucket_2__X02447_seg80.wav,False,
cincloramphus mathewsi,project_echo_bucket_2__X03939_seg28.wav,False,
cincloramphus mathewsi,project_echo_bucket_3__X01601_seg43.wav,False,
cincloramphus mathewsi,project_echo_bucket_2__X02546_seg66.wav,False,
cincloramphus mathewsi,project_echo_bucket_2__X02554_seg598.wav,False,
cincloramphus mathewsi,project_echo_bucket_3__X02554_seg543.wav,False,
cincloramphus mathewsi,project_echo_bucket_3__region_214.000-216.000.mp3,False,
cincloramphus mathewsi,project_echo_bucket_3__X02554_seg584.wav,False,
cincloramphus mathewsi,project_echo_bucket_2__X02554_seg490.wav,False,
cincloramphus mathewsi,project_echo_bucket_3__X02554_seg516.wav,False,
cincloramphus mathewsi,project_echo_bucket_3__X01596_seg87.wav,False,
cincloramphus mathewsi,project_echo_bucket_2__X01601_seg3.wav,False,
cincloramphus mathewsi,project_echo_bucket_3__X02554_seg261.wav,False,
cincloramphus mathewsi,project_echo_bucket_3__X01598_seg67.wav,False,
cincloramphus mathewsi,project_echo_bucket_3__region_331.000-333.000.mp3,False,
cincloramphus mathewsi,project_echo_bucket_3__X02438_seg38.wav,False,
cincloramphus mathewsi,project_echo_bucket_2__X02554_seg638.wav,False,
cincloramphus mathewsi,project_echo_bucket_3__X02554_seg328.wav,False,
cincloramphus mathewsi,project_echo_bucket_3__X02554_seg258.wav,False,
cincloramphus mathewsi,project_echo_bucket_2__X02546_seg360.wav,False,
cincloramphus mathewsi,project_echo_bucket_2__X02554_seg7.wav,False,
cincloramphus mathewsi,project_echo_bucket_2__X02546_seg231.wav,False,
cincloramphus mathewsi,project_echo_bucket_2__X02546_seg31.wav,False,
cincloramphus mathewsi,project_echo_bucket_3__X02438_seg98.wav,False,
cincloramphus mathewsi,project_echo_bucket_3__X03938_seg49.wav,False,
cincloramphus mathewsi,project_echo_bucket_2__X01601_seg54.wav,False,
cincloramphus mathewsi,project_echo_bucket_2__X02546_seg199.wav,False,
cincloramphus mathewsi,project_echo_bucket_2__X02554_seg454.wav,False,
cincloramphus mathewsi,project_echo_bucket_2__X02554_seg79.wav,False,
cincloramphus mathewsi,project_echo_bucket_3__X02554_seg69.wav,False,
cincloramphus mathewsi,project_echo_bucket_2__X02554_seg301.wav,False,
cincloramphus mathewsi,project_echo_bucket_3__X02554_seg453.wav,False,
cincloramphus mathewsi,project_echo_bucket_3__X02554_seg162.wav,False,
cincloramphus mathewsi,project_echo_bucket_2__X03938_seg5.wav,False,
cincloramphus mathewsi,project_echo_bucket_3__X02554_seg319.wav,False,
cincloramphus mathewsi,project_echo_bucket_2__X01601_seg25.wav,False,
cincloramphus mathewsi,project_echo_bucket_3__X01598_seg74.wav,False,
cincloramphus mathewsi,project_echo_bucket_3__X02438_seg25.wav,False,
cincloramphus mathewsi,project_echo_bucket_2__region_132.200-133.450.mp3,False,
cincloramphus mathewsi,project_echo_bucket_3__X02554_seg529.wav,False,
cincloramphus mathewsi,project_echo_bucket_3__X01597_seg52.wav,False,
cincloramphus mathewsi,project_echo_bucket_3__X01601_seg35.wav,False,
cincloramphus mathewsi,project_echo_bucket_2__X03939_seg113.wav,False,
cincloramphus mathewsi,project_echo_bucket_3__X02554_seg454.wav,False,
cincloramphus mathewsi,project_echo_bucket_3__X02438_seg77.wav,False,
cincloramphus mathewsi,project_echo_bucket_2__X02554_seg621.wav,False,
cincloramphus mathewsi,project_echo_bucket_2__X02554_seg612.wav,False,
cincloramphus mathewsi,project_echo_bucket_3__X02554_seg211.wav,False,
cincloramphus mathewsi,project_echo_bucket_2__X02554_seg106.wav,False,
cincloramphus mathewsi,project_echo_bucket_2__X02554_seg93.wav,False,
cincloramphus mathewsi,project_echo_bucket_3__X01598_seg34.wav,False,
cincloramphus mathewsi,project_echo_bucket_2__X02447_seg269.wav,False,
cincloramphus mathewsi,project_echo_bucket_3__X02554_seg622.wav,False,
cincloramphus mathewsi,project_echo_bucket_2__X02554_seg113.wav,False,
cincloramphus mathewsi,project_echo_bucket_2__X02554_seg376.wav,False,
cincloramphus mathewsi,project_echo_bucket_2__X02554_seg492.wav,False,
cincloramphus mathewsi,project_echo_bucket_2__X02447_seg188.wav,False,
cincloramphus mathewsi,project_echo_bucket_3__X02554_seg96.wav,False,
cincloramphus mathewsi,project_echo_bucket_2__X03939_seg175.wav,False,
cincloramphus mathewsi,project_echo_bucket_2__X02554_seg508.wav,False,
cincloramphus mathewsi,project_echo_bucket_2__X03938_seg73.wav,False,
cincloramphus mathewsi,project_echo_bucket_2__X03938_seg34.wav,False,
cincloramphus mathewsi,project_echo_bucket_3__region_275.000-277.000.mp3,False,
cincloramphus mathewsi,project_echo_bucket_2__X01602_seg41.wav,False,
cincloramphus mathewsi,project_echo_bucket_3__X02438_seg15.wav,False,
cincloramphus mathewsi,project_echo_bucket_2__X02554_seg657.wav,False,
cincloramphus mathewsi,project_echo_bucket_2__X02546_seg248.wav,False,
cincloramphus mathewsi,project_echo_bucket_3__X02554_seg113.wav,False,
cincloramphus mathewsi,project_echo_bucket_3__X02554_seg401.wav,False,
cincloramphus mathewsi,project_echo_bucket_2__X03938_seg119.wav,False,
cincloramphus mathewsi,project_echo_bucket_2__X02554_seg104.wav,False,
cincloramphus mathewsi,project_echo_bucket_2__X02554_seg574.wav,False,
cincloramphus mathewsi,project_echo_bucket_3__X02438_seg55.wav,False,
cincloramphus mathewsi,project_echo_bucket_2__X02554_seg390.wav,False,
cincloramphus mathewsi,project_echo_bucket_3__X01600_seg33.wav,False,
cincloramphus mathewsi,project_echo_bucket_2__X02554_seg584.wav,False,
cincloramphus mathewsi,project_echo_bucket_2__X02447_seg63.wav,False,
cincloramphus mathewsi,project_echo_bucket_2__X03938_seg101.wav,False,
cincloramphus mathewsi,project_echo_bucket_2__X01602_seg6.wav,False,
cincloramphus mathewsi,project_echo_bucket_3__X02554_seg115.wav,False,
cincloramphus mathewsi,project_echo_bucket_2__X02447_seg126.wav,False,
cincloramphus mathewsi,project_echo_bucket_2__X02554_seg84.wav,False,
cincloramphus mathewsi,project_echo_bucket_2__X02554_seg367.wav,False,
cincloramphus mathewsi,project_echo_bucket_2__X02546_seg200.wav,False,
cincloramphus mathewsi,project_echo_bucket_2__X02447_seg72.wav,False,
cincloramphus mathewsi,project_echo_bucket_2__X02447_seg113.wav,False,
cincloramphus mathewsi,project_echo_bucket_2__X03939_seg43.wav,False,
cincloramphus mathewsi,project_echo_bucket_2__X02447_seg108.wav,False,
cincloramphus mathewsi,project_echo_bucket_3__X02554_seg613.wav,False,
cincloramphus mathewsi,project_echo_bucket_2__X02546_seg348.wav,False,
cincloramphus mathewsi,project_echo_bucket_2__X02554_seg235.wav,False,
cincloramphus mathewsi,project_echo_bucket_2__X02447_seg137.wav,False,
meleagris gallopavo,project_echo_birdclef__XC561706_seg36.wav,False,
meleagris gallopavo,project_echo_birdclef__XC247281_seg14.wav,False,
meleagris gallopavo,project_echo_birdclef__XC451611_seg62.wav,False,
meleagris gallopavo,project_echo_birdclef__XC138067_seg24.wav,False,
meleagris gallopavo,project_echo_birdclef__XC138067_seg13.wav,False,
meleagris gallopavo,project_echo_birdclef__XC320490_seg58.wav,False,
meleagris gallopavo,project_echo_birdclef__XC134155_seg72.wav,False,
meleagris gallopavo,project_echo_birdclef__XC451611_seg15.wav,False,
meleagris gallopavo,project_echo_birdclef__XC561706_seg12.wav,False,
meleagris gallopavo,project_echo_birdclef__XC138067_seg0.wav,False,
meleagris gallopavo,project_echo_birdclef__XC104532_seg11.wav,False,
meleagris gallopavo,project_echo_birdclef__XC320490_seg68.wav,False,
meleagris gallopavo,project_echo_birdclef__XC370486_seg2.wav,False,
meleagris gallopavo,project_echo_birdclef__XC561706_seg105.wav,False,
meleagris gallopavo,project_echo_birdclef__XC315999.ogg,False,
meleagris gallopavo,project_echo_birdclef__XC104532_seg32.wav,False,
meleagris gallopavo,project_echo_birdclef__XC134155_seg2.wav,False,
meleagris gallopavo,project_echo_birdclef__XC561706_seg176.wav,False,
meleagris gallopavo,project_echo_birdclef__XC247281_seg29.wav,False,
meleagris gallopavo,project_echo_birdclef__XC561706_seg90.wav,False,
meleagris gallopavo,project_echo_birdclef__XC136045_seg19.wav,False,
meleagris gallopavo,project_echo_birdclef__XC153737_seg8.wav,False,
meleagris gallopavo,project_echo_birdclef__XC561706_seg104.wav,False,
meleagris gallopavo,project_echo_birdclef__XC138067_seg7.wav,False,
meleagris gallopavo,project_echo_birdclef__XC575588_seg10.wav,False,
meleagris gallopavo,project_echo_birdclef__XC134155_seg9.wav,False,
meleagris gallopavo,project_echo_birdclef__XC561706_seg67.wav,False,
meleagris gallopavo,project_echo_birdclef__XC247281_seg58.wav,False,
meleagris gallopavo,project_echo_birdclef__XC153737_seg40.wav,False,
meleagris gallopavo,project_echo_birdclef__XC451611_seg67.wav,False,
meleagris gallopavo,project_echo_birdclef__XC153737_seg31.wav,False,
meleagris gallopavo,project_echo_birdclef__XC104532_seg7.wav,False,
meleagris gallopavo,project_echo_birdclef__XC320490_seg54.wav,False,
meleagris gallopavo,project_echo_birdclef__XC138067_seg3.wav,False,
meleagris gallopavo,project_echo_birdclef__XC334314_seg32.wav,False,
meleagris gallopavo,project_echo_birdclef__XC334314_seg10.wav,False,
meleagris gallopavo,project_echo_birdclef__XC104532_seg15.wav,False,
meleagris gallopavo,project_echo_birdclef__XC451611_seg52.wav,False,
meleagris gallopavo,project_echo_birdclef__XC134155_seg56.wav,False,
meleagris gallopavo,project_echo_birdclef__XC561706_seg0.wav,False,
meleagris gallopavo,project_echo_birdclef__XC561706_seg173.wav,False,
meleagris gallopavo,project_echo_birdclef__XC451611_seg87.wav,False,
meleagris gallopavo,project_echo_birdclef__XC450760.ogg,False,
meleagris gallopavo,project_echo_birdclef__XC561706_seg93.wav,False,
meleagris gallopavo,project_echo_birdclef__XC575588_seg28.wav,False,
meleagris gallopavo,project_echo_birdclef__XC247281_seg18.wav,False,
meleagris gallopavo,project_echo_birdclef__XC247281_seg8.wav,False,
meleagris gallopavo,project_echo_birdclef__XC153737_seg19.wav,False,
meleagris gallopavo,project_echo_birdclef__XC136045_seg33.wav,False,
meleagris gallopavo,project_echo_birdclef__XC370486_seg33.wav,False,
meleagris gallopavo,project_echo_birdclef__XC320490_seg16.wav,False,
meleagris gallopavo,project_echo_birdclef__XC575588_seg2.wav,False,
meleagris gallopavo,project_echo_birdclef__XC134155_seg31.wav,False,
meleagris gallopavo,project_echo_birdclef__XC247281_seg46.wav,False,
meleagris gallopavo,project_echo_birdclef__XC451611_seg81.wav,False,
meleagris gallopavo,project_echo_birdclef__XC451611_seg42.wav,False,
meleagris gallopavo,project_echo_birdclef__XC451611_seg19.wav,False,
meleagris gallopavo,project_echo_birdclef__XC334314_seg41.wav,False,
meleagris gallopavo,project_echo_birdclef__XC575588_seg22.wav,False,
meleagris gallopavo,project_echo_birdclef__XC370486_seg7.wav,False,
meleagris gallopavo,project_echo_birdclef__XC334314_seg17.wav,False,
meleagris gallopavo,project_echo_birdclef__XC247281_seg57.wav,False,
meleagris gallopavo,project_echo_birdclef__XC370486_seg28.wav,False,
meleagris gallopavo,project_echo_birdclef__XC247281_seg32.wav,False,
meleagris gallopavo,project_echo_birdclef__XC334314_seg12.wav,False,
meleagris gallopavo,project_echo_birdclef__XC561706_seg60.wav,False,
meleagris gallopavo,project_echo_birdclef__XC320490_seg67.wav,False,
meleagris gallopavo,project_echo_birdclef__XC138067_seg23.wav,False,
meleagris gallopavo,project_echo_birdclef__XC320490_seg3.wav,False,
meleagris gallopavo,project_echo_birdclef__XC134155_seg24.wav,False,
meleagris gallopavo,project_echo_birdclef__XC320490_seg65.wav,False,
meleagris gallopavo,project_echo_birdclef__XC138067_seg14.wav,False,
meleagris gallopavo,project_echo_birdclef__XC561706_seg164.wav,False,
meleagris gallopavo,project_echo_birdclef__XC575588_seg38.wav,False,
meleagris gallopavo,project_echo_birdclef__XC451611_seg17.wav,False,
meleagris gallopavo,project_echo_birdclef__XC370486_seg10.wav,False,
meleagris gallopavo,project_echo_birdclef__XC247281_seg34.wav,False,
meleagris gallopavo,project_echo_birdclef__XC451611_seg33.wav,False,
meleagris gallopavo,project_echo_birdclef__XC320490_seg52.wav,False,
meleagris gallopavo,project_echo_birdclef__XC539775.ogg,False,
meleagris gallopavo,project_echo_birdclef__XC561706_seg40.wav,False,
meleagris gallopavo,project_echo_birdclef__XC104532_seg16.wav,False,
meleagris gallopavo,project_echo_birdclef__XC575588_seg14.wav,False,
meleagris gallopavo,project_echo_birdclef__XC561706_seg110.wav,False,
meleagris gallopavo,project_echo_birdclef__XC561706_seg61.wav,False,
meleagris gallopavo,project_echo_birdclef__XC451611_seg83.wav,False,
meleagris gallopavo,project_echo_birdclef__XC561706_seg48.wav,False,
meleagris gallopavo,project_echo_birdclef__XC370486_seg23.wav,False,
meleagris gallopavo,project_echo_birdclef__XC320490_seg84.wav,False,
meleagris gallopavo,project_echo_birdclef__XC134155_seg55.wav,False,
meleagris gallopavo,project_echo_birdclef__XC320490_seg1.wav,False,
meleagris gallopavo,project_echo_birdclef__XC247281_seg51.wav,False,
meleagris gallopavo,project_echo_birdclef__XC247281_seg17.wav,False,
meleagris gallopavo,project_echo_birdclef__XC134155_seg51.wav,False,
meleagris gallopavo,project_echo_birdclef__XC451611_seg76.wav,False,
meleagris gallopavo,project_echo_birdclef__XC561706_seg124.wav,False,
meleagris gallopavo,project_echo_birdclef__XC247281_seg40.wav,False,
meleagris gallopavo,project_echo_birdclef__XC334314_seg6.wav,False,
meleagris gallopavo,project_echo_birdclef__XC247281_seg59.wav,False,
meleagris gallopavo,project_echo_birdclef__XC104532_seg3.wav,False,
meleagris gallopavo,project_echo_birdclef__XC561706_seg42.wav,False,
meleagris gallopavo,project_echo_birdclef__XC561706_seg95.wav,False,
meleagris gallopavo,project_echo_birdclef__XC334314_seg48.wav,False,
meleagris gallopavo,project_echo_birdclef__XC134155_seg78.wav,False,
meleagris gallopavo,project_echo_birdclef__XC153735.ogg,False,
meleagris gallopavo,project_echo_birdclef__XC561706_seg65.wav,False,
meleagris gallopavo,project_echo_birdclef__XC320490_seg76.wav,False,
meleagris gallopavo,project_echo_birdclef__XC134155_seg34.wav,False,
meleagris gallopavo,project_echo_birdclef__XC334314_seg49.wav,False,
meleagris gallopavo,project_echo_birdclef__XC134155_seg11.wav,False,
meleagris gallopavo,project_echo_birdclef__XC134155_seg54.wav,False,
meleagris gallopavo,project_echo_birdclef__XC575588_seg15.wav,False,
meleagris gallopavo,project_echo_birdclef__XC247281_seg5.wav,False,
meleagris gallopavo,project_echo_birdclef__XC561706_seg37.wav,False,
meleagris gallopavo,project_echo_birdclef__XC334314_seg11.wav,False,
meleagris gallopavo,project_echo_birdclef__XC138067_seg18.wav,False,
meleagris gallopavo,project_echo_birdclef__XC320490_seg33.wav,False,
meleagris gallopavo,project_echo_birdclef__XC104532_seg29.wav,False,
meleagris gallopavo,project_echo_birdclef__XC320490_seg35.wav,False,
meleagris gallopavo,project_echo_birdclef__XC136045_seg31.wav,False,
meleagris gallopavo,project_echo_birdclef__XC320490_seg79.wav,False,
meleagris gallopavo,project_echo_birdclef__XC598621.ogg,False,
meleagris gallopavo,project_echo_birdclef__XC334314_seg22.wav,False,
meleagris gallopavo,project_echo_birdclef__XC561706_seg73.wav,False,
meleagris gallopavo,project_echo_birdclef__XC104532_seg22.wav,False,
meleagris gallopavo,project_echo_birdclef__XC451611_seg32.wav,False,
meleagris gallopavo,project_echo_birdclef__XC575588_seg13.wav,False,
meleagris gallopavo,project_echo_birdclef__XC561706_seg135.wav,False,
meleagris gallopavo,project_echo_birdclef__XC334314_seg47.wav,False,
meleagris gallopavo,project_echo_birdclef__XC134155_seg41.wav,False,
meleagris gallopavo,project_echo_birdclef__XC561706_seg50.wav,False,
meleagris gallopavo,project_echo_birdclef__XC104532_seg10.wav,False,
meleagris gallopavo,project_echo_birdclef__XC467291.ogg,False,
meleagris gallopavo,project_echo_birdclef__XC561706_seg121.wav,False,
meleagris gallopavo,project_echo_birdclef__XC134155_seg71.wav,False,
meleagris gallopavo,project_echo_birdclef__XC561706_seg29.wav,False,
meleagris gallopavo,project_echo_birdclef__XC134155_seg48.wav,False,
meleagris gallopavo,project_echo_birdclef__XC320490_seg53.wav,False,
meleagris gallopavo,project_echo_birdclef__XC561706_seg178.wav,False,
meleagris gallopavo,project_echo_birdclef__XC561706_seg160.wav,False,
meleagris gallopavo,project_echo_birdclef__XC561706_seg19.wav,False,
meleagris gallopavo,project_echo_birdclef__XC153737_seg1.wav,False,
meleagris gallopavo,project_echo_birdclef__XC561706_seg136.wav,False,
meleagris gallopavo,project_echo_birdclef__XC104532_seg23.wav,False,
meleagris gallopavo,project_echo_birdclef__XC561706_seg86.wav,False,
meleagris gallopavo,project_echo_birdclef__XC334314_seg3.wav,False,
meleagris gallopavo,project_echo_birdclef__XC575588_seg33.wav,False,
meleagris gallopavo,project_echo_birdclef__XC153737_seg41.wav,False,
meleagris gallopavo,project_echo_birdclef__XC320490_seg0.wav,False,
meleagris gallopavo,project_echo_birdclef__XC561706_seg92.wav,False,
rhipidura leucophrys,project_echo_bucket_3__region_68.050-69.600.mp3,False,
rhipidura leucophrys,project_echo_bucket_2__region_52.500-54.500.mp3,False,
rhipidura leucophrys,project_echo_bucket_2__region_82.100-84.100.mp3,False,
rhipidura leucophrys,project_echo_bucket_3__region_1.400-2.700.mp3,False,
rhipidura leucophrys,project_echo_bucket_2__region_33.100-35.100.mp3,False,
rhipidura leucophrys,project_echo_bucket_2__region_36.500-38.500.mp3,False,
rhipidura leucophrys,project_echo_bucket_3__region_174.400-176.400.mp3,False,
rhipidura leucophrys,project_echo_bucket_2__region_22.950-24.950.mp3,False,
rhipidura leucophrys,project_echo_bucket_2__region_26.050-28.050.mp3,False,
rhipidura leucophrys,project_echo_bucket_2__region_84.100-86.100.mp3,False,
rhipidura leucophrys,project_echo_bucket_2__region_55.700-57.200.mp3,False,
rhipidura leucophrys,project_echo_bucket_2__region_233.200-235.200.mp3,False,
rhipidura leucophrys,project_echo_bucket_2__region_87.400-89.350.mp3,False,
rhipidura leucophrys,project_echo_bucket_2__region_54.800-56.300.mp3,False,
rhipidura leucophrys,project_echo_bucket_3__region_50.850-51.900.mp3,False,
rhipidura leucophrys,project_echo_bucket_3__region_13.850-15.750.mp3,False,
rhipidura leucophrys,project_echo_bucket_3__region_13.150-15.050.mp3,False,
rhipidura leucophrys,project_echo_bucket_2__region_112.350-114.350.mp3,False,
rhipidura leucophrys,project_echo_bucket_3__region_32.050-33.100.mp3,False,
rhipidura leucophrys,project_echo_bucket_3__region_33.500-35.500.mp3,False,
rhipidura leucophrys,project_echo_bucket_2__region_4.600-5.750.mp3,False,
rhipidura leucophrys,project_echo_bucket_3__region_102.200-104.200.mp3,False,
rhipidura leucophrys,project_echo_bucket_2__region_49.800-51.250.mp3,False,
rhipidura leucophrys,project_echo_bucket_3__region_100.250-102.000.mp3,False,
rhipidura leucophrys,project_echo_bucket_3__region_12.000-14.000.mp3,False,
rhipidura leucophrys,project_echo_bucket_3__region_17.100-19.100.mp3,False,
rhipidura leucophrys,project_echo_bucket_2__region_9.450-11.450.mp3,False,
rhipidura leucophrys,project_echo_bucket_3__region_39.050-41.050.mp3,False,
rhipidura leucophrys,project_echo_bucket_2__region_11.200-12.500.mp3,False,
rhipidura leucophrys,project_echo_bucket_2__region_64.000-66.000.mp3,False,
rhipidura leucophrys,project_echo_bucket_2__region_0.350-2.350.mp3,False,
rhipidura leucophrys,project_echo_bucket_2__region_29.750-31.750.mp3,False,
rhipidura leucophrys,project_echo_bucket_3__region_64.100-66.100.mp3,False,
rhipidura leucophrys,project_echo_bucket_2__region_16.800-18.050.mp3,False,
rhipidura leucophrys,project_echo_bucket_2__region_77.600-79.200.mp3,False,
rhipidura leucophrys,project_echo_bucket_3__region_36.300-37.650.mp3,False,
rhipidura leucophrys,project_echo_bucket_3__region_4.300-6.300.mp3,False,
rhipidura leucophrys,project_echo_bucket_3__region_85.850-87.850.mp3,False,
rhipidura leucophrys,project_echo_bucket_3__region_138.500-140.500.mp3,False,
rhipidura leucophrys,project_echo_bucket_2__region_114.100-116.100.mp3,False,
rhipidura leucophrys,project_echo_bucket_2__region_6.400-7.800.mp3,False,
rhipidura leucophrys,project_echo_bucket_2__region_156.050-158.050.mp3,False,
rhipidura leucophrys,project_echo_bucket_2__region_8.300-10.300.mp3,False,
rhipidura leucophrys,project_echo_bucket_3__region_56.750-58.200.mp3,False,
rhipidura leucophrys,project_echo_bucket_3__region_75.650-77.650.mp3,False,
rhipidura leucophrys,project_echo_bucket_3__region_236.300-238.300.mp3,False,
rhipidura leucophrys,project_echo_bucket_2__region_73.050-74.650.mp3,False,
rhipidura leucophrys,project_echo_bucket_3__region_10.300-12.300.mp3,False,
rhipidura leucophrys,project_echo_bucket_2__region_6.000-8.000.mp3,False,
rhipidura leucophrys,project_echo_bucket_3__region_43.750-45.150.mp3,False,
rhipidura leucophrys,project_echo_bucket_2__region_40.050-42.050.mp3,False,
rhipidura leucophrys,project_echo_bucket_3__region_26.150-28.100.mp3,False,
rhipidura leucophrys,project_echo_bucket_3__region_89.850-91.850.mp3,False,
rhipidura leucophrys,project_echo_bucket_2__region_65.450-67.400.mp3,False,
rhipidura leucophrys,project_echo_bucket_2__region_105.950-107.200.mp3,False,
rhipidura leucophrys,project_echo_bucket_2__region_116.400-117.800.mp3,False,
rhipidura leucophrys,project_echo_bucket_2__region_4.400-6.400.mp3,False,
rhipidura leucophrys,project_echo_bucket_3__region_37.950-39.950.mp3,False,
rhipidura leucophrys,project_echo_bucket_2__region_16.550-18.300.mp3,False,
rhipidura leucophrys,project_echo_bucket_2__region_68.050-69.600.mp3,False,
rhipidura leucophrys,project_echo_bucket_3__region_161.750-163.600.mp3,False,
rhipidura leucophrys,project_echo_bucket_3__region_0.250-1.737.mp3,False,
rhipidura leucophrys,project_echo_bucket_2__region_81.900-83.900.mp3,False,
rhipidura leucophrys,project_echo_bucket_2__region_172.150-174.150.mp3,False,
rhipidura leucophrys,project_echo_bucket_3__region_117.000-118.800.mp3,False,
rhipidura leucophrys,project_echo_bucket_2__region_93.300-95.150.mp3,False,
rhipidura leucophrys,project_echo_bucket_3__region_88.250-90.000.mp3,False,
rhipidura leucophrys,project_echo_bucket_3__region_33.100-35.100.mp3,False,
rhipidura leucophrys,project_echo_bucket_3__region_14.200-16.200.mp3,False,
rhipidura leucophrys,project_echo_bucket_3__region_4.350-5.350.mp3,False,
rhipidura leucophrys,project_echo_bucket_2__region_4.550-6.550.mp3,False,
rhipidura leucophrys,project_echo_bucket_2__region_41.800-43.800.mp3,False,
rhipidura leucophrys,project_echo_bucket_2__region_29.500-31.050.mp3,False,
rhipidura leucophrys,project_echo_bucket_3__region_0.750-2.750.mp3,False,
rhipidura leucophrys,project_echo_bucket_3__region_120.050-122.050.mp3,False,
rhipidura leucophrys,project_echo_bucket_3__region_150.750-152.050.mp3,False,
rhipidura leucophrys,project_echo_bucket_3__region_86.050-88.050.mp3,False,
rhipidura leucophrys,project_echo_bucket_3__region_76.100-78.100.mp3,False,
rhipidura leucophrys,project_echo_bucket_3__region_160.050-162.050.mp3,False,
rhipidura leucophrys,project_echo_bucket_2__region_104.200-105.300.mp3,False,
rhipidura leucophrys,project_echo_bucket_2__region_79.050-80.350.mp3,False,
rhipidura leucophrys,project_echo_bucket_3__region_61.350-62.950.mp3,False,
rhipidura leucophrys,project_echo_bucket_3__region_28.050-30.050.mp3,False,
rhipidura leucophrys,project_echo_bucket_3__region_93.900-95.900.mp3,False,
rhipidura leucophrys,project_echo_bucket_3__region_29.650-31.650.mp3,False,
rhipidura leucophrys,project_echo_bucket_2__region_81.100-82.950.mp3,False,
rhipidura leucophrys,project_echo_bucket_2__region_52.050-54.050.mp3,False,
rhipidura leucophrys,project_echo_bucket_3__region_154.700-155.700.mp3,False,
rhipidura leucophrys,project_echo_bucket_3__region_49.350-51.350.mp3,False,
rhipidura leucophrys,project_echo_bucket_3__region_13.150-14.700.mp3,False,
rhipidura leucophrys,project_echo_bucket_3__region_68.450-70.050.mp3,False,
rhipidura leucophrys,project_echo_bucket_2__region_45.800-47.800.mp3,False,
rhipidura leucophrys,project_echo_bucket_2__region_15.850-17.500.mp3,False,
rhipidura leucophrys,project_echo_bucket_2__region_42.400-44.400.mp3,False,
rhipidura leucophrys,project_echo_bucket_2__region_34.000-36.000.mp3,False,
rhipidura leucophrys,project_echo_bucket_3__region_36.850-38.850.mp3,False,
rhipidura leucophrys,project_echo_bucket_3__region_80.400-82.400.mp3,False,
rhipidura leucophrys,project_echo_bucket_2__region_1.000-2.700.mp3,False,
rhipidura leucophrys,project_echo_bucket_3__region_129.900-131.900.mp3,False,
rhipidura leucophrys,project_echo_bucket_3__region_12.050-14.050.mp3,False,
rhipidura leucophrys,project_echo_bucket_2__region_0.850-2.550.mp3,False,
rhipidura leucophrys,project_echo_bucket_3__region_1.100-2.550.mp3,False,
rhipidura leucophrys,project_echo_bucket_3__region_3.900-5.450.mp3,False,
rhipidura leucophrys,project_echo_bucket_2__region_140.500-142.350.mp3,False,
rhipidura leucophrys,project_echo_bucket_2__region_135.800-137.800.mp3,False,
rhipidura leucophrys,project_echo_bucket_2__region_32.500-34.500.mp3,False,
rhipidura leucophrys,project_echo_bucket_3__region_113.300-115.300.mp3,False,
rhipidura leucophrys,project_echo_bucket_3__region_41.850-43.050.mp3,False,
rhipidura leucophrys,project_echo_bucket_3__region_85.000-87.000.mp3,False,
rhipidura leucophrys,project_echo_bucket_2__region_55.800-57.800.mp3,False,
rhipidura leucophrys,project_echo_bucket_2__region_24.600-26.150.mp3,False,
rhipidura leucophrys,project_echo_bucket_2__region_38.000-40.000.mp3,False,
rhipidura leucophrys,project_echo_bucket_2__region_53.950-55.950.mp3,False,
rhipidura leucophrys,project_echo_bucket_3__region_24.500-26.500.mp3,False,
rhipidura leucophrys,project_echo_bucket_2__region_50.100-52.100.mp3,False,
rhipidura leucophrys,project_echo_bucket_2__region_190.050-192.050.mp3,False,
rhipidura leucophrys,project_echo_bucket_2__region_129.900-131.900.mp3,False,
rhipidura leucophrys,project_echo_bucket_2__region_166.050-168.050.mp3,False,
rhipidura leucophrys,project_echo_bucket_2__region_21.550-23.550.mp3,False,
rhipidura leucophrys,project_echo_bucket_2__region_27.300-29.300.mp3,False,
rhipidura leucophrys,project_echo_bucket_2__region_85.900-87.550.mp3,False,
rhipidura leucophrys,project_echo_bucket_3__region_60.700-62.200.mp3,False,
rhipidura leucophrys,project_echo_bucket_3__region_119.550-121.100.mp3,False,
rhipidura leucophrys,project_echo_bucket_3__region_176.050-178.050.mp3,False,
rhipidura leucophrys,project_echo_bucket_2__region_24.500-26.500.mp3,False,
rhipidura leucophrys,project_echo_bucket_2__region_111.300-113.300.mp3,False,
rhipidura leucophrys,project_echo_bucket_3__region_42.200-43.850.mp3,False,
rhipidura leucophrys,project_echo_bucket_3__region_18.500-20.500.mp3,False,
rhipidura leucophrys,project_echo_bucket_3__region_10.250-12.250.mp3,False,
rhipidura leucophrys,project_echo_bucket_3__region_114.050-115.800.mp3,False,
rhipidura leucophrys,project_echo_bucket_3__region_9.550-10.900.mp3,False,
rhipidura leucophrys,project_echo_bucket_2__region_97.250-99.050.mp3,False,
rhipidura leucophrys,project_echo_bucket_2__region_111.250-112.600.mp3,False,
rhipidura leucophrys,project_echo_bucket_3__region_178.050-180.050.mp3,False,
rhipidura leucophrys,project_echo_bucket_2__region_12.700-14.600.mp3,False,
rhipidura leucophrys,project_echo_bucket_2__region_51.500-53.500.mp3,False,
rhipidura leucophrys,project_echo_bucket_3__region_44.250-46.150.mp3,False,
rhipidura leucophrys,project_echo_bucket_2__region_16.250-18.250.mp3,False,
rhipidura leucophrys,project_echo_bucket_3__region_64.450-66.050.mp3,False,
rhipidura leucophrys,project_echo_bucket_2__region_114.350-115.700.mp3,False,
rhipidura leucophrys,project_echo_bucket_3__region_90.050-91.700.mp3,False,
rhipidura leucophrys,project_echo_bucket_2__region_78.200-80.050.mp3,False,
rhipidura leucophrys,project_echo_bucket_3__region_2.350-4.350.mp3,False,
rhipidura leucophrys,project_echo_bucket_3__region_41.050-42.450.mp3,False,
rhipidura leucophrys,project_echo_bucket_3__region_16.200-17.500.mp3,False,
rhipidura leucophrys,project_echo_bucket_3__region_96.100-98.100.mp3,False,
rhipidura leucophrys,project_echo_bucket_3__region_26.500-28.500.mp3,False,
rhipidura leucophrys,project_echo_bucket_3__region_78.700-80.150.mp3,False,
rhipidura leucophrys,project_echo_bucket_2__region_51.700-53.200.mp3,False,
rhipidura leucophrys,project_echo_bucket_2__region_120.100-121.278.mp3,False,
colluricincla harmonica,project_echo_bucket_2__region_288.200-290.200.mp3,False,
colluricincla harmonica,project_echo_bucket_3__region_19.900-21.750.mp3,False,
colluricincla harmonica,project_echo_bucket_3__region_1.950-3.500.mp3,False,
colluricincla harmonica,project_echo_bucket_2__region_6.050-7.850.mp3,False,
colluricincla harmonica,project_echo_bucket_3__region_3.550-5.500.mp3,False,
colluricincla harmonica,project_echo_bucket_3__region_64.200-66.050.mp3,False,
colluricincla harmonica,project_echo_bucket_3__region_24.900-26.800.mp3,False,
colluricincla harmonica,project_echo_bucket_3__region_16.250-17.550.mp3,False,
colluricincla harmonica,project_echo_bucket_3__region_178.000-180.000.mp3,False,
colluricincla harmonica,project_echo_bucket_2__region_52.450-54.450.mp3,False,
colluricincla harmonica,project_echo_bucket_2__region_40.500-41.700.mp3,False,
colluricincla harmonica,project_echo_bucket_3__region_69.200-71.200.mp3,False,
colluricincla harmonica,project_echo_bucket_3__region_8.150-10.150.mp3,False,
colluricincla harmonica,project_echo_bucket_3__region_10.100-12.100.mp3,False,
colluricincla harmonica,project_echo_bucket_2__region_0.400-2.400.mp3,False,
colluricincla harmonica,project_echo_bucket_2__region_15.650-16.900.mp3,False,
colluricincla harmonica,project_echo_bucket_2__region_27.850-29.250.mp3,False,
colluricincla harmonica,project_echo_bucket_3__region_107.200-109.200.mp3,False,
colluricincla harmonica,project_echo_bucket_3__region_226.000-228.000.mp3,False,
colluricincla harmonica,project_echo_bucket_2__region_102.100-104.100.mp3,False,
colluricincla harmonica,project_echo_bucket_2__region_48.250-49.850.mp3,False,
colluricincla harmonica,project_echo_bucket_3__region_419.900-421.900.mp3,False,
colluricincla harmonica,project_echo_bucket_3__region_20.700-21.950.mp3,False,
colluricincla harmonica,project_echo_bucket_2__region_99.850-101.850.mp3,False,
colluricincla harmonica,project_echo_bucket_2__region_423.900-425.900.mp3,False,
colluricincla harmonica,project_echo_bucket_2__region_48.300-50.300.mp3,False,
colluricincla harmonica,project_echo_bucket_2__region_3.600-5.500.mp3,False,
colluricincla harmonica,project_echo_bucket_3__region_302.850-304.850.mp3,False,
colluricincla harmonica,project_echo_bucket_2__region_8.600-9.850.mp3,False,
colluricincla harmonica,project_echo_bucket_3__region_70.100-72.100.mp3,False,
colluricincla harmonica,project_echo_bucket_3__region_50.000-52.000.mp3,False,
colluricincla harmonica,project_echo_bucket_2__region_2.800-4.400.mp3,False,
colluricincla harmonica,project_echo_bucket_2__region_98.550-100.550.mp3,False,
colluricincla harmonica,project_echo_bucket_3__region_72.150-74.150.mp3,False,
colluricincla harmonica,project_echo_bucket_3__region_54.650-56.300.mp3,False,
colluricincla harmonica,project_echo_bucket_3__region_448.700-450.700.mp3,False,
colluricincla harmonica,project_echo_bucket_2__region_61.900-63.900.mp3,False,
colluricincla harmonica,project_echo_bucket_2__region_31.450-33.450.mp3,False,
colluricincla harmonica,project_echo_bucket_2__region_31.600-33.600.mp3,False,
colluricincla harmonica,project_echo_bucket_3__region_655.750-657.600.mp3,False,
colluricincla harmonica,project_echo_bucket_2__region_448.700-450.700.mp3,False,
colluricincla harmonica,project_echo_bucket_2__region_31.600-33.350.mp3,False,
colluricincla harmonica,project_echo_bucket_2__region_1.950-3.950.mp3,False,
colluricincla harmonica,project_echo_bucket_3__region_154.050-156.050.mp3,False,
colluricincla harmonica,project_echo_bucket_2__region_252.350-254.350.mp3,False,
colluricincla harmonica,project_echo_bucket_3__region_58.000-60.000.mp3,False,
colluricincla harmonica,project_echo_bucket_2__region_90.350-92.350.mp3,False,
colluricincla harmonica,project_echo_bucket_3__region_126.000-128.000.mp3,False,
colluricincla harmonica,project_echo_bucket_3__region_27.150-29.150.mp3,False,
colluricincla harmonica,project_echo_bucket_3__region_145.850-147.850.mp3,False,
colluricincla harmonica,project_echo_bucket_3__region_306.850-308.850.mp3,False,
colluricincla harmonica,project_echo_bucket_2__region_61.250-63.150.mp3,False,
colluricincla harmonica,project_echo_bucket_3__region_328.700-330.700.mp3,False,
colluricincla harmonica,project_echo_bucket_3__region_606.450-607.950.mp3,False,
colluricincla harmonica,project_echo_bucket_2__region_58.250-60.050.mp3,False,
colluricincla harmonica,project_echo_bucket_2__region_26.100-28.100.mp3,False,
colluricincla harmonica,project_echo_bucket_3__region_86.400-87.950.mp3,False,
colluricincla harmonica,project_echo_bucket_3__region_204.000-206.000.mp3,False,
colluricincla harmonica,project_echo_bucket_3__region_688.350-689.800.mp3,False,
colluricincla harmonica,project_echo_bucket_3__region_76.400-78.400.mp3,False,
colluricincla harmonica,project_echo_bucket_2__region_80.450-82.450.mp3,False,
colluricincla harmonica,project_echo_bucket_2__region_122.200-124.200.mp3,False,
colluricincla harmonica,project_echo_bucket_2__region_172.850-174.850.mp3,False,
colluricincla harmonica,project_echo_bucket_3__region_293.900-295.900.mp3,False,
colluricincla harmonica,project_echo_bucket_3__region_109.150-111.150.mp3,False,
colluricincla harmonica,project_echo_bucket_3__region_241.000-243.000.mp3,False,
colluricincla harmonica,project_echo_bucket_2__region_37.800-39.100.mp3,False,
colluricincla harmonica,project_echo_bucket_3__region_21.750-23.750.mp3,False,
colluricincla harmonica,project_echo_bucket_2__region_450.250-452.250.mp3,False,
colluricincla harmonica,project_echo_bucket_3__region_121.150-123.150.mp3,False,
colluricincla harmonica,project_echo_bucket_2__region_35.350-36.950.mp3,False,
colluricincla harmonica,project_echo_bucket_2__region_244.000-246.000.mp3,False,
colluricincla harmonica,project_echo_bucket_3__region_1.650-3.350.mp3,False,
colluricincla harmonica,project_echo_bucket_2__region_43.700-45.700.mp3,False,
colluricincla harmonica,project_echo_bucket_2__region_83.900-85.900.mp3,False,
colluricincla harmonica,project_echo_bucket_3__region_171.450-173.450.mp3,False,
colluricincla harmonica,project_echo_bucket_3__region_15.750-17.450.mp3,False,
colluricincla harmonica,project_echo_bucket_2__region_113.200-115.200.mp3,False,
colluricincla harmonica,project_echo_bucket_2__region_49.050-51.050.mp3,False,
colluricincla harmonica,project_echo_bucket_2__region_1.100-3.100.mp3,False,
colluricincla harmonica,project_echo_bucket_3__region_333.800-335.800.mp3,False,
colluricincla harmonica,project_echo_bucket_3__region_40.250-42.250.mp3,False,
colluricincla harmonica,project_echo_bucket_2__region_180.000-182.000.mp3,False,
colluricincla harmonica,project_echo_bucket_3__region_44.000-46.000.mp3,False,
colluricincla harmonica,project_echo_bucket_3__region_16.600-18.100.mp3,False,
colluricincla harmonica,project_echo_bucket_2__region_71.650-72.750.mp3,False,
colluricincla harmonica,project_echo_bucket_2__region_419.900-421.900.mp3,False,
colluricincla harmonica,project_echo_bucket_3__region_258.750-259.850.mp3,False,
colluricincla harmonica,project_echo_bucket_3__region_4.600-6.300.mp3,False,
colluricincla harmonica,project_echo_bucket_2__region_144.850-146.850.mp3,False,
colluricincla harmonica,project_echo_bucket_2__region_148.850-150.850.mp3,False,
colluricincla harmonica,project_echo_bucket_3__region_443.900-445.900.mp3,False,
colluricincla harmonica,project_echo_bucket_2__region_21.950-23.950.mp3,False,
colluricincla harmonica,project_echo_bucket_2__region_451.900-453.900.mp3,False,
colluricincla harmonica,project_echo_bucket_3__region_100.550-102.550.mp3,False,
colluricincla harmonica,project_echo_bucket_2__region_33.600-35.600.mp3,False,
colluricincla harmonica,project_echo_bucket_2__region_86.400-87.950.mp3,False,
colluricincla harmonica,project_echo_bucket_3__region_28.100-29.400.mp3,False,
colluricincla harmonica,project_echo_bucket_3__region_288.200-290.200.mp3,False,
colluricincla harmonica,project_echo_bucket_3__region_34.700-36.350.mp3,False,
colluricincla harmonica,project_echo_bucket_3__region_78.650-79.800.mp3,False,
colluricincla harmonica,project_echo_bucket_2__region_35.250-36.500.mp3,False,
colluricincla harmonica,project_echo_bucket_3__region_35.250-36.500.mp3,False,
colluricincla harmonica,project_echo_bucket_3__region_262.200-263.650.mp3,False,
colluricincla harmonica,project_echo_bucket_3__region_31.450-33.450.mp3,False,
colluricincla harmonica,project_echo_bucket_2__region_585.700-587.550.mp3,False,
colluricincla harmonica,project_echo_bucket_3__region_102.100-104.100.mp3,False,
colluricincla harmonica,project_echo_bucket_3__region_68.100-70.100.mp3,False,
colluricincla harmonica,project_echo_bucket_2__region_40.900-42.500.mp3,False,
colluricincla harmonica,project_echo_bucket_2__region_655.750-657.600.mp3,False,
colluricincla harmonica,project_echo_bucket_2__region_11.100-13.100.mp3,False,
colluricincla harmonica,project_echo_bucket_2__region_24.600-26.600.mp3,False,
colluricincla harmonica,project_echo_bucket_2__region_3.050-4.900.mp3,False,
colluricincla harmonica,project_echo_bucket_2__region_291.300-293.300.mp3,False,
colluricincla harmonica,project_echo_bucket_3__region_103.450-105.450.mp3,False,
colluricincla harmonica,project_echo_bucket_3__region_441.900-443.900.mp3,False,
colluricincla harmonica,project_echo_bucket_3__region_69.600-71.600.mp3,False,
colluricincla harmonica,project_echo_bucket_3__region_6.050-7.850.mp3,False,
colluricincla harmonica,project_echo_bucket_2__region_294.000-296.000.mp3,False,
colluricincla harmonica,project_echo_bucket_3__region_451.900-453.900.mp3,False,
colluricincla harmonica,project_echo_bucket_2__region_24.100-26.100.mp3,False,
colluricincla harmonica,project_echo_bucket_3__region_37.650-39.451.mp3,False,
colluricincla harmonica,project_echo_bucket_2__region_208.400-209.950.mp3,False,
colluricincla harmonica,project_echo_bucket_3__region_27.400-29.400.mp3,False,
colluricincla harmonica,project_echo_bucket_3__region_58.900-60.450.mp3,False,
colluricincla harmonica,project_echo_bucket_2__region_34.900-36.900.mp3,False,
colluricincla harmonica,project_echo_bucket_3__region_40.200-42.200.mp3,False,
colluricincla harmonica,project_echo_bucket_3__region_674.450-675.650.mp3,False,
colluricincla harmonica,project_echo_bucket_3__region_158.150-159.850.mp3,False,
colluricincla harmonica,project_echo_bucket_3__region_0.200-2.100.mp3,False,
colluricincla harmonica,project_echo_bucket_3__region_48.000-50.000.mp3,False,
colluricincla harmonica,project_echo_bucket_2__region_144.000-146.000.mp3,False,
colluricincla harmonica,project_echo_bucket_2__region_39.100-40.400.mp3,False,
colluricincla harmonica,project_echo_bucket_2__region_35.350-37.350.mp3,False,
colluricincla harmonica,project_echo_bucket_2__region_6.050-8.050.mp3,False,
colluricincla harmonica,project_echo_bucket_3__region_481.900-483.900.mp3,False,
colluricincla harmonica,project_echo_bucket_3__region_66.750-68.750.mp3,False,
colluricincla harmonica,project_echo_bucket_3__region_256.000-258.000.mp3,False,
colluricincla harmonica,project_echo_bucket_3__region_48.900-50.700.mp3,False,
colluricincla harmonica,project_echo_bucket_2__region_20.700-21.950.mp3,False,
colluricincla harmonica,project_echo_bucket_3__region_1.350-2.600.mp3,False,
colluricincla harmonica,project_echo_bucket_2__region_19.050-20.750.mp3,False,
colluricincla harmonica,project_echo_bucket_2__region_3.900-5.450.mp3,False,
colluricincla harmonica,project_echo_bucket_2__region_49.100-50.900.mp3,False,
colluricincla harmonica,project_echo_bucket_3__region_1.750-3.300.mp3,False,
colluricincla harmonica,project_echo_bucket_2__region_169.450-171.450.mp3,False,
colluricincla harmonica,project_echo_bucket_3__region_60.550-62.000.mp3,False,
colluricincla harmonica,project_echo_bucket_2__region_7.600-8.800.mp3,False,
colluricincla harmonica,project_echo_bucket_3__region_19.050-20.750.mp3,False,
colluricincla harmonica,project_echo_bucket_3__region_12.000-14.000.mp3,False,
phylidonyris niger,project_echo_bucket_3__region_50.950-52.450.mp3,False,
phylidonyris niger,project_echo_bucket_3__region_534.400-535.500.mp3,False,
phylidonyris niger,project_echo_bucket_2__region_389.000-390.500.mp3,False,
phylidonyris niger,project_echo_bucket_3__region_17.700-19.050.mp3,False,
phylidonyris niger,project_echo_bucket_3__region_261.700-263.700.mp3,False,
phylidonyris niger,project_echo_bucket_2__region_533.050-534.150.mp3,False,
phylidonyris niger,project_echo_bucket_3__region_51.700-53.700.mp3,False,
phylidonyris niger,project_echo_bucket_2__region_16.150-17.750.mp3,False,
phylidonyris niger,project_echo_bucket_2__region_31.700-33.700.mp3,False,
phylidonyris niger,project_echo_bucket_2__region_192.500-193.750.mp3,False,
phylidonyris niger,project_echo_bucket_3__region_46.500-47.650.mp3,False,
phylidonyris niger,project_echo_bucket_3__region_445.100-447.000.mp3,False,
phylidonyris niger,project_echo_bucket_2__region_673.400-675.000.mp3,False,
phylidonyris niger,project_echo_bucket_2__region_83.700-85.700.mp3,False,
phylidonyris niger,project_echo_bucket_3__region_709.500-711.500.mp3,False,
phylidonyris niger,project_echo_bucket_3__region_252.400-254.400.mp3,False,
phylidonyris niger,project_echo_bucket_3__region_296.000-298.000.mp3,False,
phylidonyris niger,project_echo_bucket_2__region_147.850-149.850.mp3,False,
phylidonyris niger,project_echo_bucket_3__region_83.750-85.750.mp3,False,
phylidonyris niger,project_echo_bucket_2__region_442.000-444.000.mp3,False,
phylidonyris niger,project_echo_bucket_3__region_214.000-216.000.mp3,False,
phylidonyris niger,project_echo_bucket_3__region_59.400-61.150.mp3,False,
phylidonyris niger,project_echo_bucket_3__region_12.450-13.950.mp3,False,
phylidonyris niger,project_echo_bucket_3__region_404.650-406.250.mp3,False,
phylidonyris niger,project_echo_bucket_2__region_264.400-265.900.mp3,False,
phylidonyris niger,project_echo_bucket_3__region_204.350-206.100.mp3,False,
phylidonyris niger,project_echo_bucket_2__region_16.000-18.000.mp3,False,
phylidonyris niger,project_echo_bucket_2__region_51.700-53.700.mp3,False,
phylidonyris niger,project_echo_bucket_3__region_349.850-351.850.mp3,False,
phylidonyris niger,project_echo_bucket_2__region_368.000-370.000.mp3,False,
phylidonyris niger,project_echo_bucket_3__region_291.200-292.500.mp3,False,
phylidonyris niger,project_echo_bucket_2__region_59.750-61.750.mp3,False,
phylidonyris niger,project_echo_bucket_2__region_298.000-300.000.mp3,False,
phylidonyris niger,project_echo_bucket_3__region_404.900-406.750.mp3,False,
phylidonyris niger,project_echo_bucket_3__region_150.400-152.400.mp3,False,
phylidonyris niger,project_echo_bucket_2__region_23.700-25.700.mp3,False,
phylidonyris niger,project_echo_bucket_2__region_443.250-445.250.mp3,False,
phylidonyris niger,project_echo_bucket_2__region_499.800-501.800.mp3,False,
phylidonyris niger,project_echo_bucket_2__region_155.300-157.300.mp3,False,
phylidonyris niger,project_echo_bucket_2__region_21.350-23.350.mp3,False,
phylidonyris niger,project_echo_bucket_3__region_237.000-238.300.mp3,False,
phylidonyris niger,project_echo_bucket_3__region_476.000-478.000.mp3,False,
phylidonyris niger,project_echo_bucket_2__region_156.550-158.550.mp3,False,
phylidonyris niger,project_echo_bucket_3__region_120.000-122.000.mp3,False,
phylidonyris niger,project_echo_bucket_3__region_248.000-250.000.mp3,False,
phylidonyris niger,project_echo_bucket_2__region_62.000-64.000.mp3,False,
phylidonyris niger,project_echo_bucket_3__region_152.450-154.450.mp3,False,
phylidonyris niger,project_echo_bucket_2__region_45.550-47.550.mp3,False,
phylidonyris niger,project_echo_bucket_3__region_27.700-29.700.mp3,False,
phylidonyris niger,project_echo_bucket_2__region_474.250-476.150.mp3,False,
phylidonyris niger,project_echo_bucket_3__region_144.900-146.900.mp3,False,
phylidonyris niger,project_echo_bucket_3__region_281.100-282.950.mp3,False,
phylidonyris niger,project_echo_bucket_2__region_750.300-752.300.mp3,False,
phylidonyris niger,project_echo_bucket_2__region_68.000-70.000.mp3,False,
phylidonyris niger,project_echo_bucket_3__region_664.300-666.300.mp3,False,
phylidonyris niger,project_echo_bucket_2__region_296.800-298.800.mp3,False,
phylidonyris niger,project_echo_bucket_2__region_551.750-552.950.mp3,False,
phylidonyris niger,project_echo_bucket_2__region_800.350-801.700.mp3,False,
phylidonyris niger,project_echo_bucket_3__region_319.150-320.950.mp3,False,
phylidonyris niger,project_echo_bucket_3__region_512.550-514.550.mp3,False,
phylidonyris niger,project_echo_bucket_3__region_194.350-196.350.mp3,False,
phylidonyris niger,project_echo_bucket_2__region_33.700-35.700.mp3,False,
phylidonyris niger,project_echo_bucket_3__region_224.050-226.050.mp3,False,
phylidonyris niger,project_echo_bucket_2__region_194.200-195.700.mp3,False,
phylidonyris niger,project_echo_bucket_2__region_20.850-22.100.mp3,False,
phylidonyris niger,project_echo_bucket_2__region_461.450-462.700.mp3,False,
phylidonyris niger,project_echo_bucket_2__region_855.550-857.150.mp3,False,
phylidonyris niger,project_echo_bucket_2__region_219.900-221.100.mp3,False,
phylidonyris niger,project_echo_bucket_3__region_138.000-140.000.mp3,False,
phylidonyris niger,project_echo_bucket_2__region_52.900-54.300.mp3,False,
phylidonyris niger,project_echo_bucket_3__region_464.900-466.900.mp3,False,
phylidonyris niger,project_echo_bucket_2__region_75.100-77.100.mp3,False,
phylidonyris niger,project_echo_bucket_3__region_27.650-29.100.mp3,False,
phylidonyris niger,project_echo_bucket_2__region_44.000-46.000.mp3,False,
phylidonyris niger,project_echo_bucket_2__region_384.950-386.350.mp3,False,
phylidonyris niger,project_echo_bucket_3__region_227.650-228.850.mp3,False,
phylidonyris niger,project_echo_bucket_2__region_27.650-29.100.mp3,False,
phylidonyris niger,project_echo_bucket_2__region_387.900-389.150.mp3,False,
phylidonyris niger,project_echo_bucket_3__region_35.700-37.700.mp3,False,
phylidonyris niger,project_echo_bucket_3__region_31.800-33.350.mp3,False,
phylidonyris niger,project_echo_bucket_3__region_250.000-252.000.mp3,False,
phylidonyris niger,project_echo_bucket_3__region_807.150-808.950.mp3,False,
phylidonyris niger,project_echo_bucket_3__region_386.000-388.000.mp3,False,
phylidonyris niger,project_echo_bucket_3__region_770.050-771.600.mp3,False,
phylidonyris niger,project_echo_bucket_3__region_183.700-185.700.mp3,False,
phylidonyris niger,project_echo_bucket_3__region_292.000-294.000.mp3,False,
phylidonyris niger,project_echo_bucket_3__region_630.000-631.500.mp3,False,
phylidonyris niger,project_echo_bucket_2__region_181.200-183.200.mp3,False,
phylidonyris niger,project_echo_bucket_2__region_583.400-585.400.mp3,False,
phylidonyris niger,project_echo_bucket_3__region_525.400-526.450.mp3,False,
phylidonyris niger,project_echo_bucket_3__region_376.000-378.000.mp3,False,
phylidonyris niger,project_echo_bucket_2__region_328.250-330.250.mp3,False,
phylidonyris niger,project_echo_bucket_2__region_257.150-258.900.mp3,False,
phylidonyris niger,project_echo_bucket_3__region_192.600-194.400.mp3,False,
phylidonyris niger,project_echo_bucket_2__region_151.300-153.300.mp3,False,
phylidonyris niger,project_echo_bucket_3__region_449.850-451.850.mp3,False,
phylidonyris niger,project_echo_bucket_3__region_680.150-681.650.mp3,False,
phylidonyris niger,project_echo_bucket_2__region_42.900-44.250.mp3,False,
phylidonyris niger,project_echo_bucket_3__region_155.250-157.250.mp3,False,
phylidonyris niger,project_echo_bucket_3__region_14.550-16.000.mp3,False,
phylidonyris niger,project_echo_bucket_2__region_18.000-20.000.mp3,False,
phylidonyris niger,project_echo_bucket_2__region_164.000-166.000.mp3,False,
phylidonyris niger,project_echo_bucket_2__region_420.000-422.000.mp3,False,
phylidonyris niger,project_echo_bucket_3__region_372.850-374.500.mp3,False,
phylidonyris niger,project_echo_bucket_2__region_58.000-60.000.mp3,False,
phylidonyris niger,project_echo_bucket_2__region_540.400-542.200.mp3,False,
phylidonyris niger,project_echo_bucket_2__region_655.800-657.800.mp3,False,
phylidonyris niger,project_echo_bucket_3__region_205.650-207.000.mp3,False,
phylidonyris niger,project_echo_bucket_2__region_29.750-31.350.mp3,False,
phylidonyris niger,project_echo_bucket_2__region_281.100-282.950.mp3,False,
phylidonyris niger,project_echo_bucket_2__region_204.350-206.100.mp3,False,
phylidonyris niger,project_echo_bucket_3__region_166.750-168.200.mp3,False,
phylidonyris niger,project_echo_bucket_2__region_180.000-182.000.mp3,False,
phylidonyris niger,project_echo_bucket_2__region_61.250-62.500.mp3,False,
phylidonyris niger,project_echo_bucket_3__region_107.700-109.700.mp3,False,
phylidonyris niger,project_echo_bucket_2__region_346.900-348.100.mp3,False,
phylidonyris niger,project_echo_bucket_2__region_476.000-478.000.mp3,False,
phylidonyris niger,project_echo_bucket_3__region_13.400-15.400.mp3,False,
phylidonyris niger,project_echo_bucket_3__region_77.700-79.700.mp3,False,
phylidonyris niger,project_echo_bucket_2__region_358.300-359.850.mp3,False,
phylidonyris niger,project_echo_bucket_3__region_73.550-75.550.mp3,False,
phylidonyris niger,project_echo_bucket_3__region_105.700-107.700.mp3,False,
phylidonyris niger,project_echo_bucket_2__region_194.250-195.600.mp3,False,
phylidonyris niger,project_echo_bucket_3__region_274.850-275.950.mp3,False,
phylidonyris niger,project_echo_bucket_3__region_127.600-129.600.mp3,False,
phylidonyris niger,project_echo_bucket_2__region_212.950-214.900.mp3,False,
phylidonyris niger,project_echo_bucket_2__region_606.550-608.550.mp3,False,
phylidonyris niger,project_echo_bucket_2__region_128.000-130.000.mp3,False,
phylidonyris niger,project_echo_bucket_2__region_131.300-133.300.mp3,False,
phylidonyris niger,project_echo_bucket_2__region_431.250-433.250.mp3,False,
phylidonyris niger,project_echo_bucket_2__region_45.700-47.700.mp3,False,
phylidonyris niger,project_echo_bucket_2__region_75.700-77.700.mp3,False,
phylidonyris niger,project_echo_bucket_3__region_431.250-433.250.mp3,False,
phylidonyris niger,project_echo_bucket_2__region_284.000-286.000.mp3,False,
phylidonyris niger,project_echo_bucket_3__region_72.000-74.000.mp3,False,
phylidonyris niger,project_echo_bucket_3__region_152.400-154.400.mp3,False,
phylidonyris niger,project_echo_bucket_2__region_449.850-451.850.mp3,False,
phylidonyris niger,project_echo_bucket_2__region_168.000-170.000.mp3,False,
phylidonyris niger,project_echo_bucket_2__region_227.650-228.850.mp3,False,
phylidonyris niger,project_echo_bucket_3__region_156.000-158.000.mp3,False,
phylidonyris niger,project_echo_bucket_2__region_505.750-507.750.mp3,False,
phylidonyris niger,project_echo_bucket_3__region_444.000-446.000.mp3,False,
phylidonyris niger,project_echo_bucket_3__region_55.700-57.700.mp3,False,
phylidonyris niger,project_echo_bucket_2__region_100.850-102.300.mp3,False,
phylidonyris niger,project_echo_bucket_3__region_231.000-232.850.mp3,False,
phylidonyris niger,project_echo_bucket_3__region_528.950-530.950.mp3,False,
phylidonyris niger,project_echo_bucket_3__region_66.000-68.000.mp3,False,
phylidonyris niger,project_echo_bucket_3__region_192.500-193.750.mp3,False,
phylidonyris niger,project_echo_bucket_2__region_262.450-264.450.mp3,False,
phylidonyris niger,project_echo_bucket_2__region_43.700-45.700.mp3,False,
rhipidura albiscapa,project_echo_bucket_2__region_2.050-4.050.mp3,False,
rhipidura albiscapa,project_echo_bucket_2__region_27.850-29.850.mp3,False,
rhipidura albiscapa,project_echo_bucket_2__region_62.500-64.500.mp3,False,
rhipidura albiscapa,project_echo_bucket_2__region_5.250-6.700.mp3,False,
rhipidura albiscapa,project_echo_bucket_2__region_114.000-116.000.mp3,False,
rhipidura albiscapa,project_echo_bucket_2__region_32.400-34.400.mp3,False,
rhipidura albiscapa,project_echo_bucket_2__region_4.250-6.250.mp3,False,
rhipidura albiscapa,project_echo_bucket_3__region_100.700-102.700.mp3,False,
rhipidura albiscapa,project_echo_bucket_2__region_19.850-21.450.mp3,False,
rhipidura albiscapa,project_echo_bucket_2__region_161.350-163.350.mp3,False,
rhipidura albiscapa,project_echo_bucket_2__region_6.000-8.000.mp3,False,
rhipidura albiscapa,project_echo_bucket_3__region_96.250-98.250.mp3,False,
rhipidura albiscapa,project_echo_bucket_2__region_18.000-20.000.mp3,False,
rhipidura albiscapa,project_echo_bucket_2__region_1.250-3.200.mp3,False,
rhipidura albiscapa,project_echo_bucket_3__region_32.100-34.100.mp3,False,
rhipidura albiscapa,project_echo_bucket_2__region_29.450-31.450.mp3,False,
rhipidura albiscapa,project_echo_bucket_2__region_1.200-3.200.mp3,False,
rhipidura albiscapa,project_echo_bucket_2__region_38.700-39.750.mp3,False,
rhipidura albiscapa,project_echo_bucket_3__region_66.250-68.250.mp3,False,
rhipidura albiscapa,project_echo_bucket_3__region_16.400-18.400.mp3,False,
rhipidura albiscapa,project_echo_bucket_3__region_0.150-2.150.mp3,False,
rhipidura albiscapa,project_echo_bucket_2__region_77.600-79.600.mp3,False,
rhipidura albiscapa,project_echo_bucket_3__region_2.100-4.100.mp3,False,
rhipidura albiscapa,project_echo_bucket_3__region_68.100-70.100.mp3,False,
rhipidura albiscapa,project_echo_bucket_3__region_73.000-74.400.mp3,False,
rhipidura albiscapa,project_echo_bucket_3__region_58.450-60.450.mp3,False,
rhipidura albiscapa,project_echo_bucket_2__region_10.200-12.200.mp3,False,
rhipidura albiscapa,project_echo_bucket_2__region_53.650-55.350.mp3,False,
rhipidura albiscapa,project_echo_bucket_3__region_10.200-12.200.mp3,False,
rhipidura albiscapa,project_echo_bucket_3__region_6.750-8.750.mp3,False,
rhipidura albiscapa,project_echo_bucket_2__region_1.300-2.700.mp3,False,
rhipidura albiscapa,project_echo_bucket_2__region_52.950-54.950.mp3,False,
rhipidura albiscapa,project_echo_bucket_3__region_23.700-25.700.mp3,False,
rhipidura albiscapa,project_echo_bucket_2__region_5.550-7.550.mp3,False,
rhipidura albiscapa,project_echo_bucket_3__region_6.300-8.300.mp3,False,
rhipidura albiscapa,project_echo_bucket_2__region_38.400-40.400.mp3,False,
rhipidura albiscapa,project_echo_bucket_2__region_0.750-2.750.mp3,False,
rhipidura albiscapa,project_echo_bucket_2__region_138.000-140.000.mp3,False,
rhipidura albiscapa,project_echo_bucket_3__region_5.800-7.800.mp3,False,
rhipidura albiscapa,project_echo_bucket_2__region_86.450-88.450.mp3,False,
rhipidura albiscapa,project_echo_bucket_1__region_2.150-3.300.wav,False,
rhipidura albiscapa,project_echo_bucket_3__region_53.700-55.700.mp3,False,
rhipidura albiscapa,project_echo_bucket_3__region_8.650-10.650.mp3,False,
rhipidura albiscapa,project_echo_bucket_3__region_108.350-110.350.mp3,False,
rhipidura albiscapa,project_echo_bucket_2__region_3.550-5.550.mp3,False,
rhipidura albiscapa,project_echo_bucket_2__region_21.750-23.000.mp3,False,
rhipidura albiscapa,project_echo_bucket_2__region_126.000-128.000.mp3,False,
rhipidura albiscapa,project_echo_bucket_3__region_42.400-44.400.mp3,False,
rhipidura albiscapa,project_echo_bucket_2__region_48.000-50.000.mp3,False,
rhipidura albiscapa,project_echo_bucket_2__region_56.100-58.100.mp3,False,
rhipidura albiscapa,project_echo_bucket_2__region_27.700-29.700.mp3,False,
rhipidura albiscapa,project_echo_bucket_3__region_14.000-16.000.mp3,False,
rhipidura albiscapa,project_echo_bucket_2__region_22.300-24.300.mp3,False,
rhipidura albiscapa,project_echo_bucket_2__region_0.450-2.450.mp3,False,
rhipidura albiscapa,project_echo_bucket_3__region_24.450-26.450.mp3,False,
rhipidura albiscapa,project_echo_bucket_3__region_26.450-28.450.mp3,False,
rhipidura albiscapa,project_echo_bucket_3__region_120.900-122.700.mp3,False,
rhipidura albiscapa,project_echo_bucket_3__region_2.250-4.250.mp3,False,
rhipidura albiscapa,project_echo_bucket_3__region_32.800-34.800.mp3,False,
rhipidura albiscapa,project_echo_bucket_3__region_158.600-160.600.mp3,False,
rhipidura albiscapa,project_echo_bucket_2__region_10.800-12.800.mp3,False,
rhipidura albiscapa,project_echo_bucket_3__region_14.650-16.650.mp3,False,
rhipidura albiscapa,project_echo_bucket_3__region_33.850-35.850.mp3,False,
rhipidura albiscapa,project_echo_bucket_3__region_68.450-70.450.mp3,False,
rhipidura albiscapa,project_echo_bucket_3__region_78.800-80.800.mp3,False,
rhipidura albiscapa,project_echo_bucket_2__region_64.450-66.450.mp3,False,
rhipidura albiscapa,project_echo_bucket_3__region_38.100-40.100.mp3,False,
rhipidura albiscapa,project_echo_bucket_2__region_15.950-17.950.mp3,False,
rhipidura albiscapa,project_echo_bucket_2__region_24.500-25.750.mp3,False,
rhipidura albiscapa,project_echo_bucket_2__region_92.400-94.400.mp3,False,
rhipidura albiscapa,project_echo_bucket_2__region_33.900-35.900.mp3,False,
rhipidura albiscapa,project_echo_bucket_3__region_31.900-33.900.mp3,False,
rhipidura albiscapa,project_echo_bucket_3__region_61.450-63.450.mp3,False,
rhipidura albiscapa,project_echo_bucket_3__region_85.600-87.600.mp3,False,
rhipidura albiscapa,project_echo_bucket_3__region_56.050-58.050.mp3,False,
rhipidura albiscapa,project_echo_bucket_3__region_33.900-35.900.mp3,False,
rhipidura albiscapa,project_echo_bucket_2__region_23.450-25.450.mp3,False,
rhipidura albiscapa,project_echo_bucket_3__region_138.000-140.000.mp3,False,
rhipidura albiscapa,project_echo_bucket_2__region_17.900-19.900.mp3,False,
rhipidura albiscapa,project_echo_bucket_2__region_110.200-112.200.mp3,False,
rhipidura albiscapa,project_echo_bucket_2__region_100.400-102.400.mp3,False,
rhipidura albiscapa,project_echo_bucket_2__region_65.850-67.850.mp3,False,
rhipidura albiscapa,project_echo_bucket_3__region_21.750-23.750.mp3,False,
rhipidura albiscapa,project_echo_bucket_3__region_8.500-10.500.mp3,False,
rhipidura albiscapa,project_echo_bucket_3__region_114.000-116.000.mp3,False,
rhipidura albiscapa,project_echo_bucket_3__region_25.500-27.500.mp3,False,
rhipidura albiscapa,project_echo_bucket_3__region_26.000-28.000.mp3,False,
rhipidura albiscapa,project_echo_bucket_2__region_40.900-42.900.mp3,False,
rhipidura albiscapa,project_echo_bucket_3__region_78.750-80.750.mp3,False,
rhipidura albiscapa,project_echo_bucket_2__region_3.050-5.050.mp3,False,
rhipidura albiscapa,project_echo_bucket_3__region_2.900-4.400.mp3,False,
rhipidura albiscapa,project_echo_bucket_3__region_34.800-36.800.mp3,False,
rhipidura albiscapa,project_echo_bucket_3__region_46.400-48.400.mp3,False,
rhipidura albiscapa,project_echo_bucket_2__region_78.200-80.200.mp3,False,
rhipidura albiscapa,project_echo_bucket_2__region_2.700-4.700.mp3,False,
rhipidura albiscapa,project_echo_bucket_3__region_2.150-4.000.mp3,False,
rhipidura albiscapa,project_echo_bucket_3__region_75.600-77.600.mp3,False,
rhipidura albiscapa,project_echo_bucket_3__region_96.000-98.000.mp3,False,
rhipidura albiscapa,project_echo_bucket_2__region_102.700-104.700.mp3,False,
rhipidura albiscapa,project_echo_bucket_3__region_14.100-16.100.mp3,False,
rhipidura albiscapa,project_echo_bucket_3__region_5.300-7.250.mp3,False,
rhipidura albiscapa,project_echo_bucket_3__region_33.300-35.000.mp3,False,
rhipidura albiscapa,project_echo_bucket_2__region_35.850-37.850.mp3,False,
rhipidura albiscapa,project_echo_bucket_2__region_81.600-83.600.mp3,False,
rhipidura albiscapa,project_echo_bucket_2__region_75.800-77.150.mp3,False,
rhipidura albiscapa,project_echo_bucket_2__region_61.450-63.450.mp3,False,
rhipidura albiscapa,project_echo_bucket_2__region_29.700-31.700.mp3,False,
rhipidura albiscapa,project_echo_bucket_3__region_5.700-7.700.mp3,False,
rhipidura albiscapa,project_echo_bucket_3__region_63.850-65.850.mp3,False,
rhipidura albiscapa,project_echo_bucket_2__region_102.400-104.400.mp3,False,
rhipidura albiscapa,project_echo_bucket_2__region_0.350-2.100.mp3,False,
rhipidura albiscapa,project_echo_bucket_3__region_0.100-2.100.mp3,False,
rhipidura albiscapa,project_echo_bucket_2__region_36.100-38.100.mp3,False,
rhipidura albiscapa,project_echo_bucket_2__region_54.350-55.850.mp3,False,
rhipidura albiscapa,project_echo_bucket_3__region_25.850-27.850.mp3,False,
rhipidura albiscapa,project_echo_bucket_2__region_6.750-8.750.mp3,False,
rhipidura albiscapa,project_echo_bucket_3__region_134.200-136.200.mp3,False,
rhipidura albiscapa,project_echo_bucket_3__region_62.400-64.400.mp3,False,
rhipidura albiscapa,project_echo_bucket_2__region_16.850-18.850.mp3,False,
rhipidura albiscapa,project_echo_bucket_2__region_110.000-112.000.mp3,False,
rhipidura albiscapa,project_echo_bucket_3__region_47.550-49.550.mp3,False,
rhipidura albiscapa,project_echo_bucket_3__region_64.850-66.850.mp3,False,
rhipidura albiscapa,project_echo_bucket_3__region_38.450-40.450.mp3,False,
rhipidura albiscapa,project_echo_bucket_2__region_12.650-14.550.mp3,False,
rhipidura albiscapa,project_echo_bucket_2__region_90.250-92.250.mp3,False,
rhipidura albiscapa,project_echo_bucket_2__region_100.700-102.700.mp3,False,
rhipidura albiscapa,project_echo_bucket_2__region_118.200-120.200.mp3,False,
rhipidura albiscapa,project_echo_bucket_2__region_2.100-4.100.mp3,False,
rhipidura albiscapa,project_echo_bucket_2__region_15.750-17.750.mp3,False,
rhipidura albiscapa,project_echo_bucket_3__region_26.050-28.050.mp3,False,
rhipidura albiscapa,project_echo_bucket_3__region_20.800-22.400.mp3,False,
rhipidura albiscapa,project_echo_bucket_3__region_87.700-89.700.mp3,False,
rhipidura albiscapa,project_echo_bucket_2__region_72.000-74.000.mp3,False,
rhipidura albiscapa,project_echo_bucket_3__region_71.000-73.000.mp3,False,
rhipidura albiscapa,project_echo_bucket_3__region_0.000-2.000.mp3,False,
rhipidura albiscapa,project_echo_bucket_3__region_8.150-9.500.mp3,False,
rhipidura albiscapa,project_echo_bucket_2__region_93.700-95.700.mp3,False,
rhipidura albiscapa,project_echo_bucket_3__region_22.300-24.300.mp3,False,
rhipidura albiscapa,project_echo_bucket_2__region_46.400-48.400.mp3,False,
rhipidura albiscapa,project_echo_bucket_3__region_66.450-68.450.mp3,False,
rhipidura albiscapa,project_echo_bucket_2__region_74.400-76.400.mp3,False,
rhipidura albiscapa,project_echo_bucket_2__region_32.100-34.100.mp3,False,
rhipidura albiscapa,project_echo_bucket_3__region_10.950-12.300.mp3,False,
rhipidura albiscapa,project_echo_bucket_2__region_119.650-121.650.mp3,False,
rhipidura albiscapa,project_echo_bucket_2__region_76.800-78.800.mp3,False,
rhipidura albiscapa,project_echo_bucket_2__region_3.250-5.250.mp3,False,
rhipidura albiscapa,project_echo_bucket_3__region_72.000-74.000.mp3,False,
rhipidura albiscapa,project_echo_bucket_2__region_128.200-130.200.mp3,False,
rhipidura albiscapa,project_echo_bucket_2__region_122.200-124.200.mp3,False,
rhipidura albiscapa,project_echo_bucket_2__region_47.250-49.250.mp3,False,
horornis diphone,project_echo_birdclef__XC581688_seg3.wav,False,
horornis diphone,project_echo_birdclef__XC122542_seg24.wav,False,
horornis diphone,project_echo_birdclef__XC581688_seg12.wav,False,
horornis diphone,project_echo_birdclef__XC122542_seg17.wav,False,
horornis diphone,project_echo_birdclef__XC284642_seg26.wav,False,
horornis diphone,project_echo_birdclef__XC581688_seg13.wav,False,
horornis diphone,project_echo_birdclef__XC423734.ogg,False,
horornis diphone,project_echo_birdclef__XC284642_seg8.wav,False,
horornis diphone,project_echo_birdclef__XC479567_seg24.wav,False,
horornis diphone,project_echo_birdclef__XC465651.ogg,False,
horornis diphone,project_echo_birdclef__XC191194_seg50.wav,False,
horornis diphone,project_echo_birdclef__XC450670_seg11.wav,False,
horornis diphone,project_echo_birdclef__XC284642_seg54.wav,False,
horornis diphone,project_echo_birdclef__XC191194_seg26.wav,False,
horornis diphone,project_echo_birdclef__XC450670_seg31.wav,False,
horornis diphone,project_echo_birdclef__XC191194_seg21.wav,False,
horornis diphone,project_echo_birdclef__XC284642_seg17.wav,False,
horornis diphone,project_echo_birdclef__XC450670_seg32.wav,False,
horornis diphone,project_echo_birdclef__XC581688_seg6.wav,False,
horornis diphone,project_echo_birdclef__XC207416.ogg,False,
horornis diphone,project_echo_birdclef__XC284642_seg41.wav,False,
horornis diphone,project_echo_birdclef__XC450670_seg49.wav,False,
horornis diphone,project_echo_birdclef__XC581688_seg9.wav,False,
horornis diphone,project_echo_birdclef__XC122542_seg11.wav,False,
horornis diphone,project_echo_birdclef__XC284642_seg48.wav,False,
horornis diphone,project_echo_birdclef__XC122542_seg9.wav,False,
horornis diphone,project_echo_birdclef__XC284642_seg28.wav,False,
horornis diphone,project_echo_birdclef__XC479567_seg4.wav,False,
horornis diphone,project_echo_birdclef__XC450670_seg4.wav,False,
horornis diphone,project_echo_birdclef__XC450670_seg46.wav,False,
horornis diphone,project_echo_birdclef__XC450670_seg3.wav,False,
horornis diphone,project_echo_birdclef__XC581688_seg28.wav,False,
horornis diphone,project_echo_birdclef__XC191194_seg59.wav,False,
horornis diphone,project_echo_birdclef__XC536947.ogg,False,
horornis diphone,project_echo_birdclef__XC581688_seg26.wav,False,
horornis diphone,project_echo_birdclef__XC191194_seg23.wav,False,
horornis diphone,project_echo_birdclef__XC450670_seg17.wav,False,
horornis diphone,project_echo_birdclef__XC284642_seg46.wav,False,
horornis diphone,project_echo_birdclef__XC191194_seg19.wav,False,
horornis diphone,project_echo_birdclef__XC144404.ogg,False,
horornis diphone,project_echo_birdclef__XC581688_seg30.wav,False,
horornis diphone,project_echo_birdclef__XC581688_seg37.wav,False,
horornis diphone,project_echo_birdclef__XC581688_seg36.wav,False,
horornis diphone,project_echo_birdclef__XC191194_seg4.wav,False,
horornis diphone,project_echo_birdclef__XC122542_seg21.wav,False,
horornis diphone,project_echo_birdclef__XC450670_seg50.wav,False,
horornis diphone,project_echo_birdclef__XC450670_seg25.wav,False,
horornis diphone,project_echo_birdclef__XC198564.ogg,False,
horornis diphone,project_echo_birdclef__XC122542_seg39.wav,False,
horornis diphone,project_echo_birdclef__XC191194_seg7.wav,False,
horornis diphone,project_echo_birdclef__XC450670_seg30.wav,False,
horornis diphone,project_echo_birdclef__XC450670_seg6.wav,False,
horornis diphone,project_echo_birdclef__XC191194_seg15.wav,False,
horornis diphone,project_echo_birdclef__XC122542_seg33.wav,False,
horornis diphone,project_echo_birdclef__XC122542_seg13.wav,False,
horornis diphone,project_echo_birdclef__XC191194_seg57.wav,False,
horornis diphone,project_echo_birdclef__XC122542_seg15.wav,False,
horornis diphone,project_echo_birdclef__XC122542_seg20.wav,False,
horornis diphone,project_echo_birdclef__XC122542_seg22.wav,False,
horornis diphone,project_echo_birdclef__XC284642_seg42.wav,False,
horornis diphone,project_echo_birdclef__XC191194_seg6.wav,False,
horornis diphone,project_echo_birdclef__XC284642_seg0.wav,False,
horornis diphone,project_echo_birdclef__XC450670_seg1.wav,False,
horornis diphone,project_echo_birdclef__XC581688_seg38.wav,False,
horornis diphone,project_echo_birdclef__XC450670_seg47.wav,False,
horornis diphone,project_echo_birdclef__XC605316.ogg,False,
horornis diphone,project_echo_birdclef__XC191194_seg18.wav,False,
horornis diphone,project_echo_birdclef__XC450670_seg41.wav,False,
horornis diphone,project_echo_birdclef__XC236038.ogg,False,
horornis diphone,project_echo_birdclef__XC581688_seg35.wav,False,
horornis diphone,project_echo_birdclef__XC284642_seg10.wav,False,
horornis diphone,project_echo_birdclef__XC284642_seg52.wav,False,
horornis diphone,project_echo_birdclef__XC191194_seg39.wav,False,
horornis diphone,project_echo_birdclef__XC479567_seg2.wav,False,
horornis diphone,project_echo_birdclef__XC122542_seg42.wav,False,
horornis diphone,project_echo_birdclef__XC122542_seg18.wav,False,
horornis diphone,project_echo_birdclef__XC122542_seg7.wav,False,
horornis diphone,project_echo_birdclef__XC450670_seg5.wav,False,
horornis diphone,project_echo_birdclef__XC450670_seg29.wav,False,
horornis diphone,project_echo_birdclef__XC284642_seg63.wav,False,
horornis diphone,project_echo_birdclef__XC450670_seg36.wav,False,
horornis diphone,project_echo_birdclef__XC309570.ogg,False,
horornis diphone,project_echo_birdclef__XC660617.ogg,False,
horornis diphone,project_echo_birdclef__XC191194_seg41.wav,False,
horornis diphone,project_echo_birdclef__XC581688_seg14.wav,False,
horornis diphone,project_echo_birdclef__XC581688_seg24.wav,False,
horornis diphone,project_echo_birdclef__XC581688_seg18.wav,False,
horornis diphone,project_echo_birdclef__XC191194_seg43.wav,False,
horornis diphone,project_echo_birdclef__XC284642_seg29.wav,False,
horornis diphone,project_echo_birdclef__XC284642_seg13.wav,False,
horornis diphone,project_echo_birdclef__XC284642_seg38.wav,False,
horornis diphone,project_echo_birdclef__XC122542_seg6.wav,False,
horornis diphone,project_echo_birdclef__XC463789.ogg,False,
horornis diphone,project_echo_birdclef__XC191194_seg2.wav,False,
horornis diphone,project_echo_birdclef__XC191194_seg25.wav,False,
horornis diphone,project_echo_birdclef__XC450670_seg21.wav,False,
horornis diphone,project_echo_birdclef__XC576627.ogg,False,
horornis diphone,project_echo_birdclef__XC581688_seg25.wav,False,
horornis diphone,project_echo_birdclef__XC190437.ogg,False,
horornis diphone,project_echo_birdclef__XC284642_seg37.wav,False,
horornis diphone,project_echo_birdclef__XC191194_seg53.wav,False,
horornis diphone,project_echo_birdclef__XC581688_seg15.wav,False,
horornis diphone,project_echo_birdclef__XC122542_seg3.wav,False,
horornis diphone,project_echo_birdclef__XC581688_seg17.wav,False,
horornis diphone,project_echo_birdclef__XC122542_seg19.wav,False,
horornis diphone,project_echo_birdclef__XC122542_seg28.wav,False,
horornis diphone,project_echo_birdclef__XC479567_seg12.wav,False,
horornis diphone,project_echo_birdclef__XC27362.ogg,False,
horornis diphone,project_echo_birdclef__XC450667.ogg,False,
horornis diphone,project_echo_birdclef__XC284642_seg57.wav,False,
horornis diphone,project_echo_birdclef__XC284642_seg19.wav,False,
horornis diphone,project_echo_birdclef__XC122542_seg12.wav,False,
horornis diphone,project_echo_birdclef__XC329773.ogg,False,
horornis diphone,project_echo_birdclef__XC41396.ogg,False,
horornis diphone,project_echo_birdclef__XC284642_seg45.wav,False,
horornis diphone,project_echo_birdclef__XC122542_seg23.wav,False,
horornis diphone,project_echo_birdclef__XC450670_seg44.wav,False,
horornis diphone,project_echo_birdclef__XC581688_seg10.wav,False,
horornis diphone,project_echo_birdclef__XC385192.ogg,False,
horornis diphone,project_echo_birdclef__XC191194_seg58.wav,False,
horornis diphone,project_echo_birdclef__XC581688_seg27.wav,False,
horornis diphone,project_echo_birdclef__XC191194_seg35.wav,False,
horornis diphone,project_echo_birdclef__XC581688_seg29.wav,False,
horornis diphone,project_echo_birdclef__XC536945.ogg,False,
horornis diphone,project_echo_birdclef__XC191194_seg11.wav,False,
horornis diphone,project_echo_birdclef__XC284642_seg49.wav,False,
horornis diphone,project_echo_birdclef__XC581688_seg39.wav,False,
horornis diphone,project_echo_birdclef__XC479567_seg15.wav,False,
horornis diphone,project_echo_birdclef__XC450670_seg14.wav,False,
horornis diphone,project_echo_birdclef__XC122542_seg27.wav,False,
horornis diphone,project_echo_birdclef__XC284642_seg14.wav,False,
horornis diphone,project_echo_birdclef__XC479567_seg7.wav,False,
horornis diphone,project_echo_birdclef__XC479567_seg3.wav,False,
horornis diphone,project_echo_birdclef__XC122542_seg37.wav,False,
horornis diphone,project_echo_birdclef__XC191194_seg34.wav,False,
horornis diphone,project_echo_birdclef__XC191194_seg22.wav,False,
horornis diphone,project_echo_birdclef__XC122542_seg2.wav,False,
horornis diphone,project_echo_birdclef__XC122542_seg16.wav,False,
horornis diphone,project_echo_birdclef__XC419699.ogg,False,
horornis diphone,project_echo_birdclef__XC190400.ogg,False,
horornis diphone,project_echo_birdclef__XC284642_seg34.wav,False,
horornis diphone,project_echo_birdclef__XC450670_seg7.wav,False,
horornis diphone,project_echo_birdclef__XC479567_seg20.wav,False,
horornis diphone,project_echo_birdclef__XC450670_seg19.wav,False,
horornis diphone,project_echo_birdclef__XC450670_seg26.wav,False,
horornis diphone,project_echo_birdclef__XC284642_seg32.wav,False,
horornis diphone,project_echo_birdclef__XC581688_seg1.wav,False,
horornis diphone,project_echo_birdclef__XC479567_seg9.wav,False,
horornis diphone,project_echo_birdclef__XC191194_seg48.wav,False,
horornis diphone,project_echo_birdclef__XC284642_seg51.wav,False,
asio flammeus,project_echo_birdclef__XC522575.ogg,False,
asio flammeus,project_echo_birdclef__XC344157_seg44.wav,False,
asio flammeus,project_echo_birdclef__XC266974_seg59.wav,False,
asio flammeus,project_echo_birdclef__XC552106_seg49.wav,False,
asio flammeus,project_echo_birdclef__XC142830.ogg,False,
asio flammeus,project_echo_birdclef__XC266949_seg0.wav,False,
asio flammeus,project_echo_birdclef__XC266974_seg45.wav,False,
asio flammeus,project_echo_birdclef__XC552106_seg2.wav,False,
asio flammeus,project_echo_birdclef__XC266974_seg44.wav,False,
asio flammeus,project_echo_birdclef__XC552106_seg3.wav,False,
asio flammeus,project_echo_birdclef__XC266974_seg65.wav,False,
asio flammeus,project_echo_birdclef__XC545852.ogg,False,
asio flammeus,project_echo_birdclef__XC344157_seg9.wav,False,
asio flammeus,project_echo_birdclef__XC344157_seg1.wav,False,
asio flammeus,project_echo_birdclef__XC612420_seg28.wav,False,
asio flammeus,project_echo_birdclef__XC266974_seg12.wav,False,
asio flammeus,project_echo_birdclef__XC552106_seg19.wav,False,
asio flammeus,project_echo_birdclef__XC552106_seg7.wav,False,
asio flammeus,project_echo_birdclef__XC266974_seg71.wav,False,
asio flammeus,project_echo_birdclef__XC344157_seg10.wav,False,
asio flammeus,project_echo_birdclef__XC266974_seg9.wav,False,
asio flammeus,project_echo_birdclef__XC266949_seg23.wav,False,
asio flammeus,project_echo_birdclef__XC344157_seg8.wav,False,
asio flammeus,project_echo_birdclef__XC552106_seg44.wav,False,
asio flammeus,project_echo_birdclef__XC439199.ogg,False,
asio flammeus,project_echo_birdclef__XC266974_seg8.wav,False,
asio flammeus,project_echo_birdclef__XC266974_seg51.wav,False,
asio flammeus,project_echo_birdclef__XC266949_seg13.wav,False,
asio flammeus,project_echo_birdclef__XC344157_seg26.wav,False,
asio flammeus,project_echo_birdclef__XC344157_seg46.wav,False,
asio flammeus,project_echo_birdclef__XC266974_seg46.wav,False,
asio flammeus,project_echo_birdclef__XC612420_seg12.wav,False,
asio flammeus,project_echo_birdclef__XC246311.ogg,False,
asio flammeus,project_echo_birdclef__XC552106_seg37.wav,False,
asio flammeus,project_echo_birdclef__XC266974_seg26.wav,False,
asio flammeus,project_echo_birdclef__XC266949_seg30.wav,False,
asio flammeus,project_echo_birdclef__XC552106_seg1.wav,False,
asio flammeus,project_echo_birdclef__XC552106_seg8.wav,False,
asio flammeus,project_echo_birdclef__XC664628.ogg,False,
asio flammeus,project_echo_birdclef__XC266974_seg60.wav,False,
asio flammeus,project_echo_birdclef__XC519559.ogg,False,
asio flammeus,project_echo_birdclef__XC443556.ogg,False,
asio flammeus,project_echo_birdclef__XC552106_seg50.wav,False,
asio flammeus,project_echo_birdclef__XC552106_seg52.wav,False,
asio flammeus,project_echo_birdclef__XC552106_seg25.wav,False,
asio flammeus,project_echo_birdclef__XC666498.ogg,False,
asio flammeus,project_echo_birdclef__XC552106_seg0.wav,False,
asio flammeus,project_echo_birdclef__XC637495.ogg,False,
asio flammeus,project_echo_birdclef__XC266974_seg73.wav,False,
asio flammeus,project_echo_birdclef__XC612420_seg13.wav,False,
asio flammeus,project_echo_birdclef__XC552106_seg35.wav,False,
asio flammeus,project_echo_birdclef__XC266974_seg24.wav,False,
asio flammeus,project_echo_birdclef__XC552106_seg51.wav,False,
asio flammeus,project_echo_birdclef__XC322371.ogg,False,
asio flammeus,project_echo_birdclef__XC552106_seg30.wav,False,
asio flammeus,project_echo_birdclef__XC344157_seg22.wav,False,
asio flammeus,project_echo_birdclef__XC216041.ogg,False,
asio flammeus,project_echo_birdclef__XC266761.ogg,False,
asio flammeus,project_echo_birdclef__XC612420_seg1.wav,False,
asio flammeus,project_echo_birdclef__XC344157_seg13.wav,False,
asio flammeus,project_echo_birdclef__XC266974_seg52.wav,False,
asio flammeus,project_echo_birdclef__XC344157_seg41.wav,False,
asio flammeus,project_echo_birdclef__XC266974_seg69.wav,False,
asio flammeus,project_echo_birdclef__XC637496.ogg,False,
asio flammeus,project_echo_birdclef__XC552106_seg36.wav,False,
asio flammeus,project_echo_birdclef__XC266974_seg19.wav,False,
asio flammeus,project_echo_birdclef__XC370660.ogg,False,
asio flammeus,project_echo_birdclef__XC612420_seg8.wav,False,
asio flammeus,project_echo_birdclef__XC344157_seg5.wav,False,
asio flammeus,project_echo_birdclef__XC266974_seg50.wav,False,
asio flammeus,project_echo_birdclef__XC245945.ogg,False,
asio flammeus,project_echo_birdclef__XC571983.ogg,False,
asio flammeus,project_echo_birdclef__XC344157_seg33.wav,False,
asio flammeus,project_echo_birdclef__XC344157_seg47.wav,False,
asio flammeus,project_echo_birdclef__XC266949_seg28.wav,False,
asio flammeus,project_echo_birdclef__XC266949_seg19.wav,False,
asio flammeus,project_echo_birdclef__XC344157_seg4.wav,False,
asio flammeus,project_echo_birdclef__XC552106_seg31.wav,False,
asio flammeus,project_echo_birdclef__XC266949_seg36.wav,False,
asio flammeus,project_echo_birdclef__XC612420_seg14.wav,False,
asio flammeus,project_echo_birdclef__XC266974_seg62.wav,False,
asio flammeus,project_echo_birdclef__XC344157_seg29.wav,False,
asio flammeus,project_echo_birdclef__XC266974_seg57.wav,False,
asio flammeus,project_echo_birdclef__XC266974_seg72.wav,False,
asio flammeus,project_echo_birdclef__XC266974_seg41.wav,False,
asio flammeus,project_echo_birdclef__XC344157_seg19.wav,False,
asio flammeus,project_echo_birdclef__XC613522.ogg,False,
asio flammeus,project_echo_birdclef__XC266949_seg8.wav,False,
asio flammeus,project_echo_birdclef__XC552106_seg46.wav,False,
asio flammeus,project_echo_birdclef__XC612420_seg2.wav,False,
asio flammeus,project_echo_birdclef__XC266974_seg35.wav,False,
asio flammeus,project_echo_birdclef__XC612420_seg10.wav,False,
asio flammeus,project_echo_birdclef__XC552106_seg40.wav,False,
asio flammeus,project_echo_birdclef__XC48752.ogg,False,
asio flammeus,project_echo_birdclef__XC612420_seg24.wav,False,
asio flammeus,project_echo_birdclef__XC522576.ogg,False,
asio flammeus,project_echo_birdclef__XC295377.ogg,False,
asio flammeus,project_echo_birdclef__XC344157_seg40.wav,False,
asio flammeus,project_echo_birdclef__XC344157_seg6.wav,False,
asio flammeus,project_echo_birdclef__XC474682.ogg,False,
asio flammeus,project_echo_birdclef__XC216039.ogg,False,
asio flammeus,project_echo_birdclef__XC266974_seg53.wav,False,
asio flammeus,project_echo_birdclef__XC552106_seg29.wav,False,
asio flammeus,project_echo_birdclef__XC447426.ogg,False,
asio flammeus,project_echo_birdclef__XC266949_seg25.wav,False,
asio flammeus,project_echo_birdclef__XC571737.ogg,False,
asio flammeus,project_echo_birdclef__XC344157_seg43.wav,False,
asio flammeus,project_echo_birdclef__XC266974_seg18.wav,False,
asio flammeus,project_echo_birdclef__XC266949_seg41.wav,False,
asio flammeus,project_echo_birdclef__XC266949_seg1.wav,False,
asio flammeus,project_echo_birdclef__XC266953.ogg,False,
asio flammeus,project_echo_birdclef__XC344157_seg36.wav,False,
asio flammeus,project_echo_birdclef__XC612420_seg27.wav,False,
asio flammeus,project_echo_birdclef__XC552106_seg5.wav,False,
asio flammeus,project_echo_birdclef__XC612420_seg29.wav,False,
asio flammeus,project_echo_birdclef__XC344157_seg16.wav,False,
asio flammeus,project_echo_birdclef__XC344157_seg0.wav,False,
asio flammeus,project_echo_birdclef__XC266949_seg5.wav,False,
asio flammeus,project_echo_birdclef__XC168745.ogg,False,
asio flammeus,project_echo_birdclef__XC266974_seg16.wav,False,
asio flammeus,project_echo_birdclef__XC365412.ogg,False,
asio flammeus,project_echo_birdclef__XC266949_seg32.wav,False,
asio flammeus,project_echo_birdclef__XC266974_seg43.wav,False,
asio flammeus,project_echo_birdclef__XC344157_seg15.wav,False,
asio flammeus,project_echo_birdclef__XC612287.ogg,False,
asio flammeus,project_echo_birdclef__XC266974_seg38.wav,False,
asio flammeus,project_echo_birdclef__XC552106_seg21.wav,False,
asio flammeus,project_echo_birdclef__XC552106_seg22.wav,False,
asio flammeus,project_echo_birdclef__XC666503.ogg,False,
asio flammeus,project_echo_birdclef__XC266949_seg33.wav,False,
asio flammeus,project_echo_birdclef__XC344157_seg48.wav,False,
asio flammeus,project_echo_birdclef__XC552106_seg34.wav,False,
asio flammeus,project_echo_birdclef__XC266974_seg14.wav,False,
asio flammeus,project_echo_birdclef__XC658728.ogg,False,
asio flammeus,project_echo_birdclef__XC216042.ogg,False,
asio flammeus,project_echo_birdclef__XC266955.ogg,False,
asio flammeus,project_echo_birdclef__XC266949_seg39.wav,False,
asio flammeus,project_echo_birdclef__XC413537.ogg,False,
asio flammeus,project_echo_birdclef__XC266974_seg4.wav,False,
asio flammeus,project_echo_birdclef__XC266949_seg22.wav,False,
asio flammeus,project_echo_birdclef__XC552106_seg26.wav,False,
asio flammeus,project_echo_birdclef__XC266949_seg31.wav,False,
asio flammeus,project_echo_birdclef__XC266974_seg64.wav,False,
asio flammeus,project_echo_birdclef__XC612420_seg15.wav,False,
asio flammeus,project_echo_birdclef__XC612420_seg3.wav,False,
asio flammeus,project_echo_birdclef__XC612420_seg17.wav,False,
asio flammeus,project_echo_birdclef__XC266949_seg3.wav,False,
asio flammeus,project_echo_birdclef__XC344157_seg27.wav,False,
asio flammeus,project_echo_birdclef__XC344157_seg38.wav,False,
asio flammeus,project_echo_birdclef__XC266974_seg32.wav,False,
dasyurus maculatus,project_echo_bucket_3__Tiger_Quoll (68).wav,False,
dasyurus maculatus,project_echo_bucket_3__Tiger_Quoll (131).wav,False,
dasyurus maculatus,project_echo_bucket_3__Tiger_Quoll (100).wav,False,
dasyurus maculatus,project_echo_bucket_3__Tiger_Quoll (106).wav,False,
dasyurus maculatus,project_echo_bucket_2__Tiger_Quoll (250).mp3,False,
dasyurus maculatus,project_echo_bucket_3__Tiger_Quoll (211).wav,False,
dasyurus maculatus,project_echo_bucket_2__Tiger_Quoll (248).mp3,False,
dasyurus maculatus,project_echo_bucket_2__Tiger_Quoll (260).mp3,False,
dasyurus maculatus,project_echo_bucket_3__Tiger_Quoll (66).wav,False,
dasyurus maculatus,project_echo_bucket_3__Tiger_Quoll (94).wav,False,
dasyurus maculatus,project_echo_bucket_2__Tiger_Quoll (160).mp3,False,
dasyurus maculatus,project_echo_bucket_2__Tiger_Quoll (261).mp3,False,
dasyurus maculatus,project_echo_bucket_3__Tiger_Quoll (35).wav,False,
dasyurus maculatus,project_echo_bucket_3__Tiger_Quoll (151).wav,False,
dasyurus maculatus,project_echo_bucket_2__Tiger_Quoll (150).mp3,False,
dasyurus maculatus,project_echo_bucket_2__Tiger_Quoll (176).mp3,False,
dasyurus maculatus,project_echo_bucket_2__Tiger_Quoll (94).mp3,False,
dasyurus maculatus,project_echo_bucket_2__Tiger_Quoll (246).mp3,False,
dasyurus maculatus,project_echo_bucket_2__Tiger_Quoll (100).mp3,False,
dasyurus maculatus,project_echo_bucket_1__Tiger_Quoll (249).wav,False,
dasyurus maculatus,project_echo_bucket_2__Tiger_Quoll (238).mp3,False,
dasyurus maculatus,project_echo_bucket_3__Tiger_Quoll (104).wav,False,
dasyurus maculatus,project_echo_bucket_3__Tiger_Quoll (132).wav,False,
dasyurus maculatus,project_echo_bucket_3__Tiger_Quoll (65).wav,False,
dasyurus maculatus,project_echo_bucket_3__Tiger_Quoll (157).wav,False,
dasyurus maculatus,project_echo_bucket_3__Tiger_Quoll (213).wav,False,
dasyurus maculatus,project_echo_bucket_2__Tiger_Quoll (247).mp3,False,
dasyurus maculatus,project_echo_bucket_3__Tiger_Quoll (76).wav,False,
dasyurus maculatus,project_echo_bucket_2__Tiger_Quoll (77).mp3,False,
dasyurus maculatus,project_echo_bucket_2__Tiger_Quoll (166).mp3,False,
dasyurus maculatus,project_echo_bucket_3__Tiger_Quoll (98).wav,False,
dasyurus maculatus,project_echo_bucket_3__Tiger_Quoll (194).wav,False,
dasyurus maculatus,project_echo_bucket_2__Tiger_Quoll (55).mp3,False,
dasyurus maculatus,project_echo_bucket_3__Tiger_Quoll (90).wav,False,
dasyurus maculatus,project_echo_bucket_2__Tiger_Quoll (174).mp3,False,
dasyurus maculatus,project_echo_bucket_2__Tiger_Quoll (142).mp3,False,
dasyurus maculatus,project_echo_bucket_3__Tiger_Quoll (119).wav,False,
dasyurus maculatus,project_echo_bucket_3__Tiger_Quoll (142).wav,False,
dasyurus maculatus,project_echo_bucket_3__Tiger_Quoll (217).wav,False,
dasyurus maculatus,project_echo_bucket_3__Tiger_Quoll (54).wav,False,
dasyurus maculatus,project_echo_bucket_2__Tiger_Quoll (79).mp3,False,
dasyurus maculatus,project_echo_bucket_3__Tiger_Quoll (78).wav,False,
dasyurus maculatus,project_echo_bucket_2__Tiger_Quoll (184).mp3,False,
dasyurus maculatus,project_echo_bucket_2__Tiger_Quoll (196).mp3,False,
dasyurus maculatus,project_echo_bucket_2__Tiger_Quoll (3).mp3,False,
dasyurus maculatus,project_echo_bucket_2__Tiger_Quoll (165).mp3,False,
dasyurus maculatus,project_echo_bucket_3__Tiger_Quoll (3).wav,False,
dasyurus maculatus,project_echo_bucket_2__Tiger_Quoll (222).mp3,False,
dasyurus maculatus,project_echo_bucket_2__Tiger_Quoll (78).mp3,False,
dasyurus maculatus,project_echo_bucket_2__Tiger_Quoll (173).mp3,False,
dasyurus maculatus,project_echo_bucket_3__Tiger_Quoll (51).wav,False,
dasyurus maculatus,project_echo_bucket_3__Tiger_Quoll (139).wav,False,
dasyurus maculatus,project_echo_bucket_2__Tiger_Quoll (69).mp3,False,
dasyurus maculatus,project_echo_bucket_3__Tiger_Quoll (186).wav,False,
dasyurus maculatus,project_echo_bucket_2__Tiger_Quoll (141).mp3,False,
dasyurus maculatus,project_echo_bucket_3__Tiger_Quoll (191).wav,False,
dasyurus maculatus,project_echo_bucket_2__Tiger_Quoll (229).mp3,False,
dasyurus maculatus,project_echo_bucket_3__Tiger_Quoll (81).wav,False,
dasyurus maculatus,project_echo_bucket_3__Tiger_Quoll (219).wav,False,
dasyurus maculatus,project_echo_bucket_3__Tiger_Quoll (42).wav,False,
dasyurus maculatus,project_echo_bucket_3__Tiger_Quoll (207).wav,False,
dasyurus maculatus,project_echo_bucket_2__Tiger_Quoll (220).mp3,False,
dasyurus maculatus,project_echo_bucket_3__Tiger_Quoll (92).wav,False,
dasyurus maculatus,project_echo_bucket_2__Tiger_Quoll (177).mp3,False,
dasyurus maculatus,project_echo_bucket_2__Tiger_Quoll (155).mp3,False,
dasyurus maculatus,project_echo_bucket_2__Tiger_Quoll (214).mp3,False,
dasyurus maculatus,project_echo_bucket_3__Tiger_Quoll (175).wav,False,
dasyurus maculatus,project_echo_bucket_3__Tiger_Quoll (156).wav,False,
dasyurus maculatus,project_echo_bucket_2__Tiger_Quoll (244).mp3,False,
dasyurus maculatus,project_echo_bucket_2__Tiger_Quoll (153).mp3,False,
dasyurus maculatus,project_echo_bucket_2__Tiger_Quoll (205).mp3,False,
dasyurus maculatus,project_echo_bucket_2__Tiger_Quoll (237).mp3,False,
dasyurus maculatus,project_echo_bucket_1__Tiger_Quoll (235).wav,False,
dasyurus maculatus,project_echo_bucket_3__Tiger_Quoll (221).wav,False,
dasyurus maculatus,project_echo_bucket_2__Tiger_Quoll (60).mp3,False,
dasyurus maculatus,project_echo_bucket_3__Tiger_Quoll (182).wav,False,
dasyurus maculatus,project_echo_bucket_2__Tiger_Quoll (168).mp3,False,
dasyurus maculatus,project_echo_bucket_2__Tiger_Quoll (15).mp3,False,
dasyurus maculatus,project_echo_bucket_3__Tiger_Quoll (169).wav,False,
dasyurus maculatus,project_echo_bucket_2__Tiger_Quoll (137).mp3,False,
dasyurus maculatus,project_echo_bucket_3__Tiger_Quoll (40).wav,False,
dasyurus maculatus,project_echo_bucket_3__Tiger_Quoll (107).wav,False,
dasyurus maculatus,project_echo_bucket_3__Tiger_Quoll (167).wav,False,
dasyurus maculatus,project_echo_bucket_2__Tiger_Quoll (180).mp3,False,
dasyurus maculatus,project_echo_bucket_3__Tiger_Quoll (202).wav,False,
dasyurus maculatus,project_echo_bucket_3__Tiger_Quoll (87).wav,False,
dasyurus maculatus,project_echo_bucket_3__Tiger_Quoll (38).wav,False,
dasyurus maculatus,project_echo_bucket_3__Tiger_Quoll (75).wav,False,
dasyurus maculatus,project_echo_bucket_3__Tiger_Quoll (255).wav,False,
dasyurus maculatus,project_echo_bucket_2__Tiger_Quoll (194).mp3,False,
dasyurus maculatus,project_echo_bucket_2__Tiger_Quoll (53).mp3,False,
dasyurus maculatus,project_echo_bucket_1__Tiger_Quoll (241).wav,False,
dasyurus maculatus,project_echo_bucket_3__Tiger_Quoll (124).wav,False,
dasyurus maculatus,project_echo_bucket_2__Tiger_Quoll (88).mp3,False,
dasyurus maculatus,project_echo_bucket_2__Tiger_Quoll (233).mp3,False,
dasyurus maculatus,project_echo_bucket_2__Tiger_Quoll (65).mp3,False,
dasyurus maculatus,project_echo_bucket_3__Tiger_Quoll (201).wav,False,
dasyurus maculatus,project_echo_bucket_2__Tiger_Quoll (183).mp3,False,
dasyurus maculatus,project_echo_bucket_3__Tiger_Quoll (138).wav,False,
dasyurus maculatus,project_echo_bucket_3__Tiger_Quoll (242).wav,False,
dasyurus maculatus,project_echo_bucket_3__Tiger_Quoll (180).wav,False,
dasyurus maculatus,project_echo_bucket_2__Tiger_Quoll (86).mp3,False,
dasyurus maculatus,project_echo_bucket_3__Tiger_Quoll (171).wav,False,
dasyurus maculatus,project_echo_bucket_2__Tiger_Quoll (37).mp3,False,
dasyurus maculatus,project_echo_bucket_3__Tiger_Quoll (204).wav,False,
dasyurus maculatus,project_echo_bucket_2__Tiger_Quoll (48).mp3,False,
dasyurus maculatus,project_echo_bucket_3__Tiger_Quoll (200).wav,False,
dasyurus maculatus,project_echo_bucket_2__Tiger_Quoll (129).mp3,False,
dasyurus maculatus,project_echo_bucket_2__Tiger_Quoll (87).mp3,False,
dasyurus maculatus,project_echo_bucket_2__Tiger_Quoll (231).mp3,False,
dasyurus maculatus,project_echo_bucket_2__Tiger_Quoll (133).mp3,False,
dasyurus maculatus,project_echo_bucket_3__Tiger_Quoll (62).wav,False,
dasyurus maculatus,project_echo_bucket_3__Tiger_Quoll (176).wav,False,
dasyurus maculatus,project_echo_bucket_2__Tiger_Quoll (84).mp3,False,
dasyurus maculatus,project_echo_bucket_3__Tiger_Quoll (203).wav,False,
dasyurus maculatus,project_echo_bucket_3__Tiger_Quoll (112).wav,False,
dasyurus maculatus,project_echo_bucket_2__Tiger_Quoll (163).mp3,False,
dasyurus maculatus,project_echo_bucket_2__Tiger_Quoll (68).mp3,False,
dasyurus maculatus,project_echo_bucket_3__Tiger_Quoll (232).wav,False,
dasyurus maculatus,project_echo_bucket_3__Tiger_Quoll (84).wav,False,
dasyurus maculatus,project_echo_bucket_2__Tiger_Quoll (124).mp3,False,
dasyurus maculatus,project_echo_bucket_3__Tiger_Quoll (155).wav,False,
dasyurus maculatus,project_echo_bucket_2__Tiger_Quoll (139).mp3,False,
dasyurus maculatus,project_echo_bucket_3__Tiger_Quoll (53).wav,False,
dasyurus maculatus,project_echo_bucket_2__Tiger_Quoll (236).mp3,False,
dasyurus maculatus,project_echo_bucket_3__Tiger_Quoll (229).wav,False,
dasyurus maculatus,project_echo_bucket_3__Tiger_Quoll (118).wav,False,
dasyurus maculatus,project_echo_bucket_3__Tiger_Quoll (162).wav,False,
dasyurus maculatus,project_echo_bucket_2__Tiger_Quoll (138).mp3,False,
dasyurus maculatus,project_echo_bucket_2__Tiger_Quoll (73).mp3,False,
dasyurus maculatus,project_echo_bucket_2__Tiger_Quoll (99).mp3,False,
dasyurus maculatus,project_echo_bucket_3__Tiger_Quoll (243).wav,False,
dasyurus maculatus,project_echo_bucket_3__Tiger_Quoll (188).wav,False,
dasyurus maculatus,project_echo_bucket_3__Tiger_Quoll (45).wav,False,
dasyurus maculatus,project_echo_bucket_2__Tiger_Quoll (252).mp3,False,
dasyurus maculatus,project_echo_bucket_3__Tiger_Quoll (113).wav,False,
dasyurus maculatus,project_echo_bucket_2__Tiger_Quoll (98).mp3,False,
dasyurus maculatus,project_echo_bucket_3__Tiger_Quoll (110).wav,False,
dasyurus maculatus,project_echo_bucket_3__Tiger_Quoll (195).wav,False,
dasyurus maculatus,project_echo_bucket_2__Tiger_Quoll (140).mp3,False,
dasyurus maculatus,project_echo_bucket_2__Tiger_Quoll (57).mp3,False,
dasyurus maculatus,project_echo_bucket_3__Tiger_Quoll (116).wav,False,
dasyurus maculatus,project_echo_bucket_2__Tiger_Quoll (117).mp3,False,
dasyurus maculatus,project_echo_bucket_3__Tiger_Quoll (63).wav,False,
dasyurus maculatus,project_echo_bucket_3__Tiger_Quoll (205).wav,False,
dasyurus maculatus,project_echo_bucket_3__Tiger_Quoll (153).wav,False,
dasyurus maculatus,project_echo_bucket_2__Tiger_Quoll (242).mp3,False,
dasyurus maculatus,project_echo_bucket_2__Tiger_Quoll (179).mp3,False,
dasyurus maculatus,project_echo_bucket_3__Tiger_Quoll (89).wav,False,
dasyurus maculatus,project_echo_bucket_2__Tiger_Quoll (6).mp3,False,
acanthiza pusilla,project_echo_bucket_3__region_65.150-67.150.mp3,False,
acanthiza pusilla,project_echo_bucket_2__region_28.000-30.000.mp3,False,
acanthiza pusilla,project_echo_bucket_3__region_76.700-78.450.mp3,False,
acanthiza pusilla,project_echo_bucket_2__region_110.000-112.000.mp3,False,
acanthiza pusilla,project_echo_bucket_3__region_9.500-11.500.mp3,False,
acanthiza pusilla,project_echo_bucket_3__region_20.100-22.100.mp3,False,
acanthiza pusilla,project_echo_bucket_2__region_53.550-55.050.mp3,False,
acanthiza pusilla,project_echo_bucket_2__region_63.950-65.750.mp3,False,
acanthiza pusilla,project_echo_bucket_3__region_9.600-11.600.mp3,False,
acanthiza pusilla,project_echo_bucket_3__region_54.450-56.300.mp3,False,
acanthiza pusilla,project_echo_bucket_3__region_28.000-30.000.mp3,False,
acanthiza pusilla,project_echo_bucket_2__region_16.400-17.500.mp3,False,
acanthiza pusilla,project_echo_bucket_2__region_19.350-21.250.mp3,False,
acanthiza pusilla,project_echo_bucket_3__region_41.500-42.800.mp3,False,
acanthiza pusilla,project_echo_bucket_2__region_29.200-30.800.mp3,False,
acanthiza pusilla,project_echo_bucket_2__region_10.700-12.700.mp3,False,
acanthiza pusilla,project_echo_bucket_3__region_0.800-2.200.mp3,False,
acanthiza pusilla,project_echo_bucket_2__region_14.450-16.450.mp3,False,
acanthiza pusilla,project_echo_bucket_2__region_116.000-118.000.mp3,False,
acanthiza pusilla,project_echo_bucket_3__region_0.900-2.900.mp3,False,
acanthiza pusilla,project_echo_bucket_2__region_12.300-14.300.mp3,False,
acanthiza pusilla,project_echo_bucket_3__region_8.550-10.550.mp3,False,
acanthiza pusilla,project_echo_bucket_3__region_2.650-3.700.mp3,False,
acanthiza pusilla,project_echo_bucket_2__region_39.200-41.200.mp3,False,
acanthiza pusilla,project_echo_bucket_3__region_25.400-27.400.mp3,False,
acanthiza pusilla,project_echo_bucket_2__region_41.950-43.950.mp3,False,
acanthiza pusilla,project_echo_bucket_2__region_70.900-72.100.mp3,False,
acanthiza pusilla,project_echo_bucket_2__region_14.550-16.100.mp3,False,
acanthiza pusilla,project_echo_bucket_3__region_67.950-69.950.mp3,False,
acanthiza pusilla,project_echo_bucket_3__region_1.650-3.550.mp3,False,
acanthiza pusilla,project_echo_bucket_2__region_41.450-43.450.mp3,False,
acanthiza pusilla,project_echo_bucket_2__region_12.150-14.150.mp3,False,
acanthiza pusilla,project_echo_bucket_3__region_109.900-111.900.mp3,False,
acanthiza pusilla,project_echo_bucket_2__region_13.800-15.150.mp3,False,
acanthiza pusilla,project_echo_bucket_3__region_28.950-30.950.mp3,False,
acanthiza pusilla,project_echo_bucket_3__region_2.100-3.950.mp3,False,
acanthiza pusilla,project_echo_bucket_2__region_24.150-26.150.mp3,False,
acanthiza pusilla,project_echo_bucket_2__region_46.250-48.250.mp3,False,
acanthiza pusilla,project_echo_bucket_3__region_44.200-45.450.mp3,False,
acanthiza pusilla,project_echo_bucket_2__region_54.600-56.600.mp3,False,
acanthiza pusilla,project_echo_bucket_2__region_59.650-61.500.mp3,False,
acanthiza pusilla,project_echo_bucket_3__region_0.650-2.650.mp3,False,
acanthiza pusilla,project_echo_bucket_3__region_69.950-71.950.mp3,False,
acanthiza pusilla,project_echo_bucket_2__region_48.950-50.950.mp3,False,
acanthiza pusilla,project_echo_bucket_3__region_9.000-10.750.mp3,False,
acanthiza pusilla,project_echo_bucket_2__region_28.150-30.150.mp3,False,
acanthiza pusilla,project_echo_bucket_2__region_109.900-111.900.mp3,False,
acanthiza pusilla,project_echo_bucket_3__region_51.950-53.250.mp3,False,
acanthiza pusilla,project_echo_bucket_3__region_41.450-43.450.mp3,False,
acanthiza pusilla,project_echo_bucket_3__region_33.750-35.750.mp3,False,
acanthiza pusilla,project_echo_bucket_2__region_57.600-59.600.mp3,False,
acanthiza pusilla,project_echo_bucket_3__region_93.900-95.900.mp3,False,
acanthiza pusilla,project_echo_bucket_3__region_78.050-80.050.mp3,False,
acanthiza pusilla,project_echo_bucket_1__region_25.800-27.000.wav,False,
acanthiza pusilla,project_echo_bucket_3__region_54.500-56.500.mp3,False,
acanthiza pusilla,project_echo_bucket_2__region_2.100-4.100.mp3,False,
acanthiza pusilla,project_echo_bucket_3__region_134.750-136.750.mp3,False,
acanthiza pusilla,project_echo_bucket_3__region_64.000-66.000.mp3,False,
acanthiza pusilla,project_echo_bucket_2__region_62.000-64.000.mp3,False,
acanthiza pusilla,project_echo_bucket_3__region_3.550-5.550.mp3,False,
acanthiza pusilla,project_echo_bucket_2__region_17.450-18.750.mp3,False,
acanthiza pusilla,project_echo_bucket_2__region_126.650-128.650.mp3,False,
acanthiza pusilla,project_echo_bucket_3__region_45.850-47.850.mp3,False,
acanthiza pusilla,project_echo_bucket_2__region_69.100-70.700.mp3,False,
acanthiza pusilla,project_echo_bucket_2__region_189.800-191.200.mp3,False,
acanthiza pusilla,project_echo_bucket_3__region_3.000-5.000.mp3,False,
acanthiza pusilla,project_echo_bucket_3__region_5.750-7.250.mp3,False,
acanthiza pusilla,project_echo_bucket_2__region_6.100-8.100.mp3,False,
acanthiza pusilla,project_echo_bucket_2__region_3.950-4.950.mp3,False,
acanthiza pusilla,project_echo_bucket_3__region_35.200-37.200.mp3,False,
acanthiza pusilla,project_echo_bucket_3__region_21.150-22.800.mp3,False,
acanthiza pusilla,project_echo_bucket_2__region_33.450-35.450.mp3,False,
acanthiza pusilla,project_echo_bucket_3__region_22.100-24.100.mp3,False,
acanthiza pusilla,project_echo_bucket_2__region_7.000-8.600.mp3,False,
acanthiza pusilla,project_echo_bucket_2__region_54.500-56.500.mp3,False,
acanthiza pusilla,project_echo_bucket_3__region_82.200-83.800.mp3,False,
acanthiza pusilla,project_echo_bucket_3__region_13.450-15.450.mp3,False,
acanthiza pusilla,project_echo_bucket_2__region_30.850-32.450.mp3,False,
acanthiza pusilla,project_echo_bucket_2__region_30.300-31.650.mp3,False,
acanthiza pusilla,project_echo_bucket_3__region_34.550-36.550.mp3,False,
acanthiza pusilla,project_echo_bucket_2__region_2.650-4.650.mp3,False,
acanthiza pusilla,project_echo_bucket_2__region_41.500-42.800.mp3,False,
acanthiza pusilla,project_echo_bucket_3__region_173.850-175.050.mp3,False,
acanthiza pusilla,project_echo_bucket_2__region_102.000-104.000.mp3,False,
acanthiza pusilla,project_echo_bucket_3__region_3.400-4.950.mp3,False,
acanthiza pusilla,project_echo_bucket_3__region_52.950-54.950.mp3,False,
acanthiza pusilla,project_echo_bucket_3__region_107.900-109.900.mp3,False,
acanthiza pusilla,project_echo_bucket_2__region_43.450-44.650.mp3,False,
acanthiza pusilla,project_echo_bucket_2__region_2.100-3.450.mp3,False,
acanthiza pusilla,project_echo_bucket_2__region_134.750-136.750.mp3,False,
acanthiza pusilla,project_echo_bucket_3__region_54.000-56.000.mp3,False,
acanthiza pusilla,project_echo_bucket_3__region_0.150-2.150.mp3,False,
acanthiza pusilla,project_echo_bucket_2__region_13.200-15.200.mp3,False,
acanthiza pusilla,project_echo_bucket_2__region_37.200-39.200.mp3,False,
acanthiza pusilla,project_echo_bucket_2__region_6.250-8.250.mp3,False,
acanthiza pusilla,project_echo_bucket_3__region_77.350-78.550.mp3,False,
acanthiza pusilla,project_echo_bucket_3__region_5.850-7.850.mp3,False,
acanthiza pusilla,project_echo_bucket_2__region_11.500-13.500.mp3,False,
acanthiza pusilla,project_echo_bucket_3__region_139.950-141.950.mp3,False,
acanthiza pusilla,project_echo_bucket_2__region_1.950-3.950.mp3,False,
acanthiza pusilla,project_echo_bucket_2__region_25.400-27.400.mp3,False,
acanthiza pusilla,project_echo_bucket_2__region_128.800-130.100.mp3,False,
acanthiza pusilla,project_echo_bucket_2__region_5.750-7.150.mp3,False,
acanthiza pusilla,project_echo_bucket_2__region_76.700-78.450.mp3,False,
acanthiza pusilla,project_echo_bucket_2__region_3.400-4.950.mp3,False,
acanthiza pusilla,project_echo_bucket_3__region_60.000-62.000.mp3,False,
acanthiza pusilla,project_echo_bucket_3__region_61.750-63.500.mp3,False,
acanthiza pusilla,project_echo_bucket_3__region_126.650-128.650.mp3,False,
acanthiza pusilla,project_echo_bucket_2__region_81.550-83.550.mp3,False,
acanthiza pusilla,project_echo_bucket_3__region_1.950-3.950.mp3,False,
acanthiza pusilla,project_echo_bucket_2__region_4.100-6.100.mp3,False,
acanthiza pusilla,project_echo_bucket_2__region_160.100-161.450.mp3,False,
acanthiza pusilla,project_echo_bucket_2__region_118.000-119.501.mp3,False,
acanthiza pusilla,project_echo_bucket_3__region_12.700-13.700.mp3,False,
acanthiza pusilla,project_echo_bucket_3__region_23.950-25.400.mp3,False,
acanthiza pusilla,project_echo_bucket_2__region_5.750-7.250.mp3,False,
acanthiza pusilla,project_echo_bucket_3__region_24.100-26.100.mp3,False,
acanthiza pusilla,project_echo_bucket_3__region_63.950-65.750.mp3,False,
acanthiza pusilla,project_echo_bucket_2__region_50.900-52.350.mp3,False,
acanthiza pusilla,project_echo_bucket_3__region_66.450-68.350.mp3,False,
acanthiza pusilla,project_echo_bucket_3__region_198.550-199.900.mp3,False,
acanthiza pusilla,project_echo_bucket_2__region_54.300-56.300.mp3,False,
acanthiza pusilla,project_echo_bucket_3__region_97.350-98.900.mp3,False,
acanthiza pusilla,project_echo_bucket_2__region_65.850-67.850.mp3,False,
acanthiza pusilla,project_echo_bucket_2__region_50.100-52.100.mp3,False,
acanthiza pusilla,project_echo_bucket_3__region_80.050-81.500.mp3,False,
acanthiza pusilla,project_echo_bucket_2__region_37.950-39.950.mp3,False,
acanthiza pusilla,project_echo_bucket_2__region_4.000-6.000.mp3,False,
acanthiza pusilla,project_echo_bucket_3__region_13.800-15.150.mp3,False,
acanthiza pusilla,project_echo_bucket_2__region_8.550-10.550.mp3,False,
acanthiza pusilla,project_echo_bucket_3__region_88.000-90.000.mp3,False,
acanthiza pusilla,project_echo_bucket_2__region_16.450-18.450.mp3,False,
acanthiza pusilla,project_echo_bucket_3__region_92.150-93.800.mp3,False,
acanthiza pusilla,project_echo_bucket_2__region_119.700-121.700.mp3,False,
acanthiza pusilla,project_echo_bucket_2__region_9.500-11.500.mp3,False,
acanthiza pusilla,project_echo_bucket_2__region_6.650-8.500.mp3,False,
acanthiza pusilla,project_echo_bucket_2__region_20.250-22.250.mp3,False,
acanthiza pusilla,project_echo_bucket_2__region_93.950-95.250.mp3,False,
acanthiza pusilla,project_echo_bucket_2__region_92.150-93.800.mp3,False,
acanthiza pusilla,project_echo_bucket_3__region_106.000-108.000.mp3,False,
acanthiza pusilla,project_echo_bucket_3__region_79.550-81.550.mp3,False,
acanthiza pusilla,project_echo_bucket_2__region_2.550-4.550.mp3,False,
acanthiza pusilla,project_echo_bucket_3__region_151.050-153.050.mp3,False,
acanthiza pusilla,project_echo_bucket_3__region_108.000-110.000.mp3,False,
acanthiza pusilla,project_echo_bucket_3__region_65.850-67.850.mp3,False,
acanthiza pusilla,project_echo_bucket_2__region_43.450-45.450.mp3,False,
acanthiza pusilla,project_echo_bucket_2__region_11.600-13.600.mp3,False,
acanthiza pusilla,project_echo_bucket_2__region_24.100-26.100.mp3,False,
acanthiza pusilla,project_echo_bucket_3__region_77.000-79.000.mp3,False,
acanthiza pusilla,project_echo_bucket_2__region_16.250-17.772.mp3,False,
cisticola exilis,project_echo_bucket_3__region_30.850-32.850.mp3,False,
cisticola exilis,project_echo_bucket_3__region_78.150-79.400.mp3,False,
cisticola exilis,project_echo_bucket_3__region_80.500-81.700.mp3,False,
cisticola exilis,project_echo_bucket_2__region_30.850-32.850.mp3,False,
cisticola exilis,project_echo_bucket_3__region_18.650-20.550.mp3,False,
cisticola exilis,project_echo_bucket_3__region_49.750-50.950.mp3,False,
cisticola exilis,project_echo_bucket_3__region_38.050-40.050.mp3,False,
cisticola exilis,project_echo_bucket_1__region_45.150-46.400.wav,False,
cisticola exilis,project_echo_bucket_3__region_46.600-48.600.mp3,False,
cisticola exilis,project_echo_bucket_2__region_42.250-44.050.mp3,False,
cisticola exilis,project_echo_bucket_3__region_148.350-149.850.mp3,False,
cisticola exilis,project_echo_bucket_3__region_9.650-10.850.mp3,False,
cisticola exilis,project_echo_bucket_3__region_182.800-184.650.mp3,False,
cisticola exilis,project_echo_bucket_2__region_14.250-16.250.mp3,False,
cisticola exilis,project_echo_bucket_3__region_6.550-8.550.mp3,False,
cisticola exilis,project_echo_bucket_3__region_116.950-118.250.mp3,False,
cisticola exilis,project_echo_bucket_3__region_6.650-7.900.mp3,False,
cisticola exilis,project_echo_bucket_3__region_225.250-227.000.mp3,False,
cisticola exilis,project_echo_bucket_3__region_68.100-70.100.mp3,False,
cisticola exilis,project_echo_bucket_2__region_258.900-260.750.mp3,False,
cisticola exilis,project_echo_bucket_3__region_163.300-164.800.mp3,False,
cisticola exilis,project_echo_bucket_2__region_22.200-24.200.mp3,False,
cisticola exilis,project_echo_bucket_3__region_140.900-142.300.mp3,False,
cisticola exilis,project_echo_bucket_2__region_42.800-44.350.mp3,False,
cisticola exilis,project_echo_bucket_3__region_77.100-79.000.mp3,False,
cisticola exilis,project_echo_bucket_3__region_169.150-170.850.mp3,False,
cisticola exilis,project_echo_bucket_2__region_31.500-33.500.mp3,False,
cisticola exilis,project_echo_bucket_2__region_2.200-4.200.mp3,False,
cisticola exilis,project_echo_bucket_2__region_0.050-2.050.mp3,False,
cisticola exilis,project_echo_bucket_2__region_206.050-207.450.mp3,False,
cisticola exilis,project_echo_bucket_2__region_74.050-76.000.mp3,False,
cisticola exilis,project_echo_bucket_3__region_87.150-88.350.mp3,False,
cisticola exilis,project_echo_bucket_3__region_6.050-8.050.mp3,False,
cisticola exilis,project_echo_bucket_2__region_23.250-24.450.mp3,False,
cisticola exilis,project_echo_bucket_2__region_6.200-8.200.mp3,False,
cisticola exilis,project_echo_bucket_3__region_62.150-63.600.mp3,False,
cisticola exilis,project_echo_bucket_2__region_176.850-178.250.mp3,False,
cisticola exilis,project_echo_bucket_2__region_23.850-25.850.mp3,False,
cisticola exilis,project_echo_bucket_3__region_50.250-51.500.mp3,False,
cisticola exilis,project_echo_bucket_2__region_38.400-40.100.mp3,False,
cisticola exilis,project_echo_bucket_2__region_34.450-35.900.mp3,False,
cisticola exilis,project_echo_bucket_2__region_160.800-162.200.mp3,False,
cisticola exilis,project_echo_bucket_2__region_36.900-38.200.mp3,False,
cisticola exilis,project_echo_bucket_2__region_77.550-79.550.mp3,False,
cisticola exilis,project_echo_bucket_3__region_23.400-25.150.mp3,False,
cisticola exilis,project_echo_bucket_2__region_165.950-167.800.mp3,False,
cisticola exilis,project_echo_bucket_2__region_28.150-30.150.mp3,False,
cisticola exilis,project_echo_bucket_2__region_182.800-184.650.mp3,False,
cisticola exilis,project_echo_bucket_3__region_46.650-48.200.mp3,False,
cisticola exilis,project_echo_bucket_2__region_11.000-13.000.mp3,False,
cisticola exilis,project_echo_bucket_2__region_23.000-24.750.mp3,False,
cisticola exilis,project_echo_bucket_2__region_82.050-83.800.mp3,False,
cisticola exilis,project_echo_bucket_2__region_20.200-22.200.mp3,False,
cisticola exilis,project_echo_bucket_2__region_38.050-40.050.mp3,False,
cisticola exilis,project_echo_bucket_3__region_43.000-45.000.mp3,False,
cisticola exilis,project_echo_bucket_2__region_238.900-240.900.mp3,False,
cisticola exilis,project_echo_bucket_3__region_8.950-10.300.mp3,False,
cisticola exilis,project_echo_bucket_2__region_50.250-51.500.mp3,False,
cisticola exilis,project_echo_bucket_3__region_61.500-62.950.mp3,False,
cisticola exilis,project_echo_bucket_3__region_77.550-79.550.mp3,False,
cisticola exilis,project_echo_bucket_2__region_148.350-149.850.mp3,False,
cisticola exilis,project_echo_bucket_3__region_5.900-7.900.mp3,False,
cisticola exilis,project_echo_bucket_3__region_50.150-52.150.mp3,False,
cisticola exilis,project_echo_bucket_3__region_40.850-42.850.mp3,False,
cisticola exilis,project_echo_bucket_2__region_242.900-244.900.mp3,False,
cisticola exilis,project_echo_bucket_3__region_54.850-56.200.mp3,False,
cisticola exilis,project_echo_bucket_3__region_19.500-21.500.mp3,False,
cisticola exilis,project_echo_bucket_2__region_6.700-8.700.mp3,False,
cisticola exilis,project_echo_bucket_2__region_17.500-19.500.mp3,False,
cisticola exilis,project_echo_bucket_3__region_5.900-7.700.mp3,False,
cisticola exilis,project_echo_bucket_2__region_99.100-100.400.mp3,False,
cisticola exilis,project_echo_bucket_3__region_11.850-13.850.mp3,False,
cisticola exilis,project_echo_bucket_3__region_119.800-121.700.mp3,False,
cisticola exilis,project_echo_bucket_3__region_55.600-57.550.mp3,False,
cisticola exilis,project_echo_bucket_2__region_9.900-11.900.mp3,False,
cisticola exilis,project_echo_bucket_2__region_7.150-8.450.mp3,False,
cisticola exilis,project_echo_bucket_2__region_16.050-17.300.mp3,False,
cisticola exilis,project_echo_bucket_2__region_262.200-263.550.mp3,False,
cisticola exilis,project_echo_bucket_3__region_22.200-24.200.mp3,False,
cisticola exilis,project_echo_bucket_3__region_4.550-5.750.mp3,False,
cisticola exilis,project_echo_bucket_3__region_52.800-54.500.mp3,False,
cisticola exilis,project_echo_bucket_3__region_38.400-40.100.mp3,False,
cisticola exilis,project_echo_bucket_2__region_23.400-25.150.mp3,False,
cisticola exilis,project_echo_bucket_2__region_211.750-213.200.mp3,False,
cisticola exilis,project_echo_bucket_3__region_30.500-32.500.mp3,False,
cisticola exilis,project_echo_bucket_2__region_150.650-151.900.mp3,False,
cisticola exilis,project_echo_bucket_2__region_199.800-201.650.mp3,False,
cisticola exilis,project_echo_bucket_2__region_55.600-57.550.mp3,False,
cisticola exilis,project_echo_bucket_3__region_8.650-10.650.mp3,False,
cisticola exilis,project_echo_bucket_2__region_1.900-3.900.mp3,False,
cisticola exilis,project_echo_bucket_2__region_41.750-43.650.mp3,False,
cisticola exilis,project_echo_bucket_3__region_23.000-24.750.mp3,False,
cisticola exilis,project_echo_bucket_2__region_49.750-50.950.mp3,False,
cisticola exilis,project_echo_bucket_3__region_0.200-2.200.mp3,False,
cisticola exilis,project_echo_bucket_2__region_10.650-12.650.mp3,False,
cisticola exilis,project_echo_bucket_2__region_22.750-24.350.mp3,False,
cisticola exilis,project_echo_bucket_3__region_15.900-17.300.mp3,False,
cisticola exilis,project_echo_bucket_3__region_31.500-33.500.mp3,False,
cisticola exilis,project_echo_bucket_2__region_46.850-48.850.mp3,False,
cisticola exilis,project_echo_bucket_3__region_50.000-52.000.mp3,False,
cisticola exilis,project_echo_bucket_3__region_253.900-255.250.mp3,False,
cisticola exilis,project_echo_bucket_2__region_15.600-17.150.mp3,False,
cisticola exilis,project_echo_bucket_2__region_6.050-8.050.mp3,False,
cisticola exilis,project_echo_bucket_3__region_133.750-135.050.mp3,False,
cisticola exilis,project_echo_bucket_3__region_0.700-2.200.mp3,False,
cisticola exilis,project_echo_bucket_2__region_0.200-2.200.mp3,False,
cisticola exilis,project_echo_bucket_3__region_191.500-192.950.mp3,False,
cisticola exilis,project_echo_bucket_2__region_44.850-46.850.mp3,False,
cisticola exilis,project_echo_bucket_3__region_196.700-198.250.mp3,False,
cisticola exilis,project_echo_bucket_3__region_150.650-151.900.mp3,False,
cisticola exilis,project_echo_bucket_3__region_36.050-37.800.mp3,False,
cisticola exilis,project_echo_bucket_3__region_7.600-9.150.mp3,False,
cisticola exilis,project_echo_bucket_2__region_41.000-43.000.mp3,False,
cisticola exilis,project_echo_bucket_3__region_11.900-13.900.mp3,False,
cisticola exilis,project_echo_bucket_2__region_36.400-38.400.mp3,False,
cisticola exilis,project_echo_bucket_3__region_60.000-62.000.mp3,False,
cisticola exilis,project_echo_bucket_2__region_20.950-22.700.mp3,False,
cisticola exilis,project_echo_bucket_3__region_42.250-44.050.mp3,False,
cisticola exilis,project_echo_bucket_2__region_0.600-1.850.mp3,False,
cisticola exilis,project_echo_bucket_2__region_25.600-27.600.mp3,False,
cisticola exilis,project_echo_bucket_3__region_135.950-137.350.mp3,False,
cisticola exilis,project_echo_bucket_2__region_18.850-20.650.mp3,False,
cisticola exilis,project_echo_bucket_2__region_1.400-3.400.mp3,False,
cisticola exilis,project_echo_bucket_2__region_13.700-15.300.mp3,False,
cisticola exilis,project_echo_bucket_3__region_0.200-1.650.mp3,False,
cisticola exilis,project_echo_bucket_2__region_2.900-4.350.mp3,False,
cisticola exilis,project_echo_bucket_2__region_26.200-28.200.mp3,False,
cisticola exilis,project_echo_bucket_2__region_228.400-229.900.mp3,False,
cisticola exilis,project_echo_bucket_3__region_66.200-68.200.mp3,False,
cisticola exilis,project_echo_bucket_2__region_122.150-123.400.mp3,False,
cisticola exilis,project_echo_bucket_3__region_16.050-17.300.mp3,False,
cisticola exilis,project_echo_bucket_3__region_10.650-12.650.mp3,False,
cisticola exilis,project_echo_bucket_2__region_86.500-88.000.mp3,False,
cisticola exilis,project_echo_bucket_2__region_209.200-210.600.mp3,False,
cisticola exilis,project_echo_bucket_3__region_36.900-38.200.mp3,False,
cisticola exilis,project_echo_bucket_2__region_272.450-274.250.mp3,False,
cisticola exilis,project_echo_bucket_2__region_52.800-54.500.mp3,False,
cisticola exilis,project_echo_bucket_3__region_39.200-41.200.mp3,False,
cisticola exilis,project_echo_bucket_2__region_116.950-118.250.mp3,False,
cisticola exilis,project_echo_bucket_3__region_168.350-170.350.mp3,False,
cisticola exilis,project_echo_bucket_3__region_4.900-6.450.mp3,False,
cisticola exilis,project_echo_bucket_3__region_41.750-43.650.mp3,False,
cisticola exilis,project_echo_bucket_2__region_18.200-20.200.mp3,False,
cisticola exilis,project_echo_bucket_3__region_50.500-52.500.mp3,False,
cisticola exilis,project_echo_bucket_3__region_185.900-187.750.mp3,False,
cisticola exilis,project_echo_bucket_2__region_21.300-23.100.mp3,False,
cisticola exilis,project_echo_bucket_2__region_256.000-257.400.mp3,False,
cisticola exilis,project_echo_bucket_2__region_0.050-1.850.mp3,False,
cisticola exilis,project_echo_bucket_3__region_32.450-33.832.mp3,False,
cisticola exilis,project_echo_bucket_3__region_90.250-91.550.mp3,False,
litoria inermis,project_echo_bucket_2__region_451.100-453.100.mp3,False,
litoria inermis,project_echo_bucket_2__region_294.800-296.300.mp3,False,
litoria inermis,project_echo_bucket_2__region_493.100-495.100.mp3,False,
litoria inermis,project_echo_bucket_2__region_354.650-356.650.mp3,False,
litoria inermis,project_echo_bucket_2__region_215.850-217.850.mp3,False,
litoria inermis,project_echo_bucket_3__region_201.100-203.050.mp3,False,
litoria inermis,project_echo_bucket_3__region_334.650-336.650.mp3,False,
litoria inermis,project_echo_bucket_2__region_326.650-328.650.mp3,False,
litoria inermis,project_echo_bucket_3__region_361.900-363.900.mp3,False,
litoria inermis,project_echo_bucket_2__region_183.350-185.000.mp3,False,
litoria inermis,project_echo_bucket_2__region_300.000-302.000.mp3,False,
litoria inermis,project_echo_bucket_2__region_115.500-117.500.mp3,False,
litoria inermis,project_echo_bucket_2__region_534.100-536.100.mp3,False,
litoria inermis,project_echo_bucket_3__region_354.650-356.650.mp3,False,
litoria inermis,project_echo_bucket_2__region_427.100-429.100.mp3,False,
litoria inermis,project_echo_bucket_2__region_350.650-352.650.mp3,False,
litoria inermis,project_echo_bucket_3__region_471.100-473.100.mp3,False,
litoria inermis,project_echo_bucket_3__region_451.100-453.100.mp3,False,
litoria inermis,project_echo_bucket_3__region_389.900-391.900.mp3,False,
litoria inermis,project_echo_bucket_3__region_251.750-253.050.mp3,False,
litoria inermis,project_echo_bucket_2__region_550.200-552.200.mp3,False,
litoria inermis,project_echo_bucket_3__region_487.100-489.100.mp3,False,
litoria inermis,project_echo_bucket_2__region_389.900-391.900.mp3,False,
litoria inermis,project_echo_bucket_3__region_71.200-73.200.mp3,False,
litoria inermis,project_echo_bucket_3__region_23.300-25.300.mp3,False,
litoria inermis,project_echo_bucket_2__region_530.100-532.100.mp3,False,
litoria inermis,project_echo_bucket_2__region_431.100-433.100.mp3,False,
litoria inermis,project_echo_bucket_1__region_544.100-546.100.wav,False,
litoria inermis,project_echo_bucket_3__region_135.300-137.300.mp3,False,
litoria inermis,project_echo_bucket_3__region_117.500-119.500.mp3,False,
litoria inermis,project_echo_bucket_3__region_332.650-334.650.mp3,False,
litoria inermis,project_echo_bucket_2__region_540.100-542.100.mp3,False,
litoria inermis,project_echo_bucket_3__region_115.500-117.500.mp3,False,
litoria inermis,project_echo_bucket_3__region_546.100-548.100.mp3,False,
litoria inermis,project_echo_bucket_3__region_441.100-443.100.mp3,False,
litoria inermis,project_echo_bucket_2__region_167.400-169.400.mp3,False,
litoria inermis,project_echo_bucket_2__region_123.500-125.500.mp3,False,
litoria inermis,project_echo_bucket_2__region_437.100-439.100.mp3,False,
litoria inermis,project_echo_bucket_2__region_191.100-193.100.mp3,False,
litoria inermis,project_echo_bucket_3__region_336.650-338.650.mp3,False,
litoria inermis,project_echo_bucket_3__region_157.400-159.400.mp3,False,
litoria inermis,project_echo_bucket_2__region_129.500-131.500.mp3,False,
litoria inermis,project_echo_bucket_2__region_455.100-457.100.mp3,False,
litoria inermis,project_echo_bucket_3__region_227.700-229.450.mp3,False,
litoria inermis,project_echo_bucket_2__region_391.900-393.900.mp3,False,
litoria inermis,project_echo_bucket_2__region_363.900-365.900.mp3,False,
litoria inermis,project_echo_bucket_3__region_544.100-546.100.mp3,False,
litoria inermis,project_echo_bucket_2__region_7.150-8.350.mp3,False,
litoria inermis,project_echo_bucket_3__region_509.700-511.700.mp3,False,
litoria inermis,project_echo_bucket_2__region_560.400-562.400.mp3,False,
litoria inermis,project_echo_bucket_3__region_185.100-187.100.mp3,False,
litoria inermis,project_echo_bucket_3__region_377.900-379.900.mp3,False,
litoria inermis,project_echo_bucket_2__region_14.400-16.400.mp3,False,
litoria inermis,project_echo_bucket_3__region_391.900-393.900.mp3,False,
litoria inermis,project_echo_bucket_2__region_433.100-435.100.mp3,False,
litoria inermis,project_echo_bucket_3__region_320.650-322.650.mp3,False,
litoria inermis,project_echo_bucket_3__region_316.300-317.500.mp3,False,
litoria inermis,project_echo_bucket_3__region_8.450-9.700.mp3,False,
litoria inermis,project_echo_bucket_3__region_542.100-544.100.mp3,False,
litoria inermis,project_echo_bucket_3__region_511.700-513.700.mp3,False,
litoria inermis,project_echo_bucket_2__region_481.100-483.100.mp3,False,
litoria inermis,project_echo_bucket_2__region_245.500-247.000.mp3,False,
litoria inermis,project_echo_bucket_3__region_191.100-193.100.mp3,False,
litoria inermis,project_echo_bucket_3__region_344.650-346.650.mp3,False,
litoria inermis,project_echo_bucket_3__region_449.100-451.100.mp3,False,
litoria inermis,project_echo_bucket_3__region_151.400-153.400.mp3,False,
litoria inermis,project_echo_bucket_3__region_439.100-441.100.mp3,False,
litoria inermis,project_echo_bucket_3__region_143.050-145.050.mp3,False,
litoria inermis,project_echo_bucket_3__region_499.100-501.100.mp3,False,
litoria inermis,project_echo_bucket_2__region_133.300-135.300.mp3,False,
litoria inermis,project_echo_bucket_2__region_26.650-28.650.mp3,False,
litoria inermis,project_echo_bucket_2__region_511.700-513.700.mp3,False,
litoria inermis,project_echo_bucket_3__region_342.650-344.650.mp3,False,
litoria inermis,project_echo_bucket_2__region_499.100-501.100.mp3,False,
litoria inermis,project_echo_bucket_2__region_305.700-307.700.mp3,False,
litoria inermis,project_echo_bucket_3__region_367.900-369.900.mp3,False,
litoria inermis,project_echo_bucket_2__region_69.200-71.200.mp3,False,
litoria inermis,project_echo_bucket_2__region_443.100-445.100.mp3,False,
litoria inermis,project_echo_bucket_3__region_223.700-225.700.mp3,False,
litoria inermis,project_echo_bucket_2__region_304.000-305.550.mp3,False,
litoria inermis,project_echo_bucket_3__region_536.100-538.100.mp3,False,
litoria inermis,project_echo_bucket_2__region_243.500-245.500.mp3,False,
litoria inermis,project_echo_bucket_2__region_441.100-443.100.mp3,False,
litoria inermis,project_echo_bucket_2__region_45.200-47.200.mp3,False,
litoria inermis,project_echo_bucket_3__region_455.100-457.100.mp3,False,
litoria inermis,project_echo_bucket_1__region_125.500-127.500.wav,False,
litoria inermis,project_echo_bucket_3__region_219.700-221.700.mp3,False,
litoria inermis,project_echo_bucket_2__region_548.100-550.100.mp3,False,
litoria inermis,project_echo_bucket_2__region_471.100-473.100.mp3,False,
litoria inermis,project_echo_bucket_2__region_223.700-225.700.mp3,False,
litoria inermis,project_echo_bucket_2__region_381.900-383.900.mp3,False,
litoria inermis,project_echo_bucket_3__region_528.100-530.100.mp3,False,
litoria inermis,project_echo_bucket_2__region_348.650-350.650.mp3,False,
litoria inermis,project_echo_bucket_2__region_393.900-395.900.mp3,False,
litoria inermis,project_echo_bucket_2__region_57.200-59.200.mp3,False,
litoria inermis,project_echo_bucket_2__region_516.550-518.550.mp3,False,
litoria inermis,project_echo_bucket_2__region_552.400-554.400.mp3,False,
litoria inermis,project_echo_bucket_3__region_437.100-439.100.mp3,False,
litoria inermis,project_echo_bucket_3__region_550.200-552.200.mp3,False,
litoria inermis,project_echo_bucket_3__region_328.650-330.650.mp3,False,
litoria inermis,project_echo_bucket_2__region_425.100-427.100.mp3,False,
litoria inermis,project_echo_bucket_3__region_312.450-314.450.mp3,False,
litoria inermis,project_echo_bucket_2__region_504.800-506.800.mp3,False,
litoria inermis,project_echo_bucket_3__region_241.500-243.500.mp3,False,
litoria inermis,project_echo_bucket_2__region_310.450-312.450.mp3,False,
litoria inermis,project_echo_bucket_2__region_163.400-165.400.mp3,False,
litoria inermis,project_echo_bucket_3__region_522.550-524.550.mp3,False,
litoria inermis,project_echo_bucket_2__region_522.550-524.550.mp3,False,
litoria inermis,project_echo_bucket_3__region_304.000-305.550.mp3,False,
litoria inermis,project_echo_bucket_3__region_532.100-534.100.mp3,False,
litoria inermis,project_echo_bucket_3__region_350.650-352.650.mp3,False,
litoria inermis,project_echo_bucket_2__region_67.200-69.200.mp3,False,
litoria inermis,project_echo_bucket_2__region_145.050-147.050.mp3,False,
litoria inermis,project_echo_bucket_3__region_461.100-463.100.mp3,False,
litoria inermis,project_echo_bucket_3__region_445.100-447.100.mp3,False,
litoria inermis,project_echo_bucket_3__region_119.500-121.500.mp3,False,
litoria inermis,project_echo_bucket_3__region_501.100-503.100.mp3,False,
litoria inermis,project_echo_bucket_2__region_314.950-316.050.mp3,False,
litoria inermis,project_echo_bucket_3__region_294.800-296.300.mp3,False,
litoria inermis,project_echo_bucket_2__region_558.400-560.400.mp3,False,
litoria inermis,project_echo_bucket_3__region_310.450-312.450.mp3,False,
litoria inermis,project_echo_bucket_3__region_359.050-361.050.mp3,False,
litoria inermis,project_echo_bucket_2__region_359.050-361.050.mp3,False,
litoria inermis,project_echo_bucket_3__region_435.100-437.100.mp3,False,
litoria inermis,project_echo_bucket_3__region_53.200-55.200.mp3,False,
litoria inermis,project_echo_bucket_2__region_439.100-441.100.mp3,False,
litoria inermis,project_echo_bucket_3__region_365.900-367.900.mp3,False,
litoria inermis,project_echo_bucket_3__region_30.750-32.750.mp3,False,
litoria inermis,project_echo_bucket_3__region_481.100-483.100.mp3,False,
litoria inermis,project_echo_bucket_3__region_317.550-318.950.mp3,False,
litoria inermis,project_echo_bucket_2__region_377.900-379.900.mp3,False,
litoria inermis,project_echo_bucket_3__region_169.400-171.400.mp3,False,
litoria inermis,project_echo_bucket_2__region_387.900-389.900.mp3,False,
litoria inermis,project_echo_bucket_3__region_7.150-8.350.mp3,False,
litoria inermis,project_echo_bucket_3__region_183.350-185.000.mp3,False,
litoria inermis,project_echo_bucket_2__region_459.100-461.100.mp3,False,
litoria inermis,project_echo_bucket_2__region_485.100-487.100.mp3,False,
litoria inermis,project_echo_bucket_2__region_509.700-511.700.mp3,False,
litoria inermis,project_echo_bucket_2__region_302.000-304.000.mp3,False,
litoria inermis,project_echo_bucket_2__region_361.900-363.900.mp3,False,
litoria inermis,project_echo_bucket_3__region_51.200-53.200.mp3,False,
litoria inermis,project_echo_bucket_3__region_465.100-467.100.mp3,False,
litoria inermis,project_echo_bucket_2__region_554.400-556.400.mp3,False,
litoria inermis,project_echo_bucket_3__region_181.400-183.300.mp3,False,
litoria inermis,project_echo_bucket_2__region_117.500-119.500.mp3,False,
litoria inermis,project_echo_bucket_2__region_344.650-346.650.mp3,False,
litoria inermis,project_echo_bucket_3__region_163.400-165.400.mp3,False,
litoria inermis,project_echo_bucket_3__region_105.000-107.000.mp3,False,
litoria inermis,project_echo_bucket_3__region_113.500-115.500.mp3,False,
litoria inermis,project_echo_bucket_2__region_181.400-183.300.mp3,False,
branta bernicla nigricans,project_echo_birdclef__XC526221_seg19.wav,False,
branta bernicla nigricans,project_echo_birdclef__XC627472_seg61.wav,False,
branta bernicla nigricans,project_echo_birdclef__XC149310.ogg,False,
branta bernicla nigricans,project_echo_birdclef__XC299241_seg17.wav,False,
branta bernicla nigricans,project_echo_birdclef__XC627472_seg12.wav,False,
branta bernicla nigricans,project_echo_birdclef__XC627472_seg31.wav,False,
branta bernicla nigricans,project_echo_birdclef__XC526221_seg9.wav,False,
branta bernicla nigricans,project_echo_birdclef__XC420152.ogg,False,
branta bernicla nigricans,project_echo_birdclef__XC591598.ogg,False,
branta bernicla nigricans,project_echo_birdclef__XC437687.ogg,False,
branta bernicla nigricans,project_echo_birdclef__XC627472_seg25.wav,False,
branta bernicla nigricans,project_echo_birdclef__XC627472_seg10.wav,False,
branta bernicla nigricans,project_echo_birdclef__XC299241_seg36.wav,False,
branta bernicla nigricans,project_echo_birdclef__XC627472_seg32.wav,False,
branta bernicla nigricans,project_echo_birdclef__XC163344.ogg,False,
branta bernicla nigricans,project_echo_birdclef__XC613307.ogg,False,
branta bernicla nigricans,project_echo_birdclef__XC299241_seg9.wav,False,
branta bernicla nigricans,project_echo_birdclef__XC627472_seg56.wav,False,
branta bernicla nigricans,project_echo_birdclef__XC149189.ogg,False,
branta bernicla nigricans,project_echo_birdclef__XC299241_seg15.wav,False,
branta bernicla nigricans,project_echo_birdclef__XC627472_seg50.wav,False,
branta bernicla nigricans,project_echo_birdclef__XC441013.ogg,False,
branta bernicla nigricans,project_echo_birdclef__XC526221_seg6.wav,False,
branta bernicla nigricans,project_echo_birdclef__XC241875.ogg,False,
branta bernicla nigricans,project_echo_birdclef__XC299241_seg25.wav,False,
branta bernicla nigricans,project_echo_birdclef__XC112697.ogg,False,
branta bernicla nigricans,project_echo_birdclef__XC466463.ogg,False,
branta bernicla nigricans,project_echo_birdclef__XC627472_seg15.wav,False,
branta bernicla nigricans,project_echo_birdclef__XC299241_seg18.wav,False,
branta bernicla nigricans,project_echo_birdclef__XC600218.ogg,False,
branta bernicla nigricans,project_echo_birdclef__XC627472_seg57.wav,False,
branta bernicla nigricans,project_echo_birdclef__XC353619.ogg,False,
branta bernicla nigricans,project_echo_birdclef__XC299241_seg8.wav,False,
branta bernicla nigricans,project_echo_birdclef__XC299241_seg10.wav,False,
branta bernicla nigricans,project_echo_birdclef__XC299241_seg31.wav,False,
branta bernicla nigricans,project_echo_birdclef__XC526221_seg17.wav,False,
branta bernicla nigricans,project_echo_birdclef__XC627472_seg67.wav,False,
branta bernicla nigricans,project_echo_birdclef__XC299241_seg0.wav,False,
branta bernicla nigricans,project_echo_birdclef__XC299241_seg46.wav,False,
branta bernicla nigricans,project_echo_birdclef__XC627472_seg21.wav,False,
branta bernicla nigricans,project_echo_birdclef__XC627472_seg35.wav,False,
branta bernicla nigricans,project_echo_birdclef__XC299241_seg30.wav,False,
branta bernicla nigricans,project_echo_birdclef__XC526221_seg3.wav,False,
branta bernicla nigricans,project_echo_birdclef__XC299241_seg45.wav,False,
branta bernicla nigricans,project_echo_birdclef__XC299241_seg26.wav,False,
branta bernicla nigricans,project_echo_birdclef__XC163352.ogg,False,
branta bernicla nigricans,project_echo_birdclef__XC627472_seg22.wav,False,
branta bernicla nigricans,project_echo_birdclef__XC627472_seg42.wav,False,
branta bernicla nigricans,project_echo_birdclef__XC627472_seg27.wav,False,
branta bernicla nigricans,project_echo_birdclef__XC506388.ogg,False,
branta bernicla nigricans,project_echo_birdclef__XC299241_seg43.wav,False,
branta bernicla nigricans,project_echo_birdclef__XC299241_seg34.wav,False,
branta bernicla nigricans,project_echo_birdclef__XC299241_seg22.wav,False,
branta bernicla nigricans,project_echo_birdclef__XC437686.ogg,False,
branta bernicla nigricans,project_echo_birdclef__XC395838.ogg,False,
branta bernicla nigricans,project_echo_birdclef__XC299241_seg28.wav,False,
branta bernicla nigricans,project_echo_birdclef__XC299241_seg5.wav,False,
branta bernicla nigricans,project_echo_birdclef__XC526221_seg4.wav,False,
branta bernicla nigricans,project_echo_birdclef__XC627472_seg19.wav,False,
branta bernicla nigricans,project_echo_birdclef__XC541405.ogg,False,
branta bernicla nigricans,project_echo_birdclef__XC294370.ogg,False,
branta bernicla nigricans,project_echo_birdclef__XC627472_seg38.wav,False,
branta bernicla nigricans,project_echo_birdclef__XC627472_seg66.wav,False,
branta bernicla nigricans,project_echo_birdclef__XC627472_seg62.wav,False,
branta bernicla nigricans,project_echo_birdclef__XC299241_seg19.wav,False,
branta bernicla nigricans,project_echo_birdclef__XC508454.ogg,False,
branta bernicla nigricans,project_echo_birdclef__XC202722.ogg,False,
branta bernicla nigricans,project_echo_birdclef__XC627472_seg7.wav,False,
branta bernicla nigricans,project_echo_birdclef__XC299241_seg37.wav,False,
branta bernicla nigricans,project_echo_birdclef__XC627472_seg46.wav,False,
branta bernicla nigricans,project_echo_birdclef__XC241876.ogg,False,
branta bernicla nigricans,project_echo_birdclef__XC627472_seg63.wav,False,
branta bernicla nigricans,project_echo_birdclef__XC627472_seg4.wav,False,
branta bernicla nigricans,project_echo_birdclef__XC299241_seg33.wav,False,
branta bernicla nigricans,project_echo_birdclef__XC294371.ogg,False,
branta bernicla nigricans,project_echo_birdclef__XC522921.ogg,False,
branta bernicla nigricans,project_echo_birdclef__XC540354.ogg,False,
branta bernicla nigricans,project_echo_birdclef__XC526222.ogg,False,
branta bernicla nigricans,project_echo_birdclef__XC523268.ogg,False,
branta bernicla nigricans,project_echo_birdclef__XC627472_seg60.wav,False,
branta bernicla nigricans,project_echo_birdclef__XC299241_seg42.wav,False,
branta bernicla nigricans,project_echo_birdclef__XC627472_seg1.wav,False,
branta bernicla nigricans,project_echo_birdclef__XC163342.ogg,False,
branta bernicla nigricans,project_echo_birdclef__XC627472_seg39.wav,False,
branta bernicla nigricans,project_echo_birdclef__XC627472_seg17.wav,False,
branta bernicla nigricans,project_echo_birdclef__XC163340.ogg,False,
branta bernicla nigricans,project_echo_birdclef__XC382144.ogg,False,
branta bernicla nigricans,project_echo_birdclef__XC299241_seg23.wav,False,
branta bernicla nigricans,project_echo_birdclef__XC439019.ogg,False,
branta bernicla nigricans,project_echo_birdclef__XC299241_seg38.wav,False,
branta bernicla nigricans,project_echo_birdclef__XC408265.ogg,False,
branta bernicla nigricans,project_echo_birdclef__XC627472_seg23.wav,False,
branta bernicla nigricans,project_echo_birdclef__XC299241_seg12.wav,False,
branta bernicla nigricans,project_echo_birdclef__XC299241_seg24.wav,False,
branta bernicla nigricans,project_echo_birdclef__XC590289.ogg,False,
branta bernicla nigricans,project_echo_birdclef__XC629712.ogg,False,
branta bernicla nigricans,project_echo_birdclef__XC149389.ogg,False,
branta bernicla nigricans,project_echo_birdclef__XC615149.ogg,False,
branta bernicla nigricans,project_echo_birdclef__XC627472_seg54.wav,False,
branta bernicla nigricans,project_echo_birdclef__XC627472_seg16.wav,False,
branta bernicla nigricans,project_echo_birdclef__XC526221_seg13.wav,False,
branta bernicla nigricans,project_echo_birdclef__XC299241_seg40.wav,False,
branta bernicla nigricans,project_echo_birdclef__XC627472_seg52.wav,False,
branta bernicla nigricans,project_echo_birdclef__XC627472_seg37.wav,False,
branta bernicla nigricans,project_echo_birdclef__XC627472_seg9.wav,False,
branta bernicla nigricans,project_echo_birdclef__XC614171.ogg,False,
branta bernicla nigricans,project_echo_birdclef__XC627472_seg3.wav,False,
branta bernicla nigricans,project_echo_birdclef__XC149188.ogg,False,
branta bernicla nigricans,project_echo_birdclef__XC540716.ogg,False,
branta bernicla nigricans,project_echo_birdclef__XC627472_seg0.wav,False,
branta bernicla nigricans,project_echo_birdclef__XC627472_seg2.wav,False,
branta bernicla nigricans,project_echo_birdclef__XC500762.ogg,False,
branta bernicla nigricans,project_echo_birdclef__XC610562.ogg,False,
branta bernicla nigricans,project_echo_birdclef__XC627472_seg74.wav,False,
branta bernicla nigricans,project_echo_birdclef__XC299241_seg29.wav,False,
branta bernicla nigricans,project_echo_birdclef__XC452789.ogg,False,
branta bernicla nigricans,project_echo_birdclef__XC526264.ogg,False,
branta bernicla nigricans,project_echo_birdclef__XC627472_seg34.wav,False,
branta bernicla nigricans,project_echo_birdclef__XC526221_seg2.wav,False,
branta bernicla nigricans,project_echo_birdclef__XC299241_seg21.wav,False,
branta bernicla nigricans,project_echo_birdclef__XC500761.ogg,False,
branta bernicla nigricans,project_echo_birdclef__XC452788.ogg,False,
branta bernicla nigricans,project_echo_birdclef__XC627472_seg20.wav,False,
branta bernicla nigricans,project_echo_birdclef__XC299241_seg4.wav,False,
branta bernicla nigricans,project_echo_birdclef__XC526221_seg18.wav,False,
branta bernicla nigricans,project_echo_birdclef__XC299241_seg39.wav,False,
branta bernicla nigricans,project_echo_birdclef__XC627472_seg26.wav,False,
branta bernicla nigricans,project_echo_birdclef__XC591599.ogg,False,
branta bernicla nigricans,project_echo_birdclef__XC541304.ogg,False,
branta bernicla nigricans,project_echo_birdclef__XC627472_seg18.wav,False,
branta bernicla nigricans,project_echo_birdclef__XC627472_seg72.wav,False,
branta bernicla nigricans,project_echo_birdclef__XC299241_seg16.wav,False,
branta bernicla nigricans,project_echo_birdclef__XC348495.ogg,False,
branta bernicla nigricans,project_echo_birdclef__XC627472_seg14.wav,False,
branta bernicla nigricans,project_echo_birdclef__XC500404.ogg,False,
branta bernicla nigricans,project_echo_birdclef__XC588758.ogg,False,
branta bernicla nigricans,project_echo_birdclef__XC526221_seg15.wav,False,
branta bernicla nigricans,project_echo_birdclef__XC349592.ogg,False,
branta bernicla nigricans,project_echo_birdclef__XC299241_seg32.wav,False,
branta bernicla nigricans,project_echo_birdclef__XC181189.ogg,False,
branta bernicla nigricans,project_echo_birdclef__XC627472_seg64.wav,False,
branta bernicla nigricans,project_echo_birdclef__XC299241_seg13.wav,False,
branta bernicla nigricans,project_echo_birdclef__XC627472_seg51.wav,False,
branta bernicla nigricans,project_echo_birdclef__XC552894.ogg,False,
branta bernicla nigricans,project_echo_birdclef__XC627472_seg70.wav,False,
branta bernicla nigricans,project_echo_birdclef__XC541303.ogg,False,
branta bernicla nigricans,project_echo_birdclef__XC627472_seg43.wav,False,
branta bernicla nigricans,project_echo_birdclef__XC627472_seg58.wav,False,
branta bernicla nigricans,project_echo_birdclef__XC161421.ogg,False,
branta bernicla nigricans,project_echo_birdclef__XC299241_seg20.wav,False,
barnardius zonarius,project_echo_bucket_2__region_43.600-44.950.mp3,False,
barnardius zonarius,project_echo_bucket_3__region_3.800-4.950.mp3,False,
barnardius zonarius,project_echo_bucket_2__region_9.750-11.750.mp3,False,
barnardius zonarius,project_echo_bucket_3__region_10.600-12.500.mp3,False,
barnardius zonarius,project_echo_bucket_2__region_9.900-11.850.mp3,False,
barnardius zonarius,project_echo_bucket_3__region_0.700-2.450.mp3,False,
barnardius zonarius,project_echo_bucket_2__region_9.500-10.850.mp3,False,
barnardius zonarius,project_echo_bucket_3__region_11.050-12.150.mp3,False,
barnardius zonarius,project_echo_bucket_2__region_1.050-3.050.mp3,False,
barnardius zonarius,project_echo_bucket_2__region_4.950-6.150.mp3,False,
barnardius zonarius,project_echo_bucket_3__region_8.300-9.650.mp3,False,
barnardius zonarius,project_echo_bucket_3__region_17.350-19.350.mp3,False,
barnardius zonarius,project_echo_bucket_2__region_2.300-4.300.mp3,False,
barnardius zonarius,project_echo_bucket_3__region_0.350-2.350.mp3,False,
barnardius zonarius,project_echo_bucket_2__region_3.750-5.750.mp3,False,
barnardius zonarius,project_echo_bucket_2__region_6.500-8.500.mp3,False,
barnardius zonarius,project_echo_bucket_2__region_30.900-32.900.mp3,False,
barnardius zonarius,project_echo_bucket_2__region_0.900-2.900.mp3,False,
barnardius zonarius,project_echo_bucket_2__region_4.650-6.650.mp3,False,
barnardius zonarius,project_echo_bucket_2__region_16.750-18.750.mp3,False,
barnardius zonarius,project_echo_bucket_2__region_6.150-7.800.mp3,False,
barnardius zonarius,project_echo_bucket_2__region_36.450-38.400.mp3,False,
barnardius zonarius,project_echo_bucket_2__region_1.000-3.000.mp3,False,
barnardius zonarius,project_echo_bucket_2__region_81.200-83.200.mp3,False,
barnardius zonarius,project_echo_bucket_3__region_5.900-7.900.mp3,False,
barnardius zonarius,project_echo_bucket_3__region_15.750-17.750.mp3,False,
barnardius zonarius,project_echo_bucket_2__region_10.200-12.200.mp3,False,
barnardius zonarius,project_echo_bucket_2__region_13.900-15.900.mp3,False,
barnardius zonarius,project_echo_bucket_2__region_8.650-10.650.mp3,False,
barnardius zonarius,project_echo_bucket_2__region_25.250-27.250.mp3,False,
barnardius zonarius,project_echo_bucket_3__region_9.900-11.500.mp3,False,
barnardius zonarius,project_echo_bucket_2__region_56.750-58.250.mp3,False,
barnardius zonarius,project_echo_bucket_3__region_2.950-4.950.mp3,False,
barnardius zonarius,project_echo_bucket_2__region_30.650-32.100.mp3,False,
barnardius zonarius,project_echo_bucket_2__region_34.700-36.700.mp3,False,
barnardius zonarius,project_echo_bucket_3__region_7.800-9.800.mp3,False,
barnardius zonarius,project_echo_bucket_3__region_64.600-66.600.mp3,False,
barnardius zonarius,project_echo_bucket_3__region_24.500-26.500.mp3,False,
barnardius zonarius,project_echo_bucket_3__region_73.800-75.800.mp3,False,
barnardius zonarius,project_echo_bucket_2__region_15.700-17.050.mp3,False,
barnardius zonarius,project_echo_bucket_3__region_12.950-14.950.mp3,False,
barnardius zonarius,project_echo_bucket_2__region_15.350-16.750.mp3,False,
barnardius zonarius,project_echo_bucket_3__region_7.200-8.500.mp3,False,
barnardius zonarius,project_echo_bucket_3__region_1.750-3.750.mp3,False,
barnardius zonarius,project_echo_bucket_2__region_7.200-9.200.mp3,False,
barnardius zonarius,project_echo_bucket_3__region_7.750-9.750.mp3,False,
barnardius zonarius,project_echo_bucket_2__region_13.300-15.300.mp3,False,
barnardius zonarius,project_echo_bucket_3__region_0.350-1.600.mp3,False,
barnardius zonarius,project_echo_bucket_2__region_11.800-13.800.mp3,False,
barnardius zonarius,project_echo_bucket_3__region_17.100-18.950.mp3,False,
barnardius zonarius,project_echo_bucket_3__region_16.400-17.900.mp3,False,
barnardius zonarius,project_echo_bucket_3__region_71.400-73.400.mp3,False,
barnardius zonarius,project_echo_bucket_3__region_4.400-5.700.mp3,False,
barnardius zonarius,project_echo_bucket_3__region_1.050-3.050.mp3,False,
barnardius zonarius,project_echo_bucket_2__region_7.800-9.800.mp3,False,
barnardius zonarius,project_echo_bucket_2__region_7.100-8.750.mp3,False,
barnardius zonarius,project_echo_bucket_3__region_6.600-8.600.mp3,False,
barnardius zonarius,project_echo_bucket_2__region_3.050-4.500.mp3,False,
barnardius zonarius,project_echo_bucket_2__region_22.100-24.100.mp3,False,
barnardius zonarius,project_echo_bucket_2__region_9.200-11.200.mp3,False,
barnardius zonarius,project_echo_bucket_3__region_30.750-32.750.mp3,False,
barnardius zonarius,project_echo_bucket_3__region_1.900-3.450.mp3,False,
barnardius zonarius,project_echo_bucket_3__region_50.750-52.750.mp3,False,
barnardius zonarius,project_echo_bucket_2__region_5.750-7.750.mp3,False,
barnardius zonarius,project_echo_bucket_3__region_4.300-6.300.mp3,False,
barnardius zonarius,project_echo_bucket_2__region_17.100-18.950.mp3,False,
barnardius zonarius,project_echo_bucket_2__region_11.300-12.500.mp3,False,
barnardius zonarius,project_echo_bucket_3__region_25.250-27.250.mp3,False,
barnardius zonarius,project_echo_bucket_3__region_0.950-2.550.mp3,False,
barnardius zonarius,project_echo_bucket_2__region_3.900-5.900.mp3,False,
barnardius zonarius,project_echo_bucket_3__region_38.800-40.000.mp3,False,
barnardius zonarius,project_echo_bucket_3__region_11.750-13.600.mp3,False,
barnardius zonarius,project_echo_bucket_3__region_6.300-8.300.mp3,False,
barnardius zonarius,project_echo_bucket_2__region_5.100-6.850.mp3,False,
barnardius zonarius,project_echo_bucket_3__region_19.150-20.600.mp3,False,
barnardius zonarius,project_echo_bucket_2__region_60.700-62.700.mp3,False,
barnardius zonarius,project_echo_bucket_2__region_1.900-3.450.mp3,False,
barnardius zonarius,project_echo_bucket_3__region_22.100-24.100.mp3,False,
barnardius zonarius,project_echo_bucket_3__region_19.600-21.350.mp3,False,
barnardius zonarius,project_echo_bucket_2__region_4.300-6.300.mp3,False,
barnardius zonarius,project_echo_bucket_2__region_10.950-12.950.mp3,False,
barnardius zonarius,project_echo_bucket_2__region_43.800-45.600.mp3,False,
barnardius zonarius,project_echo_bucket_2__region_15.450-16.700.mp3,False,
barnardius zonarius,project_echo_bucket_3__region_18.550-20.500.mp3,False,
barnardius zonarius,project_echo_bucket_2__region_13.050-14.550.mp3,False,
barnardius zonarius,project_echo_bucket_2__region_0.450-2.450.mp3,False,
barnardius zonarius,project_echo_bucket_3__region_26.600-28.000.mp3,False,
barnardius zonarius,project_echo_bucket_3__region_13.400-15.200.mp3,False,
barnardius zonarius,project_echo_bucket_3__region_42.600-44.250.mp3,False,
barnardius zonarius,project_echo_bucket_3__region_5.750-7.750.mp3,False,
barnardius zonarius,project_echo_bucket_3__region_15.700-17.050.mp3,False,
barnardius zonarius,project_echo_bucket_3__region_10.500-12.500.mp3,False,
barnardius zonarius,project_echo_bucket_2__region_20.250-21.700.mp3,False,
barnardius zonarius,project_echo_bucket_3__region_2.450-4.100.mp3,False,
barnardius zonarius,project_echo_bucket_1__region_17.300-19.300.wav,False,
barnardius zonarius,project_echo_bucket_3__region_5.000-6.150.mp3,False,
barnardius zonarius,project_echo_bucket_2__region_0.800-2.800.mp3,False,
barnardius zonarius,project_echo_bucket_3__region_15.450-16.700.mp3,False,
barnardius zonarius,project_echo_bucket_2__region_6.450-8.450.mp3,False,
barnardius zonarius,project_echo_bucket_2__region_58.700-60.700.mp3,False,
barnardius zonarius,project_echo_bucket_3__region_20.550-22.000.mp3,False,
barnardius zonarius,project_echo_bucket_3__region_17.950-19.600.mp3,False,
barnardius zonarius,project_echo_bucket_2__region_11.050-12.150.mp3,False,
barnardius zonarius,project_echo_bucket_2__region_2.450-4.100.mp3,False,
barnardius zonarius,project_echo_bucket_2__region_38.850-40.400.mp3,False,
barnardius zonarius,project_echo_bucket_3__region_37.550-38.900.mp3,False,
barnardius zonarius,project_echo_bucket_2__region_29.800-31.150.mp3,False,
barnardius zonarius,project_echo_bucket_2__region_0.250-2.250.mp3,False,
barnardius zonarius,project_echo_bucket_2__region_9.350-10.600.mp3,False,
barnardius zonarius,project_echo_bucket_2__region_32.800-34.500.mp3,False,
barnardius zonarius,project_echo_bucket_2__region_3.800-4.950.mp3,False,
barnardius zonarius,project_echo_bucket_3__region_13.300-15.300.mp3,False,
barnardius zonarius,project_echo_bucket_1__region_10.400-12.400.wav,False,
barnardius zonarius,project_echo_bucket_3__region_5.450-6.900.mp3,False,
barnardius zonarius,project_echo_bucket_2__region_1.800-3.800.mp3,False,
barnardius zonarius,project_echo_bucket_3__region_95.350-96.950.mp3,False,
barnardius zonarius,project_echo_bucket_3__region_5.100-6.850.mp3,False,
barnardius zonarius,project_echo_bucket_2__region_18.900-20.900.mp3,False,
barnardius zonarius,project_echo_bucket_2__region_11.900-13.900.mp3,False,
barnardius zonarius,project_echo_bucket_3__region_12.000-14.000.mp3,False,
barnardius zonarius,project_echo_bucket_2__region_2.900-4.900.mp3,False,
barnardius zonarius,project_echo_bucket_2__region_20.100-22.100.mp3,False,
barnardius zonarius,project_echo_bucket_3__region_13.900-15.900.mp3,False,
barnardius zonarius,project_echo_bucket_3__region_2.300-4.300.mp3,False,
barnardius zonarius,project_echo_bucket_3__region_6.500-8.500.mp3,False,
barnardius zonarius,project_echo_bucket_2__region_5.000-6.150.mp3,False,
barnardius zonarius,project_echo_bucket_3__region_34.700-36.700.mp3,False,
barnardius zonarius,project_echo_bucket_2__region_0.850-2.850.mp3,False,
barnardius zonarius,project_echo_bucket_2__region_39.300-40.850.mp3,False,
barnardius zonarius,project_echo_bucket_3__region_32.800-34.500.mp3,False,
barnardius zonarius,project_echo_bucket_2__region_76.500-78.500.mp3,False,
barnardius zonarius,project_echo_bucket_3__region_15.300-17.300.mp3,False,
barnardius zonarius,project_echo_bucket_2__region_11.750-13.600.mp3,False,
barnardius zonarius,project_echo_bucket_3__region_58.700-60.700.mp3,False,
barnardius zonarius,project_echo_bucket_2__region_86.750-88.750.mp3,False,
barnardius zonarius,project_echo_bucket_3__region_30.650-32.100.mp3,False,
barnardius zonarius,project_echo_bucket_2__region_3.000-5.000.mp3,False,
barnardius zonarius,project_echo_bucket_2__region_22.350-24.000.mp3,False,
barnardius zonarius,project_echo_bucket_3__region_10.450-12.450.mp3,False,
barnardius zonarius,project_echo_bucket_3__region_71.200-73.200.mp3,False,
barnardius zonarius,project_echo_bucket_2__region_42.600-44.250.mp3,False,
barnardius zonarius,project_echo_bucket_2__region_4.400-5.700.mp3,False,
barnardius zonarius,project_echo_bucket_3__region_36.700-38.450.mp3,False,
barnardius zonarius,project_echo_bucket_3__region_3.200-5.200.mp3,False,
barnardius zonarius,project_echo_bucket_3__region_29.150-30.550.mp3,False,
barnardius zonarius,project_echo_bucket_3__region_20.100-22.100.mp3,False,
barnardius zonarius,project_echo_bucket_3__region_66.400-68.400.mp3,False,
barnardius zonarius,project_echo_bucket_3__region_10.400-12.400.mp3,False,
barnardius zonarius,project_echo_bucket_2__region_2.100-4.100.mp3,False,
barnardius zonarius,project_echo_bucket_2__region_71.200-73.200.mp3,False,
cophixalus infacetus,project_echo_bucket_3__region_484.500-486.500.mp3,False,
cophixalus infacetus,project_echo_bucket_2__region_84.450-86.450.mp3,False,
cophixalus infacetus,project_echo_bucket_2__region_174.300-176.300.mp3,False,
cophixalus infacetus,project_echo_bucket_2__region_46.850-48.850.mp3,False,
cophixalus infacetus,project_echo_bucket_3__region_136.850-138.850.mp3,False,
cophixalus infacetus,project_echo_bucket_2__region_44.450-46.450.mp3,False,
cophixalus infacetus,project_echo_bucket_2__region_518.200-520.200.mp3,False,
cophixalus infacetus,project_echo_bucket_3__region_62.850-64.850.mp3,False,
cophixalus infacetus,project_echo_bucket_2__region_604.450-605.700.mp3,False,
cophixalus infacetus,project_echo_bucket_1__region_215.350-217.350.wav,False,
cophixalus infacetus,project_echo_bucket_3__region_110.850-112.850.mp3,False,
cophixalus infacetus,project_echo_bucket_2__region_466.500-468.500.mp3,False,
cophixalus infacetus,project_echo_bucket_2__region_4.450-6.450.mp3,False,
cophixalus infacetus,project_echo_bucket_2__region_80.850-82.850.mp3,False,
cophixalus infacetus,project_echo_bucket_3__region_177.300-178.950.mp3,False,
cophixalus infacetus,project_echo_bucket_3__region_382.500-384.500.mp3,False,
cophixalus infacetus,project_echo_bucket_2__region_170.300-172.300.mp3,False,
cophixalus infacetus,project_echo_bucket_3__region_232.500-234.500.mp3,False,
cophixalus infacetus,project_echo_bucket_2__region_4.700-6.700.mp3,False,
cophixalus infacetus,project_echo_bucket_3__region_293.900-295.900.mp3,False,
cophixalus infacetus,project_echo_bucket_2__region_32.700-34.700.mp3,False,
cophixalus infacetus,project_echo_bucket_3__region_111.450-113.450.mp3,False,
cophixalus infacetus,project_echo_bucket_3__region_76.700-78.700.mp3,False,
cophixalus infacetus,project_echo_bucket_3__region_70.450-72.450.mp3,False,
cophixalus infacetus,project_echo_bucket_3__region_448.500-450.500.mp3,False,
cophixalus infacetus,project_echo_bucket_3__region_2.450-4.450.mp3,False,
cophixalus infacetus,project_echo_bucket_2__region_66.450-68.450.mp3,False,
cophixalus infacetus,project_echo_bucket_3__region_56.450-58.450.mp3,False,
cophixalus infacetus,project_echo_bucket_3__region_281.900-283.900.mp3,False,
cophixalus infacetus,project_echo_bucket_3__region_135.100-137.100.mp3,False,
cophixalus infacetus,project_echo_bucket_3__region_150.300-152.300.mp3,False,
cophixalus infacetus,project_echo_bucket_3__region_44.450-46.450.mp3,False,
cophixalus infacetus,project_echo_bucket_2__region_40.450-42.450.mp3,False,
cophixalus infacetus,project_echo_bucket_3__region_16.450-18.450.mp3,False,
cophixalus infacetus,project_echo_bucket_3__region_147.300-149.300.mp3,False,
cophixalus infacetus,project_echo_bucket_2__region_94.850-96.850.mp3,False,
cophixalus infacetus,project_echo_bucket_3__region_36.850-38.850.mp3,False,
cophixalus infacetus,project_echo_bucket_3__X04201.mp3,False,
cophixalus infacetus,project_echo_bucket_2__region_135.100-137.100.mp3,False,
cophixalus infacetus,project_echo_bucket_2__region_111.450-113.450.mp3,False,
cophixalus infacetus,project_echo_bucket_3__region_342.500-344.500.mp3,False,
cophixalus infacetus,project_echo_bucket_2__region_333.750-335.750.mp3,False,
cophixalus infacetus,project_echo_bucket_3__region_86.450-88.450.mp3,False,
cophixalus infacetus,project_echo_bucket_2__region_162.300-164.300.mp3,False,
cophixalus infacetus,project_echo_bucket_3__region_40.850-42.850.mp3,False,
cophixalus infacetus,project_echo_bucket_2__region_187.550-188.900.mp3,False,
cophixalus infacetus,project_echo_bucket_3__region_86.850-88.850.mp3,False,
cophixalus infacetus,project_echo_bucket_3__region_80.450-82.450.mp3,False,
cophixalus infacetus,project_echo_bucket_3__region_160.300-162.300.mp3,False,
cophixalus infacetus,project_echo_bucket_2__region_140.850-142.850.mp3,False,
cophixalus infacetus,project_echo_bucket_2__region_124.850-126.850.mp3,False,
cophixalus infacetus,project_echo_bucket_3__region_6.450-8.450.mp3,False,
cophixalus infacetus,project_echo_bucket_1__region_132.850-134.850.wav,False,
cophixalus infacetus,project_echo_bucket_3__region_24.450-26.450.mp3,False,
cophixalus infacetus,project_echo_bucket_2__region_94.450-96.450.mp3,False,
cophixalus infacetus,project_echo_bucket_3__region_64.850-66.850.mp3,False,
cophixalus infacetus,project_echo_bucket_3__region_307.900-309.900.mp3,False,
cophixalus infacetus,project_echo_bucket_3__region_16.850-18.850.mp3,False,
cophixalus infacetus,project_echo_bucket_2__region_273.900-275.900.mp3,False,
cophixalus infacetus,project_echo_bucket_3__region_194.300-196.300.mp3,False,
cophixalus infacetus,project_echo_bucket_3__region_227.350-229.350.mp3,False,
cophixalus infacetus,project_echo_bucket_3__region_42.850-44.850.mp3,False,
cophixalus infacetus,project_echo_bucket_2__region_106.450-108.450.mp3,False,
cophixalus infacetus,project_echo_bucket_2__region_36.700-38.700.mp3,False,
cophixalus infacetus,project_echo_bucket_2__region_281.900-283.900.mp3,False,
cophixalus infacetus,project_echo_bucket_3__region_376.500-378.500.mp3,False,
cophixalus infacetus,project_echo_bucket_3__region_88.650-90.650.mp3,False,
cophixalus infacetus,project_echo_bucket_3__region_24.850-26.850.mp3,False,
cophixalus infacetus,project_echo_bucket_2__region_52.850-54.850.mp3,False,
cophixalus infacetus,project_echo_bucket_3__region_22.700-24.700.mp3,False,
cophixalus infacetus,project_echo_bucket_3__region_12.450-14.450.mp3,False,
cophixalus infacetus,project_echo_bucket_2__region_88.650-90.650.mp3,False,
cophixalus infacetus,project_echo_bucket_3__region_80.850-82.850.mp3,False,
cophixalus infacetus,project_echo_bucket_2__region_114.850-116.850.mp3,False,
cophixalus infacetus,project_echo_bucket_3__region_408.500-410.500.mp3,False,
cophixalus infacetus,project_echo_bucket_3__region_466.500-468.500.mp3,False,
cophixalus infacetus,project_echo_bucket_2__region_6.850-8.850.mp3,False,
cophixalus infacetus,project_echo_bucket_2__region_123.450-125.450.mp3,False,
cophixalus infacetus,project_echo_bucket_2__region_70.700-72.700.mp3,False,
cophixalus infacetus,project_echo_bucket_2__region_476.500-478.500.mp3,False,
cophixalus infacetus,project_echo_bucket_3__region_56.850-58.850.mp3,False,
cophixalus infacetus,project_echo_bucket_2__region_72.450-74.450.mp3,False,
cophixalus infacetus,project_echo_bucket_3__region_122.450-124.450.mp3,False,
cophixalus infacetus,project_echo_bucket_3__region_48.850-50.850.mp3,False,
cophixalus infacetus,project_echo_bucket_2__region_66.850-68.850.mp3,False,
cophixalus infacetus,project_echo_bucket_3__region_434.500-436.500.mp3,False,
cophixalus infacetus,project_echo_bucket_2__region_18.450-20.450.mp3,False,
cophixalus infacetus,project_echo_bucket_2__region_591.950-593.150.mp3,False,
cophixalus infacetus,project_echo_bucket_2__region_20.450-22.450.mp3,False,
cophixalus infacetus,project_echo_bucket_2__region_358.500-360.500.mp3,False,
cophixalus infacetus,project_echo_bucket_2__region_70.450-72.450.mp3,False,
cophixalus infacetus,project_echo_bucket_2__region_22.700-24.700.mp3,False,
cophixalus infacetus,project_echo_bucket_3__region_30.850-32.850.mp3,False,
cophixalus infacetus,project_echo_bucket_2__region_99.800-101.800.mp3,False,
cophixalus infacetus,project_echo_bucket_3__region_140.850-142.850.mp3,False,
cophixalus infacetus,project_echo_bucket_2__region_382.500-384.500.mp3,False,
cophixalus infacetus,project_echo_bucket_3__region_128.850-130.850.mp3,False,
cophixalus infacetus,project_echo_bucket_2__region_142.850-144.850.mp3,False,
cophixalus infacetus,project_echo_bucket_3__region_211.200-212.550.mp3,False,
cophixalus infacetus,project_echo_bucket_2__region_118.450-120.450.mp3,False,
cophixalus infacetus,project_echo_bucket_2__region_370.500-372.500.mp3,False,
cophixalus infacetus,project_echo_bucket_2__region_2.450-4.450.mp3,False,
cophixalus infacetus,project_echo_bucket_2__region_193.050-195.050.mp3,False,
cophixalus infacetus,project_echo_bucket_2__region_110.850-112.850.mp3,False,
cophixalus infacetus,project_echo_bucket_2__region_98.450-100.450.mp3,False,
cophixalus infacetus,project_echo_bucket_2__region_114.450-116.450.mp3,False,
cophixalus infacetus,project_echo_bucket_3__region_18.850-20.850.mp3,False,
cophixalus infacetus,project_echo_bucket_3__region_98.850-100.850.mp3,False,
cophixalus infacetus,project_echo_bucket_3__region_153.300-155.300.mp3,False,
cophixalus infacetus,project_echo_bucket_2__region_376.500-378.500.mp3,False,
cophixalus infacetus,project_echo_bucket_2__region_52.700-54.700.mp3,False,
cophixalus infacetus,project_echo_bucket_3__region_118.450-120.450.mp3,False,
cophixalus infacetus,project_echo_bucket_2__region_28.450-30.450.mp3,False,
cophixalus infacetus,project_echo_bucket_3__region_98.450-100.450.mp3,False,
cophixalus infacetus,project_echo_bucket_2__region_434.500-436.500.mp3,False,
cophixalus infacetus,project_echo_bucket_2__region_86.450-88.450.mp3,False,
cophixalus infacetus,project_echo_bucket_3__region_117.450-119.450.mp3,False,
cophixalus infacetus,project_echo_bucket_3__region_16.700-18.700.mp3,False,
cophixalus infacetus,project_echo_bucket_3__region_180.300-182.300.mp3,False,
cophixalus infacetus,project_echo_bucket_2__region_24.850-26.850.mp3,False,
cophixalus infacetus,project_echo_bucket_3__region_354.500-356.500.mp3,False,
cophixalus infacetus,project_echo_bucket_2__region_544.500-546.500.mp3,False,
cophixalus infacetus,project_echo_bucket_3__region_187.550-188.900.mp3,False,
cophixalus infacetus,project_echo_bucket_3__region_94.450-96.450.mp3,False,
cophixalus infacetus,project_echo_bucket_3__region_240.500-242.500.mp3,False,
cophixalus infacetus,project_echo_bucket_2__region_58.850-60.850.mp3,False,
cophixalus infacetus,project_echo_bucket_3__region_529.950-531.150.mp3,False,
cophixalus infacetus,project_echo_bucket_3__region_172.300-174.300.mp3,False,
cophixalus infacetus,project_echo_bucket_3__region_188.300-190.300.mp3,False,
cophixalus infacetus,project_echo_bucket_2__region_422.500-424.500.mp3,False,
cophixalus infacetus,project_echo_bucket_3__region_110.450-112.450.mp3,False,
cophixalus infacetus,project_echo_bucket_2__region_262.250-264.250.mp3,False,
cophixalus infacetus,project_echo_bucket_3__region_518.200-520.200.mp3,False,
cophixalus infacetus,project_echo_bucket_2__region_36.450-38.450.mp3,False,
cophixalus infacetus,project_echo_bucket_2__region_240.500-242.500.mp3,False,
cophixalus infacetus,project_echo_bucket_2__region_586.750-588.400.mp3,False,
cophixalus infacetus,project_echo_bucket_2__region_177.300-178.950.mp3,False,
cophixalus infacetus,project_echo_bucket_2__region_597.300-598.950.mp3,False,
cophixalus infacetus,project_echo_bucket_2__region_42.850-44.850.mp3,False,
cophixalus infacetus,project_echo_bucket_3__region_106.850-108.850.mp3,False,
cophixalus infacetus,project_echo_bucket_2__region_299.900-301.900.mp3,False,
cophixalus infacetus,project_echo_bucket_2__region_448.500-450.500.mp3,False,
cophixalus infacetus,project_echo_bucket_2__region_293.900-295.900.mp3,False,
cophixalus infacetus,project_echo_bucket_3__region_299.900-301.900.mp3,False,
cophixalus infacetus,project_echo_bucket_3__region_184.300-186.300.mp3,False,
cophixalus infacetus,project_echo_bucket_2__region_74.450-76.450.mp3,False,
cophixalus infacetus,project_echo_bucket_1__region_56.450-58.450.wav,False,
cophixalus infacetus,project_echo_bucket_2__region_70.850-72.850.mp3,False,
cophixalus infacetus,project_echo_bucket_2__region_580.750-582.750.mp3,False,
cophixalus infacetus,project_echo_bucket_3__region_58.450-60.450.mp3,False,
spilopelia chinensis,project_echo_birdclef__XC291099_seg55.wav,False,
spilopelia chinensis,project_echo_birdclef__XC116924.ogg,False,
spilopelia chinensis,project_echo_birdclef__XC291106_seg29.wav,False,
spilopelia chinensis,project_echo_birdclef__XC291099_seg38.wav,False,
spilopelia chinensis,project_echo_birdclef__XC31443.ogg,False,
spilopelia chinensis,project_echo_birdclef__XC291099_seg51.wav,False,
spilopelia chinensis,project_echo_birdclef__XC163930.ogg,False,
spilopelia chinensis,project_echo_birdclef__XC185648.ogg,False,
spilopelia chinensis,project_echo_birdclef__XC291106_seg19.wav,False,
spilopelia chinensis,project_echo_birdclef__XC291099_seg49.wav,False,
spilopelia chinensis,project_echo_birdclef__XC291106_seg62.wav,False,
spilopelia chinensis,project_echo_birdclef__XC116499.ogg,False,
spilopelia chinensis,project_echo_birdclef__XC291099_seg16.wav,False,
spilopelia chinensis,project_echo_birdclef__XC497557.ogg,False,
spilopelia chinensis,project_echo_birdclef__XC291099_seg46.wav,False,
spilopelia chinensis,project_echo_birdclef__XC291106_seg3.wav,False,
spilopelia chinensis,project_echo_birdclef__XC157874.ogg,False,
spilopelia chinensis,project_echo_birdclef__XC291106_seg25.wav,False,
spilopelia chinensis,project_echo_birdclef__XC291099_seg19.wav,False,
spilopelia chinensis,project_echo_birdclef__XC291099_seg8.wav,False,
spilopelia chinensis,project_echo_birdclef__XC291106_seg22.wav,False,
spilopelia chinensis,project_echo_birdclef__XC291106_seg38.wav,False,
spilopelia chinensis,project_echo_birdclef__XC396741.ogg,False,
spilopelia chinensis,project_echo_birdclef__XC365451.ogg,False,
spilopelia chinensis,project_echo_birdclef__XC291099_seg53.wav,False,
spilopelia chinensis,project_echo_birdclef__XC291106_seg35.wav,False,
spilopelia chinensis,project_echo_birdclef__XC666579.ogg,False,
spilopelia chinensis,project_echo_birdclef__XC291099_seg39.wav,False,
spilopelia chinensis,project_echo_birdclef__XC627819.ogg,False,
spilopelia chinensis,project_echo_birdclef__XC291106_seg5.wav,False,
spilopelia chinensis,project_echo_birdclef__XC291099_seg9.wav,False,
spilopelia chinensis,project_echo_birdclef__XC291099_seg29.wav,False,
spilopelia chinensis,project_echo_birdclef__XC616498.ogg,False,
spilopelia chinensis,project_echo_birdclef__XC291106_seg58.wav,False,
spilopelia chinensis,project_echo_birdclef__XC291106_seg37.wav,False,
spilopelia chinensis,project_echo_birdclef__XC291099_seg35.wav,False,
spilopelia chinensis,project_echo_birdclef__XC304102.ogg,False,
spilopelia chinensis,project_echo_birdclef__XC291099_seg21.wav,False,
spilopelia chinensis,project_echo_birdclef__XC291099_seg14.wav,False,
spilopelia chinensis,project_echo_bucket_3__region_4.850-6.050.mp3,False,
spilopelia chinensis,project_echo_birdclef__XC291106_seg13.wav,False,
spilopelia chinensis,project_echo_birdclef__XC291106_seg34.wav,False,
spilopelia chinensis,project_echo_birdclef__XC291106_seg59.wav,False,
spilopelia chinensis,project_echo_birdclef__XC291106_seg56.wav,False,
spilopelia chinensis,project_echo_birdclef__XC205837.ogg,False,
spilopelia chinensis,project_echo_birdclef__XC291099_seg10.wav,False,
spilopelia chinensis,project_echo_birdclef__XC398668.ogg,False,
spilopelia chinensis,project_echo_birdclef__XC291099_seg31.wav,False,
spilopelia chinensis,project_echo_birdclef__XC510573.ogg,False,
spilopelia chinensis,project_echo_birdclef__XC443312.ogg,False,
spilopelia chinensis,project_echo_birdclef__XC291106_seg26.wav,False,
spilopelia chinensis,project_echo_birdclef__XC291106_seg9.wav,False,
spilopelia chinensis,project_echo_birdclef__XC291106_seg45.wav,False,
spilopelia chinensis,project_echo_birdclef__XC291099_seg15.wav,False,
spilopelia chinensis,project_echo_birdclef__XC364383.ogg,False,
spilopelia chinensis,project_echo_birdclef__XC291106_seg11.wav,False,
spilopelia chinensis,project_echo_birdclef__XC359363.ogg,False,
spilopelia chinensis,project_echo_birdclef__XC605124.ogg,False,
spilopelia chinensis,project_echo_birdclef__XC291106_seg16.wav,False,
spilopelia chinensis,project_echo_birdclef__XC335665.ogg,False,
spilopelia chinensis,project_echo_birdclef__XC463317.ogg,False,
spilopelia chinensis,project_echo_birdclef__XC291106_seg64.wav,False,
spilopelia chinensis,project_echo_birdclef__XC447267.ogg,False,
spilopelia chinensis,project_echo_birdclef__XC291106_seg6.wav,False,
spilopelia chinensis,project_echo_birdclef__XC665274.ogg,False,
spilopelia chinensis,project_echo_birdclef__XC291099_seg6.wav,False,
spilopelia chinensis,project_echo_birdclef__XC291106_seg33.wav,False,
spilopelia chinensis,project_echo_birdclef__XC433841.ogg,False,
spilopelia chinensis,project_echo_birdclef__XC291106_seg23.wav,False,
spilopelia chinensis,project_echo_birdclef__XC291106_seg60.wav,False,
spilopelia chinensis,project_echo_birdclef__XC291106_seg40.wav,False,
spilopelia chinensis,project_echo_bucket_3__region_23.500-24.850.mp3,False,
spilopelia chinensis,project_echo_birdclef__XC179204.ogg,False,
spilopelia chinensis,project_echo_birdclef__XC291106_seg39.wav,False,
spilopelia chinensis,project_echo_birdclef__XC291106_seg57.wav,False,
spilopelia chinensis,project_echo_birdclef__XC291106_seg10.wav,False,
spilopelia chinensis,project_echo_birdclef__XC443311.ogg,False,
spilopelia chinensis,project_echo_birdclef__XC291106_seg48.wav,False,
spilopelia chinensis,project_echo_birdclef__XC477310.ogg,False,
spilopelia chinensis,project_echo_birdclef__XC291106_seg1.wav,False,
spilopelia chinensis,project_echo_birdclef__XC291106_seg14.wav,False,
spilopelia chinensis,project_echo_birdclef__XC186558.ogg,False,
spilopelia chinensis,project_echo_birdclef__XC401213.ogg,False,
spilopelia chinensis,project_echo_birdclef__XC291106_seg36.wav,False,
spilopelia chinensis,project_echo_birdclef__XC291106_seg15.wav,False,
spilopelia chinensis,project_echo_bucket_2__region_3.000-5.000.mp3,False,
spilopelia chinensis,project_echo_birdclef__XC441823.ogg,False,
spilopelia chinensis,project_echo_birdclef__XC291099_seg2.wav,False,
spilopelia chinensis,project_echo_bucket_1__region_1.650-3.300.wav,False,
spilopelia chinensis,project_echo_birdclef__XC519900.ogg,False,
spilopelia chinensis,project_echo_birdclef__XC291099_seg54.wav,False,
spilopelia chinensis,project_echo_birdclef__XC291099_seg5.wav,False,
spilopelia chinensis,project_echo_birdclef__XC291106_seg54.wav,False,
spilopelia chinensis,project_echo_birdclef__XC291099_seg41.wav,False,
spilopelia chinensis,project_echo_birdclef__XC304103.ogg,False,
spilopelia chinensis,project_echo_birdclef__XC203400.ogg,False,
spilopelia chinensis,project_echo_birdclef__XC291099_seg27.wav,False,
spilopelia chinensis,project_echo_birdclef__XC291099_seg4.wav,False,
spilopelia chinensis,project_echo_bucket_2__region_4.850-6.050.mp3,False,
spilopelia chinensis,project_echo_birdclef__XC291106_seg66.wav,False,
spilopelia chinensis,project_echo_birdclef__XC291099_seg50.wav,False,
spilopelia chinensis,project_echo_birdclef__XC434919.ogg,False,
spilopelia chinensis,project_echo_birdclef__XC291106_seg31.wav,False,
spilopelia chinensis,project_echo_birdclef__XC607186.ogg,False,
spilopelia chinensis,project_echo_birdclef__XC352026.ogg,False,
spilopelia chinensis,project_echo_birdclef__XC291106_seg0.wav,False,
spilopelia chinensis,project_echo_birdclef__XC345159.ogg,False,
spilopelia chinensis,project_echo_birdclef__XC74458.ogg,False,
spilopelia chinensis,project_echo_birdclef__XC291099_seg26.wav,False,
spilopelia chinensis,project_echo_birdclef__XC291099_seg0.wav,False,
spilopelia chinensis,project_echo_birdclef__XC291106_seg61.wav,False,
spilopelia chinensis,project_echo_birdclef__XC312465.ogg,False,
spilopelia chinensis,project_echo_birdclef__XC293551.ogg,False,
spilopelia chinensis,project_echo_birdclef__XC291106_seg28.wav,False,
spilopelia chinensis,project_echo_birdclef__XC291099_seg40.wav,False,
spilopelia chinensis,project_echo_birdclef__XC291099_seg17.wav,False,
spilopelia chinensis,project_echo_birdclef__XC291099_seg48.wav,False,
spilopelia chinensis,project_echo_birdclef__XC291106_seg53.wav,False,
spilopelia chinensis,project_echo_birdclef__XC291106_seg52.wav,False,
spilopelia chinensis,project_echo_birdclef__XC665481.ogg,False,
spilopelia chinensis,project_echo_birdclef__XC545211.ogg,False,
spilopelia chinensis,project_echo_birdclef__XC291106_seg2.wav,False,
spilopelia chinensis,project_echo_birdclef__XC291106_seg42.wav,False,
spilopelia chinensis,project_echo_birdclef__XC291106_seg51.wav,False,
spilopelia chinensis,project_echo_birdclef__XC291099_seg30.wav,False,
spilopelia chinensis,project_echo_birdclef__XC291099_seg52.wav,False,
spilopelia chinensis,project_echo_birdclef__XC464795.ogg,False,
spilopelia chinensis,project_echo_birdclef__XC291099_seg11.wav,False,
spilopelia chinensis,project_echo_birdclef__XC291099_seg23.wav,False,
spilopelia chinensis,project_echo_birdclef__XC539818.ogg,False,
spilopelia chinensis,project_echo_birdclef__XC291106_seg17.wav,False,
spilopelia chinensis,project_echo_bucket_3__region_55.650-57.650.mp3,False,
spilopelia chinensis,project_echo_birdclef__XC291106_seg30.wav,False,
spilopelia chinensis,project_echo_birdclef__XC348751.ogg,False,
spilopelia chinensis,project_echo_birdclef__XC291099_seg7.wav,False,
spilopelia chinensis,project_echo_birdclef__XC291099_seg36.wav,False,
spilopelia chinensis,project_echo_birdclef__XC291099_seg45.wav,False,
spilopelia chinensis,project_echo_birdclef__XC291099_seg33.wav,False,
spilopelia chinensis,project_echo_birdclef__XC346126.ogg,False,
spilopelia chinensis,project_echo_birdclef__XC291106_seg47.wav,False,
spilopelia chinensis,project_echo_birdclef__XC153022.ogg,False,
spilopelia chinensis,project_echo_bucket_3__region_5.850-7.050.mp3,False,
spilopelia chinensis,project_echo_birdclef__XC291106_seg7.wav,False,
spilopelia chinensis,project_echo_birdclef__XC291106_seg41.wav,False,
spilopelia chinensis,project_echo_birdclef__XC291106_seg46.wav,False,
spilopelia chinensis,project_echo_birdclef__XC291099_seg20.wav,False,
spilopelia chinensis,project_echo_birdclef__XC291099_seg22.wav,False,
spilopelia chinensis,project_echo_birdclef__XC291106_seg43.wav,False,
spilopelia chinensis,project_echo_bucket_3__region_78.400-80.295.mp3,False,
spilopelia chinensis,project_echo_birdclef__XC153052.ogg,False,
philemon citreogularis,project_echo_bucket_3__region_0.050-1.700.mp3,False,
philemon citreogularis,project_echo_bucket_3__region_79.550-81.550.mp3,False,
philemon citreogularis,project_echo_bucket_2__region_42.150-44.150.mp3,False,
philemon citreogularis,project_echo_bucket_3__region_6.400-8.100.mp3,False,
philemon citreogularis,project_echo_bucket_3__region_164.550-166.550.mp3,False,
philemon citreogularis,project_echo_bucket_2__region_7.650-9.350.mp3,False,
philemon citreogularis,project_echo_bucket_3__region_26.000-28.000.mp3,False,
philemon citreogularis,project_echo_bucket_3__region_157.800-159.800.mp3,False,
philemon citreogularis,project_echo_bucket_2__region_23.950-25.900.mp3,False,
philemon citreogularis,project_echo_bucket_2__region_54.450-56.020.mp3,False,
philemon citreogularis,project_echo_bucket_3__region_22.100-23.650.mp3,False,
philemon citreogularis,project_echo_bucket_3__region_21.100-23.100.mp3,False,
philemon citreogularis,project_echo_bucket_2__region_91.400-93.400.mp3,False,
philemon citreogularis,project_echo_bucket_2__region_48.600-50.050.mp3,False,
philemon citreogularis,project_echo_bucket_3__region_7.000-9.000.mp3,False,
philemon citreogularis,project_echo_bucket_2__region_48.150-50.150.mp3,False,
philemon citreogularis,project_echo_bucket_3__region_20.000-22.000.mp3,False,
philemon citreogularis,project_echo_bucket_2__region_4.450-6.450.mp3,False,
philemon citreogularis,project_echo_bucket_2__region_24.450-26.450.mp3,False,
philemon citreogularis,project_echo_bucket_3__region_2.000-3.250.mp3,False,
philemon citreogularis,project_echo_bucket_3__region_0.650-2.650.mp3,False,
philemon citreogularis,project_echo_bucket_2__region_2.000-4.000.mp3,False,
philemon citreogularis,project_echo_bucket_3__region_83.650-85.450.mp3,False,
philemon citreogularis,project_echo_bucket_2__region_79.550-81.550.mp3,False,
philemon citreogularis,project_echo_bucket_3__region_9.900-11.900.mp3,False,
philemon citreogularis,project_echo_bucket_2__region_20.100-22.100.mp3,False,
philemon citreogularis,project_echo_bucket_2__region_117.050-118.850.mp3,False,
philemon citreogularis,project_echo_bucket_3__region_3.800-5.800.mp3,False,
philemon citreogularis,project_echo_bucket_2__region_70.350-72.350.mp3,False,
philemon citreogularis,project_echo_bucket_1__region_20.000-22.000.wav,False,
philemon citreogularis,project_echo_bucket_3__region_14.500-16.500.mp3,False,
philemon citreogularis,project_echo_bucket_2__region_62.400-64.400.mp3,False,
philemon citreogularis,project_echo_bucket_3__region_54.450-56.020.mp3,False,
philemon citreogularis,project_echo_bucket_2__region_18.450-20.450.mp3,False,
philemon citreogularis,project_echo_bucket_3__region_155.350-156.400.mp3,False,
philemon citreogularis,project_echo_bucket_2__region_56.150-58.150.mp3,False,
philemon citreogularis,project_echo_bucket_2__region_10.500-12.100.mp3,False,
philemon citreogularis,project_echo_bucket_2__region_127.750-128.950.mp3,False,
philemon citreogularis,project_echo_bucket_2__region_30.900-32.900.mp3,False,
philemon citreogularis,project_echo_bucket_2__region_138.000-140.000.mp3,False,
philemon citreogularis,project_echo_bucket_3__region_12.200-13.550.mp3,False,
philemon citreogularis,project_echo_bucket_3__region_138.000-140.000.mp3,False,
philemon citreogularis,project_echo_bucket_2__region_69.000-71.000.mp3,False,
philemon citreogularis,project_echo_bucket_2__region_18.900-20.900.mp3,False,
philemon citreogularis,project_echo_bucket_2__region_185.500-187.500.mp3,False,
philemon citreogularis,project_echo_bucket_2__region_11.100-13.100.mp3,False,
philemon citreogularis,project_echo_bucket_1__region_29.450-31.450.wav,False,
philemon citreogularis,project_echo_bucket_2__region_2.650-4.650.mp3,False,
philemon citreogularis,project_echo_bucket_2__region_172.450-174.450.mp3,False,
philemon citreogularis,project_echo_bucket_2__region_177.750-179.750.mp3,False,
philemon citreogularis,project_echo_bucket_2__region_120.000-122.000.mp3,False,
philemon citreogularis,project_echo_bucket_3__region_92.650-93.900.mp3,False,
philemon citreogularis,project_echo_bucket_2__region_72.000-74.000.mp3,False,
philemon citreogularis,project_echo_bucket_2__region_26.000-28.000.mp3,False,
philemon citreogularis,project_echo_bucket_2__region_100.800-102.600.mp3,False,
philemon citreogularis,project_echo_bucket_3__region_28.250-30.250.mp3,False,
philemon citreogularis,project_echo_bucket_2__region_27.550-29.050.mp3,False,
philemon citreogularis,project_echo_bucket_3__region_72.000-74.000.mp3,False,
philemon citreogularis,project_echo_bucket_2__region_168.400-170.400.mp3,False,
philemon citreogularis,project_echo_bucket_3__region_52.100-54.100.mp3,False,
philemon citreogularis,project_echo_bucket_3__region_97.800-99.050.mp3,False,
philemon citreogularis,project_echo_bucket_2__region_183.300-185.300.mp3,False,
philemon citreogularis,project_echo_bucket_2__region_9.450-11.150.mp3,False,
philemon citreogularis,project_echo_bucket_2__region_98.000-100.000.mp3,False,
philemon citreogularis,project_echo_bucket_2__region_14.200-15.850.mp3,False,
philemon citreogularis,project_echo_bucket_3__region_52.150-54.150.mp3,False,
philemon citreogularis,project_echo_bucket_2__region_7.250-8.350.mp3,False,
philemon citreogularis,project_echo_bucket_3__region_24.300-26.300.mp3,False,
philemon citreogularis,project_echo_bucket_2__region_5.100-7.100.mp3,False,
philemon citreogularis,project_echo_bucket_2__region_36.150-38.150.mp3,False,
philemon citreogularis,project_echo_bucket_2__region_9.100-11.100.mp3,False,
philemon citreogularis,project_echo_bucket_3__region_37.200-38.850.mp3,False,
philemon citreogularis,project_echo_bucket_3__region_68.350-70.350.mp3,False,
philemon citreogularis,project_echo_bucket_2__region_43.500-44.600.mp3,False,
philemon citreogularis,project_echo_bucket_2__region_191.600-193.600.mp3,False,
philemon citreogularis,project_echo_bucket_3__region_26.450-28.450.mp3,False,
philemon citreogularis,project_echo_bucket_2__region_133.900-135.200.mp3,False,
philemon citreogularis,project_echo_bucket_3__region_69.000-71.000.mp3,False,
philemon citreogularis,project_echo_bucket_3__region_18.100-20.100.mp3,False,
philemon citreogularis,project_echo_bucket_2__region_130.050-132.050.mp3,False,
philemon citreogularis,project_echo_bucket_3__region_29.450-31.450.mp3,False,
philemon citreogularis,project_echo_bucket_2__region_81.250-82.450.mp3,False,
philemon citreogularis,project_echo_bucket_2__region_16.500-18.500.mp3,False,
philemon citreogularis,project_echo_bucket_3__region_9.000-10.450.mp3,False,
philemon citreogularis,project_echo_bucket_1__region_8.000-10.000.wav,False,
philemon citreogularis,project_echo_bucket_3__region_21.000-22.300.mp3,False,
philemon citreogularis,project_echo_bucket_3__region_110.850-112.050.mp3,False,
philemon citreogularis,project_echo_bucket_3__region_40.150-42.150.mp3,False,
philemon citreogularis,project_echo_bucket_2__region_155.350-156.400.mp3,False,
philemon citreogularis,project_echo_bucket_2__region_97.800-99.050.mp3,False,
philemon citreogularis,project_echo_bucket_3__region_2.000-4.000.mp3,False,
philemon citreogularis,project_echo_bucket_2__region_129.900-131.900.mp3,False,
philemon citreogularis,project_echo_bucket_3__region_7.100-9.100.mp3,False,
philemon citreogularis,project_echo_bucket_3__region_8.050-9.550.mp3,False,
philemon citreogularis,project_echo_bucket_3__region_20.300-22.300.mp3,False,
philemon citreogularis,project_echo_bucket_2__region_40.150-42.150.mp3,False,
philemon citreogularis,project_echo_bucket_2__region_24.300-26.300.mp3,False,
philemon citreogularis,project_echo_bucket_3__region_189.050-191.050.mp3,False,
philemon citreogularis,project_echo_bucket_3__region_98.000-100.000.mp3,False,
philemon citreogularis,project_echo_bucket_3__region_0.250-2.250.mp3,False,
philemon citreogularis,project_echo_bucket_3__region_241.200-243.200.mp3,False,
philemon citreogularis,project_echo_bucket_3__region_54.150-55.500.mp3,False,
philemon citreogularis,project_echo_bucket_2__region_16.100-18.100.mp3,False,
philemon citreogularis,project_echo_bucket_2__region_68.350-70.350.mp3,False,
philemon citreogularis,project_echo_bucket_2__region_90.650-92.650.mp3,False,
philemon citreogularis,project_echo_bucket_2__region_3.800-5.800.mp3,False,
philemon citreogularis,project_echo_bucket_3__region_176.800-178.800.mp3,False,
philemon citreogularis,project_echo_bucket_3__region_27.550-29.050.mp3,False,
philemon citreogularis,project_echo_bucket_3__region_133.900-135.200.mp3,False,
philemon citreogularis,project_echo_bucket_2__region_23.900-25.900.mp3,False,
philemon citreogularis,project_echo_bucket_2__region_20.300-22.300.mp3,False,
philemon citreogularis,project_echo_bucket_3__region_130.050-132.050.mp3,False,
philemon citreogularis,project_echo_bucket_2__region_51.000-53.000.mp3,False,
philemon citreogularis,project_echo_bucket_3__region_60.400-62.400.mp3,False,
philemon citreogularis,project_echo_bucket_3__region_12.100-14.100.mp3,False,
philemon citreogularis,project_echo_bucket_2__region_30.300-32.300.mp3,False,
philemon citreogularis,project_echo_bucket_2__region_153.350-155.350.mp3,False,
philemon citreogularis,project_echo_bucket_2__region_52.150-54.150.mp3,False,
philemon citreogularis,project_echo_bucket_3__region_90.650-92.650.mp3,False,
philemon citreogularis,project_echo_bucket_3__region_172.450-174.450.mp3,False,
philemon citreogularis,project_echo_bucket_3__region_56.400-58.400.mp3,False,
philemon citreogularis,project_echo_bucket_2__region_10.250-11.800.mp3,False,
philemon citreogularis,project_echo_bucket_3__region_23.900-25.900.mp3,False,
philemon citreogularis,project_echo_bucket_3__region_22.000-24.000.mp3,False,
philemon citreogularis,project_echo_bucket_3__region_5.100-7.100.mp3,False,
philemon citreogularis,project_echo_bucket_3__region_42.150-44.150.mp3,False,
philemon citreogularis,project_echo_bucket_2__region_195.600-196.700.mp3,False,
philemon citreogularis,project_echo_bucket_3__region_127.750-128.950.mp3,False,
philemon citreogularis,project_echo_bucket_2__region_36.850-38.850.mp3,False,
philemon citreogularis,project_echo_bucket_2__region_157.800-159.800.mp3,False,
philemon citreogularis,project_echo_bucket_3__region_51.000-53.000.mp3,False,
philemon citreogularis,project_echo_bucket_2__region_93.400-95.400.mp3,False,
philemon citreogularis,project_echo_bucket_3__region_73.000-74.500.mp3,False,
philemon citreogularis,project_echo_bucket_2__region_73.000-74.500.mp3,False,
philemon citreogularis,project_echo_bucket_2__region_8.300-10.300.mp3,False,
philemon citreogularis,project_echo_bucket_2__region_11.250-13.250.mp3,False,
philemon citreogularis,project_echo_bucket_2__region_0.450-1.950.mp3,False,
philemon citreogularis,project_echo_bucket_2__region_22.000-24.000.mp3,False,
philemon citreogularis,project_echo_bucket_2__region_4.650-6.650.mp3,False,
philemon citreogularis,project_echo_bucket_3__region_1.550-3.350.mp3,False,
philemon citreogularis,project_echo_bucket_3__region_16.500-18.500.mp3,False,
philemon citreogularis,project_echo_bucket_3__region_168.550-170.550.mp3,False,
philemon citreogularis,project_echo_bucket_3__region_46.150-48.150.mp3,False,
philemon citreogularis,project_echo_bucket_3__region_31.750-33.200.mp3,False,
philemon citreogularis,project_echo_bucket_3__region_23.950-25.900.mp3,False,
philemon citreogularis,project_echo_bucket_3__region_7.650-9.350.mp3,False,
philemon citreogularis,project_echo_bucket_3__region_2.700-4.700.mp3,False,
philemon citreogularis,project_echo_bucket_2__region_7.100-9.100.mp3,False,
philemon citreogularis,project_echo_bucket_3__region_25.750-26.850.mp3,False,
philemon citreogularis,project_echo_bucket_2__region_26.450-28.450.mp3,False,
acanthiza reguloides,project_echo_bucket_2__region_34.450-36.450.mp3,False,
acanthiza reguloides,project_echo_bucket_2__region_120.400-121.600.mp3,False,
acanthiza reguloides,project_echo_bucket_2__region_18.150-19.650.mp3,False,
acanthiza reguloides,project_echo_bucket_3__region_6.100-8.100.mp3,False,
acanthiza reguloides,project_echo_bucket_3__region_15.850-17.400.mp3,False,
acanthiza reguloides,project_echo_bucket_2__region_19.650-21.650.mp3,False,
acanthiza reguloides,project_echo_bucket_2__region_324.550-326.550.mp3,False,
acanthiza reguloides,project_echo_bucket_3__region_97.950-99.350.mp3,False,
acanthiza reguloides,project_echo_bucket_2__region_27.650-29.650.mp3,False,
acanthiza reguloides,project_echo_bucket_3__region_39.350-41.350.mp3,False,
acanthiza reguloides,project_echo_bucket_3__region_8.150-9.900.mp3,False,
acanthiza reguloides,project_echo_bucket_2__region_37.200-38.950.mp3,False,
acanthiza reguloides,project_echo_bucket_2__region_25.000-27.000.mp3,False,
acanthiza reguloides,project_echo_bucket_2__region_113.100-114.150.mp3,False,
acanthiza reguloides,project_echo_bucket_3__region_68.200-69.700.mp3,False,
acanthiza reguloides,project_echo_bucket_3__region_27.000-29.000.mp3,False,
acanthiza reguloides,project_echo_bucket_3__region_45.150-46.550.mp3,False,
acanthiza reguloides,project_echo_bucket_3__region_11.250-13.250.mp3,False,
acanthiza reguloides,project_echo_bucket_2__region_23.650-25.650.mp3,False,
acanthiza reguloides,project_echo_bucket_3__region_4.450-6.050.mp3,False,
acanthiza reguloides,project_echo_bucket_3__region_27.650-29.650.mp3,False,
acanthiza reguloides,project_echo_bucket_2__region_8.150-9.900.mp3,False,
acanthiza reguloides,project_echo_bucket_3__region_26.000-28.000.mp3,False,
acanthiza reguloides,project_echo_bucket_2__region_2.800-4.200.mp3,False,
acanthiza reguloides,project_echo_bucket_3__region_324.550-326.550.mp3,False,
acanthiza reguloides,project_echo_bucket_3__region_62.750-63.800.mp3,False,
acanthiza reguloides,project_echo_bucket_2__region_338.550-340.550.mp3,False,
acanthiza reguloides,project_echo_bucket_3__region_364.200-366.200.mp3,False,
acanthiza reguloides,project_echo_bucket_3__region_1.000-3.000.mp3,False,
acanthiza reguloides,project_echo_bucket_3__region_5.250-7.250.mp3,False,
acanthiza reguloides,project_echo_bucket_3__region_86.000-88.000.mp3,False,
acanthiza reguloides,project_echo_bucket_2__region_15.850-17.400.mp3,False,
acanthiza reguloides,project_echo_bucket_3__region_136.950-138.200.mp3,False,
acanthiza reguloides,project_echo_bucket_3__region_45.300-46.800.mp3,False,
acanthiza reguloides,project_echo_bucket_3__region_38.600-39.900.mp3,False,
acanthiza reguloides,project_echo_bucket_3__region_19.400-21.400.mp3,False,
acanthiza reguloides,project_echo_bucket_3__region_29.000-30.150.mp3,False,
acanthiza reguloides,project_echo_bucket_2__region_26.000-28.000.mp3,False,
acanthiza reguloides,project_echo_bucket_3__region_9.000-11.000.mp3,False,
acanthiza reguloides,project_echo_bucket_3__region_2.800-4.800.mp3,False,
acanthiza reguloides,project_echo_bucket_3__region_28.350-29.700.mp3,False,
acanthiza reguloides,project_echo_bucket_2__region_118.400-120.400.mp3,False,
acanthiza reguloides,project_echo_bucket_3__region_17.650-19.650.mp3,False,
acanthiza reguloides,project_echo_bucket_2__region_24.750-26.300.mp3,False,
acanthiza reguloides,project_echo_bucket_2__region_340.550-342.550.mp3,False,
acanthiza reguloides,project_echo_bucket_2__region_25.050-27.050.mp3,False,
acanthiza reguloides,project_echo_bucket_3__region_19.650-21.650.mp3,False,
acanthiza reguloides,project_echo_bucket_2__region_81.900-83.900.mp3,False,
acanthiza reguloides,project_echo_bucket_3__region_321.400-323.400.mp3,False,
acanthiza reguloides,project_echo_bucket_3__region_29.650-31.650.mp3,False,
acanthiza reguloides,project_echo_bucket_2__region_4.700-6.700.mp3,False,
acanthiza reguloides,project_echo_bucket_3__region_43.350-45.350.mp3,False,
acanthiza reguloides,project_echo_bucket_2__region_4.000-6.000.mp3,False,
acanthiza reguloides,project_echo_bucket_2__region_18.000-20.000.mp3,False,
acanthiza reguloides,project_echo_bucket_3__region_133.900-135.900.mp3,False,
acanthiza reguloides,project_echo_bucket_2__region_0.850-2.200.mp3,False,
acanthiza reguloides,project_echo_bucket_3__region_37.200-38.950.mp3,False,
acanthiza reguloides,project_echo_bucket_2__region_45.300-46.800.mp3,False,
acanthiza reguloides,project_echo_bucket_3__region_20.400-22.400.mp3,False,
acanthiza reguloides,project_echo_bucket_2__region_9.000-11.000.mp3,False,
acanthiza reguloides,project_echo_bucket_2__region_13.850-15.850.mp3,False,
acanthiza reguloides,project_echo_bucket_2__region_21.450-22.900.mp3,False,
acanthiza reguloides,project_echo_bucket_3__region_43.800-45.450.mp3,False,
acanthiza reguloides,project_echo_bucket_2__region_20.400-22.400.mp3,False,
acanthiza reguloides,project_echo_bucket_2__region_133.900-135.900.mp3,False,
acanthiza reguloides,project_echo_bucket_2__region_358.550-360.550.mp3,False,
acanthiza reguloides,project_echo_bucket_3__region_19.850-21.850.mp3,False,
acanthiza reguloides,project_echo_bucket_3__region_6.700-8.700.mp3,False,
acanthiza reguloides,project_echo_bucket_3__region_124.950-126.150.mp3,False,
acanthiza reguloides,project_echo_bucket_2__region_19.400-21.400.mp3,False,
acanthiza reguloides,project_echo_bucket_2__region_86.000-88.000.mp3,False,
acanthiza reguloides,project_echo_bucket_3__region_7.600-9.000.mp3,False,
acanthiza reguloides,project_echo_bucket_3__region_356.550-358.550.mp3,False,
acanthiza reguloides,project_echo_bucket_3__region_5.950-7.950.mp3,False,
acanthiza reguloides,project_echo_bucket_3__region_360.550-362.550.mp3,False,
acanthiza reguloides,project_echo_bucket_2__region_0.400-2.050.mp3,False,
acanthiza reguloides,project_echo_bucket_3__region_25.000-27.000.mp3,False,
acanthiza reguloides,project_echo_bucket_3__region_55.250-57.150.mp3,False,
acanthiza reguloides,project_echo_bucket_3__region_26.200-28.000.mp3,False,
acanthiza reguloides,project_echo_bucket_2__region_20.000-22.000.mp3,False,
acanthiza reguloides,project_echo_bucket_3__region_20.000-22.000.mp3,False,
acanthiza reguloides,project_echo_bucket_2__region_19.500-21.200.mp3,False,
acanthiza reguloides,project_echo_bucket_3__region_338.550-340.550.mp3,False,
acanthiza reguloides,project_echo_bucket_3__region_13.100-15.100.mp3,False,
acanthiza reguloides,project_echo_bucket_2__region_5.250-6.400.mp3,False,
acanthiza reguloides,project_echo_bucket_2__region_11.250-13.250.mp3,False,
acanthiza reguloides,project_echo_bucket_3__region_0.300-1.750.mp3,False,
acanthiza reguloides,project_echo_bucket_2__region_10.950-12.950.mp3,False,
acanthiza reguloides,project_echo_bucket_3__region_22.000-24.000.mp3,False,
acanthiza reguloides,project_echo_bucket_2__region_111.100-113.100.mp3,False,
acanthiza reguloides,project_echo_bucket_3__region_330.550-332.550.mp3,False,
acanthiza reguloides,project_echo_bucket_2__region_36.550-38.450.mp3,False,
acanthiza reguloides,project_echo_bucket_2__region_89.800-91.150.mp3,False,
acanthiza reguloides,project_echo_bucket_3__region_18.000-20.000.mp3,False,
acanthiza reguloides,project_echo_bucket_2__region_350.550-352.550.mp3,False,
acanthiza reguloides,project_echo_bucket_3__region_11.400-12.700.mp3,False,
acanthiza reguloides,project_echo_bucket_2__region_34.000-36.000.mp3,False,
acanthiza reguloides,project_echo_bucket_2__region_16.850-18.150.mp3,False,
acanthiza reguloides,project_echo_bucket_2__region_19.850-21.850.mp3,False,
acanthiza reguloides,project_echo_bucket_2__region_136.950-138.200.mp3,False,
acanthiza reguloides,project_echo_bucket_3__region_16.850-18.150.mp3,False,
acanthiza reguloides,project_echo_bucket_3__region_60.750-62.750.mp3,False,
acanthiza reguloides,project_echo_bucket_3__region_23.650-25.650.mp3,False,
acanthiza reguloides,project_echo_bucket_2__region_321.400-323.400.mp3,False,
acanthiza reguloides,project_echo_bucket_3__region_118.400-120.400.mp3,False,
acanthiza reguloides,project_echo_bucket_3__region_16.000-18.000.mp3,False,
acanthiza reguloides,project_echo_bucket_2__region_56.650-58.650.mp3,False,
acanthiza reguloides,project_echo_bucket_2__region_48.650-50.150.mp3,False,
acanthiza reguloides,project_echo_bucket_2__region_30.300-32.300.mp3,False,
acanthiza reguloides,project_echo_bucket_2__region_28.350-29.700.mp3,False,
acanthiza reguloides,project_echo_bucket_2__region_356.550-358.550.mp3,False,
acanthiza reguloides,project_echo_bucket_2__region_4.450-6.050.mp3,False,
acanthiza reguloides,project_echo_bucket_3__region_36.450-38.450.mp3,False,
acanthiza reguloides,project_echo_bucket_2__region_38.600-39.900.mp3,False,
acanthiza reguloides,project_echo_bucket_3__region_21.450-22.900.mp3,False,
acanthiza reguloides,project_echo_bucket_2__region_146.400-148.400.mp3,False,
acanthiza reguloides,project_echo_bucket_2__region_328.550-330.550.mp3,False,
acanthiza reguloides,project_echo_bucket_3__region_15.650-17.650.mp3,False,
acanthiza reguloides,project_echo_bucket_3__region_8.350-10.350.mp3,False,
acanthiza reguloides,project_echo_bucket_2__region_49.600-51.100.mp3,False,
acanthiza reguloides,project_echo_bucket_3__region_12.000-14.000.mp3,False,
acanthiza reguloides,project_echo_bucket_2__region_32.000-34.000.mp3,False,
acanthiza reguloides,project_echo_bucket_2__region_360.550-362.550.mp3,False,
acanthiza reguloides,project_echo_bucket_3__region_4.100-6.100.mp3,False,
acanthiza reguloides,project_echo_bucket_2__region_8.350-10.350.mp3,False,
acanthiza reguloides,project_echo_bucket_2__region_10.050-12.050.mp3,False,
acanthiza reguloides,project_echo_bucket_2__region_125.700-127.700.mp3,False,
acanthiza reguloides,project_echo_bucket_3__region_9.150-11.000.mp3,False,
acanthiza reguloides,project_echo_bucket_2__region_48.200-49.400.mp3,False,
acanthiza reguloides,project_echo_bucket_2__region_323.400-324.500.mp3,False,
acanthiza reguloides,project_echo_bucket_2__region_29.650-31.650.mp3,False,
acanthiza reguloides,project_echo_bucket_2__region_3.850-5.850.mp3,False,
acanthiza reguloides,project_echo_bucket_2__region_60.750-62.750.mp3,False,
acanthiza reguloides,project_echo_bucket_1__region_6.100-8.100.wav,False,
acanthiza reguloides,project_echo_bucket_2__region_193.200-194.900.mp3,False,
acanthiza reguloides,project_echo_bucket_2__region_0.100-2.100.mp3,False,
acanthiza reguloides,project_echo_bucket_2__region_1.000-3.000.mp3,False,
acanthiza reguloides,project_echo_bucket_3__region_34.000-36.000.mp3,False,
acanthiza reguloides,project_echo_bucket_3__region_2.800-4.200.mp3,False,
acanthiza reguloides,project_echo_bucket_3__region_323.400-324.500.mp3,False,
acanthiza reguloides,project_echo_bucket_3__region_86.850-88.850.mp3,False,
acanthiza reguloides,project_echo_bucket_3__region_30.300-32.300.mp3,False,
acanthiza reguloides,project_echo_bucket_3__region_1.550-3.150.mp3,False,
acanthiza reguloides,project_echo_bucket_2__region_2.000-4.000.mp3,False,
acanthiza reguloides,project_echo_bucket_3__region_0.400-2.050.mp3,False,
acanthiza reguloides,project_echo_bucket_2__region_68.200-69.700.mp3,False,
acanthiza reguloides,project_echo_bucket_2__region_55.250-57.150.mp3,False,
acanthiza reguloides,project_echo_bucket_3__region_1.750-3.750.mp3,False,
acanthiza reguloides,project_echo_bucket_3__region_125.700-127.700.mp3,False,
acanthiza reguloides,project_echo_bucket_3__region_243.550-244.750.mp3,False,
acanthiza nana,project_echo_bucket_3__region_30.800-32.800.mp3,False,
acanthiza nana,project_echo_bucket_2__region_78.150-80.150.mp3,False,
acanthiza nana,project_echo_bucket_3__region_13.400-15.400.mp3,False,
acanthiza nana,project_echo_bucket_2__region_80.150-82.150.mp3,False,
acanthiza nana,project_echo_bucket_2__region_23.900-25.900.mp3,False,
acanthiza nana,project_echo_bucket_2__region_33.950-35.050.mp3,False,
acanthiza nana,project_echo_bucket_2__region_5.300-6.850.mp3,False,
acanthiza nana,project_echo_bucket_2__region_16.850-18.850.mp3,False,
acanthiza nana,project_echo_bucket_2__region_0.600-2.600.mp3,False,
acanthiza nana,project_echo_bucket_2__region_5.350-6.650.mp3,False,
acanthiza nana,project_echo_bucket_3__region_14.450-16.450.mp3,False,
acanthiza nana,project_echo_bucket_3__region_11.000-12.600.mp3,False,
acanthiza nana,project_echo_bucket_3__region_1.850-3.100.mp3,False,
acanthiza nana,project_echo_bucket_2__region_31.950-33.950.mp3,False,
acanthiza nana,project_echo_bucket_3__region_0.600-2.600.mp3,False,
acanthiza nana,project_echo_bucket_2__region_29.250-31.250.mp3,False,
acanthiza nana,project_echo_bucket_3__region_28.150-30.150.mp3,False,
acanthiza nana,project_echo_bucket_3__region_26.150-28.150.mp3,False,
acanthiza nana,project_echo_bucket_2__region_8.500-10.500.mp3,False,
acanthiza nana,project_echo_bucket_2__region_27.300-29.300.mp3,False,
acanthiza nana,project_echo_bucket_3__region_14.350-15.837.mp3,False,
acanthiza nana,project_echo_bucket_2__region_28.150-30.150.mp3,False,
acanthiza nana,project_echo_bucket_3__region_46.350-48.350.mp3,False,
acanthiza nana,project_echo_bucket_2__region_1.850-3.100.mp3,False,
acanthiza nana,project_echo_bucket_2__region_83.550-85.250.mp3,False,
acanthiza nana,project_echo_bucket_2__region_13.000-15.000.mp3,False,
acanthiza nana,project_echo_bucket_3__region_9.550-10.750.mp3,False,
acanthiza nana,project_echo_bucket_2__region_13.400-15.350.mp3,False,
acanthiza nana,project_echo_bucket_3__region_18.500-19.700.mp3,False,
acanthiza nana,project_echo_bucket_3__region_29.250-31.250.mp3,False,
acanthiza nana,project_echo_bucket_2__region_14.050-16.050.mp3,False,
acanthiza nana,project_echo_bucket_3__region_5.700-7.200.mp3,False,
acanthiza nana,project_echo_bucket_3__region_0.700-2.250.mp3,False,
acanthiza nana,project_echo_bucket_2__region_39.600-40.700.mp3,False,
acanthiza nana,project_echo_bucket_3__region_13.400-15.350.mp3,False,
acanthiza nana,project_echo_bucket_2__region_25.300-27.300.mp3,False,
acanthiza nana,project_echo_bucket_3__region_2.100-3.550.mp3,False,
acanthiza nana,project_echo_bucket_3__region_12.450-14.450.mp3,False,
acanthiza nana,project_echo_bucket_2__region_53.800-55.800.mp3,False,
acanthiza nana,project_echo_bucket_3__region_0.200-2.200.mp3,False,
acanthiza nana,project_echo_bucket_1__region_11.550-13.550.wav,False,
acanthiza nana,project_echo_bucket_2__region_7.450-8.500.mp3,False,
acanthiza nana,project_echo_bucket_3__region_16.450-18.450.mp3,False,
acanthiza nana,project_echo_bucket_3__region_16.600-18.600.mp3,False,
acanthiza nana,project_echo_bucket_3__region_58.150-60.000.mp3,False,
acanthiza nana,project_echo_bucket_2__region_7.100-9.100.mp3,False,
acanthiza nana,project_echo_bucket_3__region_41.800-43.800.mp3,False,
acanthiza nana,project_echo_bucket_2__region_76.150-78.150.mp3,False,
acanthiza nana,project_echo_bucket_2__region_21.300-23.300.mp3,False,
acanthiza nana,project_echo_bucket_3__region_30.150-32.150.mp3,False,
acanthiza nana,project_echo_bucket_3__region_23.900-25.900.mp3,False,
acanthiza nana,project_echo_bucket_3__region_49.800-51.800.mp3,False,
acanthiza nana,project_echo_bucket_3__region_82.850-84.650.mp3,False,
acanthiza nana,project_echo_bucket_3__region_20.150-22.150.mp3,False,
acanthiza nana,project_echo_bucket_3__region_8.700-10.550.mp3,False,
acanthiza nana,project_echo_bucket_3__region_12.500-14.500.mp3,False,
acanthiza nana,project_echo_bucket_3__region_78.650-80.400.mp3,False,
acanthiza nana,project_echo_bucket_2__region_4.050-6.050.mp3,False,
acanthiza nana,project_echo_bucket_3__region_14.500-16.500.mp3,False,
acanthiza nana,project_echo_bucket_2__region_42.600-44.600.mp3,False,
acanthiza nana,project_echo_bucket_2__region_0.150-2.150.mp3,False,
acanthiza nana,project_echo_bucket_3__region_56.150-58.150.mp3,False,
acanthiza nana,project_echo_bucket_2__region_82.850-84.650.mp3,False,
acanthiza nana,project_echo_bucket_3__region_8.200-10.200.mp3,False,
acanthiza nana,project_echo_bucket_3__region_71.100-73.100.mp3,False,
acanthiza nana,project_echo_bucket_2__region_14.350-15.837.mp3,False,
acanthiza nana,project_echo_bucket_2__region_14.550-16.550.mp3,False,
acanthiza nana,project_echo_bucket_2__region_30.150-32.150.mp3,False,
acanthiza nana,project_echo_bucket_3__region_18.850-20.700.mp3,False,
acanthiza nana,project_echo_bucket_3__region_79.750-81.750.mp3,False,
acanthiza nana,project_echo_bucket_3__region_39.600-40.700.mp3,False,
acanthiza nana,project_echo_bucket_2__region_51.800-53.800.mp3,False,
acanthiza nana,project_echo_bucket_3__region_0.100-2.100.mp3,False,
acanthiza nana,project_echo_bucket_2__region_35.900-37.900.mp3,False,
acanthiza nana,project_echo_bucket_3__region_14.050-16.050.mp3,False,
acanthiza nana,project_echo_bucket_3__region_65.950-67.750.mp3,False,
acanthiza nana,project_echo_bucket_3__region_26.350-28.350.mp3,False,
acanthiza nana,project_echo_bucket_2__region_8.450-10.450.mp3,False,
acanthiza nana,project_echo_bucket_2__region_26.350-28.350.mp3,False,
acanthiza nana,project_echo_bucket_2__region_2.200-4.200.mp3,False,
acanthiza nana,project_echo_bucket_2__region_19.300-21.300.mp3,False,
acanthiza nana,project_echo_bucket_2__region_0.200-2.200.mp3,False,
acanthiza nana,project_echo_bucket_3__region_6.600-7.850.mp3,False,
acanthiza nana,project_echo_bucket_3__region_49.950-51.950.mp3,False,
acanthiza nana,project_echo_bucket_1__region_14.500-16.500.wav,False,
acanthiza nana,project_echo_bucket_2__region_9.100-11.100.mp3,False,
acanthiza nana,project_echo_bucket_3__region_5.300-6.850.mp3,False,
acanthiza nana,project_echo_bucket_3__region_51.800-53.800.mp3,False,
acanthiza nana,project_echo_bucket_2__region_11.000-12.600.mp3,False,
acanthiza nana,project_echo_bucket_2__region_22.000-24.000.mp3,False,
acanthiza nana,project_echo_bucket_2__region_5.700-7.200.mp3,False,
acanthiza nana,project_echo_bucket_3__region_25.300-27.300.mp3,False,
acanthiza nana,project_echo_bucket_2__region_0.400-2.400.mp3,False,
acanthiza nana,project_echo_bucket_2__region_56.150-58.150.mp3,False,
acanthiza nana,project_echo_bucket_2__region_4.600-6.600.mp3,False,
acanthiza nana,project_echo_bucket_3__region_7.450-8.500.mp3,False,
acanthiza nana,project_echo_bucket_3__region_63.950-65.950.mp3,False,
acanthiza nana,project_echo_bucket_3__region_33.900-35.900.mp3,False,
acanthiza nana,project_echo_bucket_2__region_32.150-33.300.mp3,False,
acanthiza nana,project_echo_bucket_2__region_24.500-25.500.mp3,False,
acanthiza nana,project_echo_bucket_2__region_18.500-19.700.mp3,False,
acanthiza nana,project_echo_bucket_3__region_16.850-18.850.mp3,False,
acanthiza nana,project_echo_bucket_2__region_16.500-18.500.mp3,False,
acanthiza nana,project_echo_bucket_2__region_28.350-30.350.mp3,False,
acanthiza nana,project_echo_bucket_2__region_12.450-14.450.mp3,False,
acanthiza nana,project_echo_bucket_3__region_3.650-4.900.mp3,False,
acanthiza nana,project_echo_bucket_3__region_33.950-35.050.mp3,False,
acanthiza nana,project_echo_bucket_3__region_16.500-18.500.mp3,False,
acanthiza nana,project_echo_bucket_3__region_45.800-47.800.mp3,False,
acanthiza nana,project_echo_bucket_3__region_6.200-8.200.mp3,False,
acanthiza nana,project_echo_bucket_3__region_113.150-114.650.mp3,False,
acanthiza nana,project_echo_bucket_3__region_23.300-25.300.mp3,False,
acanthiza nana,project_echo_bucket_2__region_55.800-57.800.mp3,False,
acanthiza nana,project_echo_bucket_2__region_58.150-60.000.mp3,False,
acanthiza nana,project_echo_bucket_2__region_2.100-3.550.mp3,False,
acanthiza nana,project_echo_bucket_3__region_27.300-29.300.mp3,False,
acanthiza nana,project_echo_bucket_2__region_36.800-38.800.mp3,False,
acanthiza nana,project_echo_bucket_3__region_13.000-15.000.mp3,False,
acanthiza nana,project_echo_bucket_2__region_3.650-4.900.mp3,False,
acanthiza nana,project_echo_bucket_3__region_42.600-44.600.mp3,False,
acanthiza nana,project_echo_bucket_3__region_55.800-57.800.mp3,False,
acanthiza nana,project_echo_bucket_3__region_0.400-2.400.mp3,False,
acanthiza nana,project_echo_bucket_2__region_35.200-36.400.mp3,False,
acanthiza nana,project_echo_bucket_2__region_0.400-2.300.mp3,False,
acanthiza nana,project_echo_bucket_3__region_22.000-24.000.mp3,False,
acanthiza nana,project_echo_bucket_3__region_0.150-2.150.mp3,False,
acanthiza nana,project_echo_bucket_3__region_26.400-28.400.mp3,False,
acanthiza nana,project_echo_bucket_3__region_24.150-26.150.mp3,False,
acanthiza nana,project_echo_bucket_3__region_35.200-36.400.mp3,False,
acanthiza nana,project_echo_bucket_3__region_76.150-78.150.mp3,False,
acanthiza nana,project_echo_bucket_3__region_86.600-88.600.mp3,False,
acanthiza nana,project_echo_bucket_3__region_2.200-4.200.mp3,False,
acanthiza nana,project_echo_bucket_3__region_8.050-10.050.mp3,False,
acanthiza nana,project_echo_bucket_2__region_37.200-38.450.mp3,False,
acanthiza nana,project_echo_bucket_3__region_75.100-77.100.mp3,False,
acanthiza nana,project_echo_bucket_2__region_8.200-10.200.mp3,False,
acanthiza nana,project_echo_bucket_2__region_37.900-39.900.mp3,False,
acanthiza nana,project_echo_bucket_2__region_6.600-7.850.mp3,False,
acanthiza nana,project_echo_bucket_2__region_4.900-6.200.mp3,False,
acanthiza nana,project_echo_bucket_2__region_29.300-30.750.mp3,False,
acanthiza nana,project_echo_bucket_2__region_5.450-7.450.mp3,False,
acanthiza nana,project_echo_bucket_3__region_47.800-49.800.mp3,False,
acanthiza nana,project_echo_bucket_2__region_17.050-18.600.mp3,False,
acanthiza nana,project_echo_bucket_2__region_7.050-8.250.mp3,False,
acanthiza nana,project_echo_bucket_2__region_109.400-111.400.mp3,False,
acanthiza nana,project_echo_bucket_3__region_80.150-82.150.mp3,False,
acanthiza nana,project_echo_bucket_2__region_8.050-10.050.mp3,False,
acanthiza nana,project_echo_bucket_2__region_18.850-20.700.mp3,False,
acanthiza nana,project_echo_bucket_2__region_86.600-88.600.mp3,False,
acanthiza nana,project_echo_bucket_3__region_9.550-11.100.mp3,False,
petroica goodenovii,project_echo_bucket_3__region_55.250-56.750.mp3,False,
petroica goodenovii,project_echo_bucket_3__region_43.850-45.850.mp3,False,
petroica goodenovii,project_echo_bucket_2__region_18.050-20.050.mp3,False,
petroica goodenovii,project_echo_bucket_2__region_21.700-23.650.mp3,False,
petroica goodenovii,project_echo_bucket_2__region_7.650-9.650.mp3,False,
petroica goodenovii,project_echo_bucket_2__region_60.000-62.000.mp3,False,
petroica goodenovii,project_echo_bucket_2__region_241.900-243.900.mp3,False,
petroica goodenovii,project_echo_bucket_2__region_0.050-2.050.mp3,False,
petroica goodenovii,project_echo_bucket_2__region_289.750-291.700.mp3,False,
petroica goodenovii,project_echo_bucket_2__region_19.800-21.800.mp3,False,
petroica goodenovii,project_echo_bucket_3__region_61.200-62.250.mp3,False,
petroica goodenovii,project_echo_bucket_3__region_18.050-20.050.mp3,False,
petroica goodenovii,project_echo_bucket_3__region_63.700-65.650.mp3,False,
petroica goodenovii,project_echo_bucket_3__region_23.100-25.100.mp3,False,
petroica goodenovii,project_echo_bucket_2__region_187.650-189.650.mp3,False,
petroica goodenovii,project_echo_bucket_1__region_275.050-277.050.wav,False,
petroica goodenovii,project_echo_bucket_2__region_42.200-44.200.mp3,False,
petroica goodenovii,project_echo_bucket_3__region_60.000-62.000.mp3,False,
petroica goodenovii,project_echo_bucket_3__region_235.550-237.550.mp3,False,
petroica goodenovii,project_echo_bucket_2__region_310.550-312.550.mp3,False,
petroica goodenovii,project_echo_bucket_2__region_180.400-182.350.mp3,False,
petroica goodenovii,project_echo_bucket_3__region_275.050-277.050.mp3,False,
petroica goodenovii,project_echo_bucket_3__region_82.450-83.750.mp3,False,
petroica goodenovii,project_echo_bucket_2__region_6.050-7.800.mp3,False,
petroica goodenovii,project_echo_bucket_2__region_4.050-6.050.mp3,False,
petroica goodenovii,project_echo_bucket_3__region_167.400-169.350.mp3,False,
petroica goodenovii,project_echo_bucket_3__region_32.000-34.000.mp3,False,
petroica goodenovii,project_echo_bucket_2__region_37.300-39.300.mp3,False,
petroica goodenovii,project_echo_bucket_3__region_6.000-8.000.mp3,False,
petroica goodenovii,project_echo_bucket_3__region_192.400-194.350.mp3,False,
petroica goodenovii,project_echo_bucket_3__region_13.000-15.000.mp3,False,
petroica goodenovii,project_echo_bucket_2__region_19.350-21.350.mp3,False,
petroica goodenovii,project_echo_bucket_3__region_16.000-18.000.mp3,False,
petroica goodenovii,project_echo_bucket_2__region_208.050-210.000.mp3,False,
petroica goodenovii,project_echo_bucket_3__region_200.500-202.450.mp3,False,
petroica goodenovii,project_echo_bucket_2__region_250.350-252.350.mp3,False,
petroica goodenovii,project_echo_bucket_3__region_36.250-38.200.mp3,False,
petroica goodenovii,project_echo_bucket_2__region_36.000-38.000.mp3,False,
petroica goodenovii,project_echo_bucket_2__region_196.200-198.200.mp3,False,
petroica goodenovii,project_echo_bucket_3__region_213.000-214.950.mp3,False,
petroica goodenovii,project_echo_bucket_3__region_301.850-303.800.mp3,False,
petroica goodenovii,project_echo_bucket_3__region_297.750-299.700.mp3,False,
petroica goodenovii,project_echo_bucket_3__region_5.650-7.650.mp3,False,
petroica goodenovii,project_echo_bucket_2__region_4.000-6.000.mp3,False,
petroica goodenovii,project_echo_bucket_2__region_105.400-107.350.mp3,False,
petroica goodenovii,project_echo_bucket_2__region_43.850-45.850.mp3,False,
petroica goodenovii,project_echo_bucket_3__region_14.000-16.000.mp3,False,
petroica goodenovii,project_echo_bucket_3__region_266.900-268.900.mp3,False,
petroica goodenovii,project_echo_bucket_2__region_235.550-237.550.mp3,False,
petroica goodenovii,project_echo_bucket_2__region_238.600-240.600.mp3,False,
petroica goodenovii,project_echo_bucket_2__region_254.850-256.850.mp3,False,
petroica goodenovii,project_echo_bucket_3__region_220.150-222.150.mp3,False,
petroica goodenovii,project_echo_bucket_3__region_109.150-111.150.mp3,False,
petroica goodenovii,project_echo_bucket_3__region_70.700-72.700.mp3,False,
petroica goodenovii,project_echo_bucket_2__region_192.400-194.350.mp3,False,
petroica goodenovii,project_echo_bucket_2__region_64.350-66.350.mp3,False,
petroica goodenovii,project_echo_bucket_2__region_278.950-280.950.mp3,False,
petroica goodenovii,project_echo_bucket_3__region_49.600-51.600.mp3,False,
petroica goodenovii,project_echo_bucket_3__region_278.950-280.950.mp3,False,
petroica goodenovii,project_echo_bucket_2__region_97.350-99.300.mp3,False,
petroica goodenovii,project_echo_bucket_3__region_164.600-166.550.mp3,False,
petroica goodenovii,project_echo_bucket_2__region_46.100-48.050.mp3,False,
petroica goodenovii,project_echo_bucket_2__region_259.450-261.400.mp3,False,
petroica goodenovii,project_echo_bucket_2__region_88.650-90.650.mp3,False,
petroica goodenovii,project_echo_bucket_3__region_7.900-9.850.mp3,False,
petroica goodenovii,project_echo_bucket_2__region_114.250-116.200.mp3,False,
petroica goodenovii,project_echo_bucket_2__region_18.000-20.000.mp3,False,
petroica goodenovii,project_echo_bucket_3__region_241.900-243.900.mp3,False,
petroica goodenovii,project_echo_bucket_2__region_2.050-4.050.mp3,False,
petroica goodenovii,project_echo_bucket_2__region_204.100-206.100.mp3,False,
petroica goodenovii,project_echo_bucket_2__region_227.050-229.000.mp3,False,
petroica goodenovii,project_echo_bucket_3__region_145.200-147.200.mp3,False,
petroica goodenovii,project_echo_bucket_2__region_39.700-41.000.mp3,False,
petroica goodenovii,project_echo_bucket_2__region_100.850-102.750.mp3,False,
petroica goodenovii,project_echo_bucket_2__region_61.200-62.250.mp3,False,
petroica goodenovii,project_echo_bucket_3__region_177.050-179.000.mp3,False,
petroica goodenovii,project_echo_bucket_3__region_93.300-95.300.mp3,False,
petroica goodenovii,project_echo_bucket_3__region_42.200-44.200.mp3,False,
petroica goodenovii,project_echo_bucket_3__region_4.050-6.050.mp3,False,
petroica goodenovii,project_echo_bucket_2__region_84.050-86.050.mp3,False,
petroica goodenovii,project_echo_bucket_3__region_32.400-34.350.mp3,False,
petroica goodenovii,project_echo_bucket_2__region_55.250-56.750.mp3,False,
petroica goodenovii,project_echo_bucket_3__region_10.850-12.800.mp3,False,
petroica goodenovii,project_echo_bucket_2__region_5.650-7.650.mp3,False,
petroica goodenovii,project_echo_bucket_2__region_53.850-55.850.mp3,False,
petroica goodenovii,project_echo_bucket_3__region_282.300-284.300.mp3,False,
petroica goodenovii,project_echo_bucket_3__region_7.850-9.850.mp3,False,
petroica goodenovii,project_echo_bucket_2__region_4.400-6.150.mp3,False,
petroica goodenovii,project_echo_bucket_3__region_10.750-12.150.mp3,False,
petroica goodenovii,project_echo_bucket_3__region_4.400-6.150.mp3,False,
petroica goodenovii,project_echo_bucket_3__region_46.100-48.050.mp3,False,
petroica goodenovii,project_echo_bucket_2__region_172.850-174.750.mp3,False,
petroica goodenovii,project_echo_bucket_2__region_11.650-13.650.mp3,False,
petroica goodenovii,project_echo_bucket_2__region_0.000-2.000.mp3,False,
petroica goodenovii,project_echo_bucket_2__region_18.100-20.100.mp3,False,
petroica goodenovii,project_echo_bucket_2__region_70.700-72.700.mp3,False,
petroica goodenovii,project_echo_bucket_2__region_13.000-15.000.mp3,False,
petroica goodenovii,project_echo_bucket_2__region_109.150-111.150.mp3,False,
petroica goodenovii,project_echo_bucket_3__region_2.000-4.000.mp3,False,
petroica goodenovii,project_echo_bucket_3__region_10.000-12.000.mp3,False,
petroica goodenovii,project_echo_bucket_3__region_27.950-29.950.mp3,False,
petroica goodenovii,project_echo_bucket_2__region_32.000-34.000.mp3,False,
petroica goodenovii,project_echo_bucket_3__region_58.300-60.300.mp3,False,
petroica goodenovii,project_echo_bucket_3__region_8.750-10.750.mp3,False,
petroica goodenovii,project_echo_bucket_3__region_18.000-20.000.mp3,False,
petroica goodenovii,project_echo_bucket_3__region_285.850-287.850.mp3,False,
petroica goodenovii,project_echo_bucket_3__region_180.400-182.350.mp3,False,
petroica goodenovii,project_echo_bucket_2__region_36.250-38.200.mp3,False,
petroica goodenovii,project_echo_bucket_3__region_25.100-26.850.mp3,False,
petroica goodenovii,project_echo_bucket_3__region_2.050-4.050.mp3,False,
petroica goodenovii,project_echo_bucket_3__region_67.600-68.900.mp3,False,
petroica goodenovii,project_echo_bucket_2__region_149.200-150.600.mp3,False,
petroica goodenovii,project_echo_bucket_3__region_294.350-296.350.mp3,False,
petroica goodenovii,project_echo_bucket_3__region_25.700-27.700.mp3,False,
petroica goodenovii,project_echo_bucket_3__region_85.950-87.950.mp3,False,
petroica goodenovii,project_echo_bucket_3__region_3.850-5.850.mp3,False,
petroica goodenovii,project_echo_bucket_3__region_94.250-96.250.mp3,False,
petroica goodenovii,project_echo_bucket_2__region_14.800-16.800.mp3,False,
petroica goodenovii,project_echo_bucket_2__region_245.300-247.300.mp3,False,
petroica goodenovii,project_echo_bucket_2__region_177.050-179.000.mp3,False,
petroica goodenovii,project_echo_bucket_3__region_254.850-256.850.mp3,False,
petroica goodenovii,project_echo_bucket_3__region_259.450-261.400.mp3,False,
petroica goodenovii,project_echo_bucket_3__region_227.050-229.000.mp3,False,
petroica goodenovii,project_echo_bucket_3__region_100.850-102.750.mp3,False,
petroica goodenovii,project_echo_bucket_3__region_84.050-86.050.mp3,False,
petroica goodenovii,project_echo_bucket_2__region_10.000-12.000.mp3,False,
petroica goodenovii,project_echo_bucket_2__region_23.100-25.100.mp3,False,
petroica goodenovii,project_echo_bucket_2__region_3.850-5.850.mp3,False,
petroica goodenovii,project_echo_bucket_3__region_72.050-74.000.mp3,False,
petroica goodenovii,project_echo_bucket_2__region_99.350-101.350.mp3,False,
petroica goodenovii,project_echo_bucket_3__region_245.300-247.300.mp3,False,
petroica goodenovii,project_echo_bucket_3__region_30.000-32.000.mp3,False,
petroica goodenovii,project_echo_bucket_2__region_63.700-65.650.mp3,False,
petroica goodenovii,project_echo_bucket_3__region_14.800-16.800.mp3,False,
petroica goodenovii,project_echo_bucket_2__region_85.950-87.950.mp3,False,
petroica goodenovii,project_echo_bucket_2__region_200.500-202.450.mp3,False,
petroica goodenovii,project_echo_bucket_3__region_48.900-50.900.mp3,False,
petroica goodenovii,project_echo_bucket_3__region_19.350-21.350.mp3,False,
petroica goodenovii,project_echo_bucket_3__region_39.700-41.000.mp3,False,
petroica goodenovii,project_echo_bucket_3__region_53.850-55.850.mp3,False,
petroica goodenovii,project_echo_bucket_3__region_13.650-15.650.mp3,False,
petroica goodenovii,project_echo_bucket_2__region_25.100-26.850.mp3,False,
petroica goodenovii,project_echo_bucket_2__region_8.750-10.750.mp3,False,
petroica goodenovii,project_echo_bucket_2__region_213.000-214.950.mp3,False,
petroica goodenovii,project_echo_bucket_3__region_238.600-240.600.mp3,False,
petroica goodenovii,project_echo_bucket_2__region_75.250-77.250.mp3,False,
petroica goodenovii,project_echo_bucket_3__region_289.750-291.700.mp3,False,
petroica goodenovii,project_echo_bucket_2__region_48.900-50.900.mp3,False,
haliastur sphenurus,project_echo_bucket_3__region_4.900-6.900.mp3,False,
haliastur sphenurus,project_echo_bucket_3__region_206.800-208.800.mp3,False,
haliastur sphenurus,project_echo_bucket_2__region_16.400-18.400.mp3,False,
haliastur sphenurus,project_echo_bucket_3__region_313.250-315.250.mp3,False,
haliastur sphenurus,project_echo_bucket_2__region_263.250-265.250.mp3,False,
haliastur sphenurus,project_echo_bucket_2__region_106.400-108.400.mp3,False,
haliastur sphenurus,project_echo_bucket_3__region_2.700-4.700.mp3,False,
haliastur sphenurus,project_echo_bucket_3__region_77.400-78.450.mp3,False,
haliastur sphenurus,project_echo_bucket_3__region_71.000-73.000.mp3,False,
haliastur sphenurus,project_echo_bucket_3__region_12.000-14.000.mp3,False,
haliastur sphenurus,project_echo_bucket_3__region_38.400-40.400.mp3,False,
haliastur sphenurus,project_echo_bucket_3__region_3.050-5.050.mp3,False,
haliastur sphenurus,project_echo_bucket_2__region_22.850-23.950.mp3,False,
haliastur sphenurus,project_echo_bucket_3__region_239.100-241.100.mp3,False,
haliastur sphenurus,project_echo_bucket_2__region_56.850-58.700.mp3,False,
haliastur sphenurus,project_echo_bucket_3__region_22.400-24.400.mp3,False,
haliastur sphenurus,project_echo_bucket_3__region_73.000-74.550.mp3,False,
haliastur sphenurus,project_echo_bucket_3__region_307.250-309.250.mp3,False,
haliastur sphenurus,project_echo_bucket_3__region_8.400-10.400.mp3,False,
haliastur sphenurus,project_echo_bucket_2__region_20.000-22.000.mp3,False,
haliastur sphenurus,project_echo_bucket_2__region_30.400-32.400.mp3,False,
haliastur sphenurus,project_echo_bucket_2__region_217.550-219.300.mp3,False,
haliastur sphenurus,project_echo_bucket_3__region_3.300-5.300.mp3,False,
haliastur sphenurus,project_echo_bucket_2__region_123.350-125.350.mp3,False,
haliastur sphenurus,project_echo_bucket_3__region_6.000-8.000.mp3,False,
haliastur sphenurus,project_echo_bucket_3__region_106.400-108.400.mp3,False,
haliastur sphenurus,project_echo_bucket_3__region_81.350-83.350.mp3,False,
haliastur sphenurus,project_echo_bucket_3__region_0.950-2.950.mp3,False,
haliastur sphenurus,project_echo_bucket_3__region_5.000-6.250.mp3,False,
haliastur sphenurus,project_echo_bucket_2__region_32.400-34.400.mp3,False,
haliastur sphenurus,project_echo_bucket_3__region_133.350-135.350.mp3,False,
haliastur sphenurus,project_echo_bucket_2__region_170.400-171.700.mp3,False,
haliastur sphenurus,project_echo_bucket_2__region_377.250-379.250.mp3,False,
haliastur sphenurus,project_echo_bucket_3__region_41.350-43.350.mp3,False,
haliastur sphenurus,project_echo_bucket_2__region_2.700-4.700.mp3,False,
haliastur sphenurus,project_echo_bucket_2__region_14.050-16.050.mp3,False,
haliastur sphenurus,project_echo_bucket_2__region_34.400-36.400.mp3,False,
haliastur sphenurus,project_echo_bucket_3__region_2.400-3.600.mp3,False,
haliastur sphenurus,project_echo_bucket_2__region_375.250-377.250.mp3,False,
haliastur sphenurus,project_echo_bucket_2__region_283.250-285.250.mp3,False,
haliastur sphenurus,project_echo_bucket_3__region_32.400-34.400.mp3,False,
haliastur sphenurus,project_echo_bucket_3__region_30.400-32.400.mp3,False,
haliastur sphenurus,project_echo_bucket_3__region_275.250-277.250.mp3,False,
haliastur sphenurus,project_echo_bucket_3__region_16.400-18.400.mp3,False,
haliastur sphenurus,project_echo_bucket_3__region_263.250-265.250.mp3,False,
haliastur sphenurus,project_echo_bucket_3__region_28.400-30.400.mp3,False,
haliastur sphenurus,project_echo_bucket_3__region_283.250-285.250.mp3,False,
haliastur sphenurus,project_echo_bucket_3__region_107.350-109.350.mp3,False,
haliastur sphenurus,project_echo_bucket_2__region_10.400-12.400.mp3,False,
haliastur sphenurus,project_echo_bucket_2__region_383.250-385.250.mp3,False,
haliastur sphenurus,project_echo_bucket_2__region_357.250-359.250.mp3,False,
haliastur sphenurus,project_echo_bucket_3__region_4.150-6.150.mp3,False,
haliastur sphenurus,project_echo_bucket_2__region_44.300-46.300.mp3,False,
haliastur sphenurus,project_echo_bucket_3__region_53.700-55.600.mp3,False,
haliastur sphenurus,project_echo_bucket_3__region_4.700-6.300.mp3,False,
haliastur sphenurus,project_echo_bucket_2__region_0.950-2.950.mp3,False,
haliastur sphenurus,project_echo_bucket_3__region_12.400-14.400.mp3,False,
haliastur sphenurus,project_echo_bucket_3__region_267.250-269.250.mp3,False,
haliastur sphenurus,project_echo_bucket_2__region_4.700-6.100.mp3,False,
haliastur sphenurus,project_echo_bucket_3__region_0.000-2.000.mp3,False,
haliastur sphenurus,project_echo_bucket_3__region_369.250-371.250.mp3,False,
haliastur sphenurus,project_echo_bucket_3__region_36.300-37.700.mp3,False,
haliastur sphenurus,project_echo_bucket_2__region_47.350-49.350.mp3,False,
haliastur sphenurus,project_echo_bucket_3__region_69.350-71.350.mp3,False,
haliastur sphenurus,project_echo_bucket_2__region_83.350-85.350.mp3,False,
haliastur sphenurus,project_echo_bucket_3__region_49.750-51.700.mp3,False,
haliastur sphenurus,project_echo_bucket_2__region_36.300-37.700.mp3,False,
haliastur sphenurus,project_echo_bucket_2__region_2.050-4.050.mp3,False,
haliastur sphenurus,project_echo_bucket_3__region_83.350-85.350.mp3,False,
haliastur sphenurus,project_echo_bucket_3__region_259.250-261.250.mp3,False,
haliastur sphenurus,project_echo_bucket_3__region_279.250-281.250.mp3,False,
haliastur sphenurus,project_echo_bucket_2__region_331.250-333.250.mp3,False,
haliastur sphenurus,project_echo_bucket_2__region_369.250-371.250.mp3,False,
haliastur sphenurus,project_echo_bucket_3__region_157.050-158.450.mp3,False,
haliastur sphenurus,project_echo_bucket_3__region_168.400-170.400.mp3,False,
haliastur sphenurus,project_echo_bucket_2__region_275.250-277.250.mp3,False,
haliastur sphenurus,project_echo_bucket_2__region_30.000-32.000.mp3,False,
haliastur sphenurus,project_echo_bucket_3__region_217.550-219.300.mp3,False,
haliastur sphenurus,project_echo_bucket_3__region_46.000-48.000.mp3,False,
haliastur sphenurus,project_echo_bucket_3__region_293.250-295.250.mp3,False,
haliastur sphenurus,project_echo_bucket_3__region_115.050-117.050.mp3,False,
haliastur sphenurus,project_echo_bucket_2__region_3.050-5.050.mp3,False,
haliastur sphenurus,project_echo_bucket_2__region_6.000-8.000.mp3,False,
haliastur sphenurus,project_echo_bucket_2__region_206.800-208.800.mp3,False,
haliastur sphenurus,project_echo_bucket_3__region_4.700-6.100.mp3,False,
haliastur sphenurus,project_echo_bucket_2__region_208.800-209.800.mp3,False,
haliastur sphenurus,project_echo_bucket_3__region_2.000-4.000.mp3,False,
haliastur sphenurus,project_echo_bucket_1__region_157.050-158.450.wav,False,
haliastur sphenurus,project_echo_bucket_2__region_307.250-309.250.mp3,False,
haliastur sphenurus,project_echo_bucket_2__region_12.000-14.000.mp3,False,
haliastur sphenurus,project_echo_bucket_3__region_4.000-5.150.mp3,False,
haliastur sphenurus,project_echo_bucket_3__region_20.000-22.000.mp3,False,
haliastur sphenurus,project_echo_bucket_2__region_38.400-40.400.mp3,False,
haliastur sphenurus,project_echo_bucket_2__region_4.000-5.150.mp3,False,
haliastur sphenurus,project_echo_bucket_3__region_20.400-22.400.mp3,False,
haliastur sphenurus,project_echo_bucket_2__region_20.400-22.400.mp3,False,
haliastur sphenurus,project_echo_bucket_2__region_2.000-4.000.mp3,False,
haliastur sphenurus,project_echo_bucket_2__region_121.350-123.350.mp3,False,
haliastur sphenurus,project_echo_bucket_3__region_409.250-411.250.mp3,False,
haliastur sphenurus,project_echo_bucket_3__region_2.050-4.050.mp3,False,
haliastur sphenurus,project_echo_bucket_2__region_241.100-242.400.mp3,False,
haliastur sphenurus,project_echo_bucket_2__region_25.350-27.350.mp3,False,
haliastur sphenurus,project_echo_bucket_3__region_241.100-242.400.mp3,False,
haliastur sphenurus,project_echo_bucket_3__region_96.450-97.500.mp3,False,
haliastur sphenurus,project_echo_bucket_2__region_49.750-51.700.mp3,False,
haliastur sphenurus,project_echo_bucket_3__region_123.500-125.500.mp3,False,
haliastur sphenurus,project_echo_bucket_3__region_135.350-137.350.mp3,False,
haliastur sphenurus,project_echo_bucket_3__region_64.400-66.400.mp3,False,
haliastur sphenurus,project_echo_bucket_2__region_81.350-83.350.mp3,False,
haliastur sphenurus,project_echo_bucket_3__region_331.250-333.250.mp3,False,
haliastur sphenurus,project_echo_bucket_2__region_5.000-6.250.mp3,False,
haliastur sphenurus,project_echo_bucket_2__region_267.250-269.250.mp3,False,
haliastur sphenurus,project_echo_bucket_3__region_101.350-103.350.mp3,False,
haliastur sphenurus,project_echo_bucket_2__region_133.350-135.350.mp3,False,
haliastur sphenurus,project_echo_bucket_2__region_10.000-12.000.mp3,False,
haliastur sphenurus,project_echo_bucket_3__region_395.250-397.250.mp3,False,
haliastur sphenurus,project_echo_bucket_2__region_24.400-26.400.mp3,False,
haliastur sphenurus,project_echo_bucket_2__region_4.900-6.900.mp3,False,
haliastur sphenurus,project_echo_bucket_2__region_333.250-335.250.mp3,False,
haliastur sphenurus,project_echo_bucket_3__region_14.400-16.400.mp3,False,
haliastur sphenurus,project_echo_bucket_1__region_101.350-103.350.wav,False,
haliastur sphenurus,project_echo_bucket_3__region_311.250-313.250.mp3,False,
haliastur sphenurus,project_echo_bucket_2__region_64.400-66.400.mp3,False,
haliastur sphenurus,project_echo_bucket_3__region_3.000-5.000.mp3,False,
haliastur sphenurus,project_echo_bucket_2__region_71.000-73.000.mp3,False,
haliastur sphenurus,project_echo_bucket_3__region_30.000-32.000.mp3,False,
haliastur sphenurus,project_echo_bucket_3__region_47.350-49.350.mp3,False,
haliastur sphenurus,project_echo_bucket_3__region_357.250-359.250.mp3,False,
haliastur sphenurus,project_echo_bucket_2__region_14.400-16.400.mp3,False,
haliastur sphenurus,project_echo_bucket_2__region_135.350-137.350.mp3,False,
haliastur sphenurus,project_echo_bucket_3__region_93.350-95.350.mp3,False,
haliastur sphenurus,project_echo_bucket_2__region_311.250-313.250.mp3,False,
haliastur sphenurus,project_echo_bucket_2__region_279.250-281.250.mp3,False,
haliastur sphenurus,project_echo_bucket_2__region_329.250-331.250.mp3,False,
haliastur sphenurus,project_echo_bucket_3__region_24.400-26.400.mp3,False,
haliastur sphenurus,project_echo_bucket_2__region_395.250-397.250.mp3,False,
philemon corniculatus,project_echo_bucket_3__region_122.900-124.900.mp3,False,
philemon corniculatus,project_echo_bucket_3__region_65.000-67.000.mp3,False,
philemon corniculatus,project_echo_bucket_3__region_74.550-76.550.mp3,False,
philemon corniculatus,project_echo_bucket_3__region_329.850-331.850.mp3,False,
philemon corniculatus,project_echo_bucket_2__region_101.650-103.650.mp3,False,
philemon corniculatus,project_echo_bucket_2__region_19.800-21.800.mp3,False,
philemon corniculatus,project_echo_bucket_2__region_25.850-27.850.mp3,False,
philemon corniculatus,project_echo_bucket_3__region_121.800-123.800.mp3,False,
philemon corniculatus,project_echo_bucket_2__region_10.900-12.900.mp3,False,
philemon corniculatus,project_echo_bucket_2__region_14.700-16.150.mp3,False,
philemon corniculatus,project_echo_bucket_2__region_122.900-124.900.mp3,False,
philemon corniculatus,project_echo_bucket_2__region_88.250-90.250.mp3,False,
philemon corniculatus,project_echo_bucket_2__region_329.850-331.850.mp3,False,
philemon corniculatus,project_echo_bucket_2__region_81.900-83.900.mp3,False,
philemon corniculatus,project_echo_bucket_3__region_58.900-60.900.mp3,False,
philemon corniculatus,project_echo_bucket_3__region_50.100-51.400.mp3,False,
philemon corniculatus,project_echo_bucket_2__region_23.950-25.200.mp3,False,
philemon corniculatus,project_echo_bucket_3__region_14.100-15.400.mp3,False,
philemon corniculatus,project_echo_bucket_2__region_29.250-31.250.mp3,False,
philemon corniculatus,project_echo_bucket_2__region_68.450-69.650.mp3,False,
philemon corniculatus,project_echo_bucket_3__region_78.950-80.950.mp3,False,
philemon corniculatus,project_echo_bucket_3__region_77.300-78.900.mp3,False,
philemon corniculatus,project_echo_bucket_2__region_79.650-81.300.mp3,False,
philemon corniculatus,project_echo_bucket_3__region_90.600-92.100.mp3,False,
philemon corniculatus,project_echo_bucket_3__region_0.100-2.100.mp3,False,
philemon corniculatus,project_echo_bucket_2__region_185.600-187.600.mp3,False,
philemon corniculatus,project_echo_bucket_2__region_49.800-51.800.mp3,False,
philemon corniculatus,project_echo_bucket_2__region_57.400-59.400.mp3,False,
philemon corniculatus,project_echo_bucket_2__region_58.900-60.900.mp3,False,
philemon corniculatus,project_echo_bucket_2__region_50.100-51.400.mp3,False,
philemon corniculatus,project_echo_bucket_3__region_33.100-35.100.mp3,False,
philemon corniculatus,project_echo_bucket_3__region_119.300-121.000.mp3,False,
philemon corniculatus,project_echo_bucket_2__region_79.550-81.350.mp3,False,
philemon corniculatus,project_echo_bucket_2__region_23.300-25.050.mp3,False,
philemon corniculatus,project_echo_bucket_3__region_47.800-49.800.mp3,False,
philemon corniculatus,project_echo_bucket_3__region_68.450-69.650.mp3,False,
philemon corniculatus,project_echo_bucket_2__region_0.100-2.100.mp3,False,
philemon corniculatus,project_echo_bucket_3__region_79.550-81.350.mp3,False,
philemon corniculatus,project_echo_bucket_2__region_31.250-32.700.mp3,False,
philemon corniculatus,project_echo_bucket_2__region_4.400-6.400.mp3,False,
philemon corniculatus,project_echo_bucket_3__region_117.850-119.850.mp3,False,
philemon corniculatus,project_echo_bucket_1__region_2.000-4.000.wav,False,
philemon corniculatus,project_echo_bucket_3__region_4.100-6.100.mp3,False,
philemon corniculatus,project_echo_bucket_3__region_31.050-32.300.mp3,False,
philemon corniculatus,project_echo_bucket_2__region_195.000-196.250.mp3,False,
philemon corniculatus,project_echo_bucket_3__region_87.250-89.250.mp3,False,
philemon corniculatus,project_echo_bucket_2__region_104.950-106.950.mp3,False,
philemon corniculatus,project_echo_bucket_2__region_52.300-54.300.mp3,False,
philemon corniculatus,project_echo_bucket_3__region_60.400-62.400.mp3,False,
philemon corniculatus,project_echo_bucket_3__region_119.800-121.800.mp3,False,
philemon corniculatus,project_echo_bucket_2__region_196.400-197.750.mp3,False,
philemon corniculatus,project_echo_bucket_2__region_4.000-6.000.mp3,False,
philemon corniculatus,project_echo_bucket_2__region_76.900-78.900.mp3,False,
philemon corniculatus,project_echo_bucket_3__region_92.700-94.700.mp3,False,
philemon corniculatus,project_echo_bucket_2__region_82.350-84.350.mp3,False,
philemon corniculatus,project_echo_bucket_1__region_77.300-78.900.wav,False,
philemon corniculatus,project_echo_bucket_3__region_31.400-33.400.mp3,False,
philemon corniculatus,project_echo_bucket_3__region_109.150-111.150.mp3,False,
philemon corniculatus,project_echo_bucket_3__region_76.900-78.900.mp3,False,
philemon corniculatus,project_echo_bucket_2__region_113.850-115.850.mp3,False,
philemon corniculatus,project_echo_bucket_3__region_33.400-35.400.mp3,False,
philemon corniculatus,project_echo_bucket_2__region_6.000-7.250.mp3,False,
philemon corniculatus,project_echo_bucket_2__region_59.800-61.800.mp3,False,
philemon corniculatus,project_echo_bucket_3__region_52.300-54.300.mp3,False,
philemon corniculatus,project_echo_bucket_2__region_60.400-62.400.mp3,False,
philemon corniculatus,project_echo_bucket_2__region_3.350-5.350.mp3,False,
philemon corniculatus,project_echo_bucket_3__region_56.900-58.900.mp3,False,
philemon corniculatus,project_echo_bucket_3__region_28.850-30.850.mp3,False,
philemon corniculatus,project_echo_bucket_3__region_7.350-9.350.mp3,False,
philemon corniculatus,project_echo_bucket_3__region_23.950-25.200.mp3,False,
philemon corniculatus,project_echo_bucket_2__region_7.350-9.350.mp3,False,
philemon corniculatus,project_echo_bucket_2__region_12.050-14.050.mp3,False,
philemon corniculatus,project_echo_bucket_2__region_20.100-22.100.mp3,False,
philemon corniculatus,project_echo_bucket_2__region_90.600-92.100.mp3,False,
philemon corniculatus,project_echo_bucket_3__region_185.600-187.600.mp3,False,
philemon corniculatus,project_echo_bucket_3__region_81.900-83.900.mp3,False,
philemon corniculatus,project_echo_bucket_3__region_195.000-196.250.mp3,False,
philemon corniculatus,project_echo_bucket_2__region_2.950-4.950.mp3,False,
philemon corniculatus,project_echo_bucket_2__region_0.000-2.000.mp3,False,
philemon corniculatus,project_echo_bucket_2__region_183.600-185.600.mp3,False,
philemon corniculatus,project_echo_bucket_3__region_82.350-84.350.mp3,False,
philemon corniculatus,project_echo_bucket_2__region_287.850-289.850.mp3,False,
philemon corniculatus,project_echo_bucket_3__region_79.650-81.300.mp3,False,
philemon corniculatus,project_echo_bucket_3__region_57.800-59.800.mp3,False,
philemon corniculatus,project_echo_bucket_2__region_55.500-57.300.mp3,False,
philemon corniculatus,project_echo_bucket_2__region_56.900-58.900.mp3,False,
philemon corniculatus,project_echo_bucket_2__region_430.350-432.350.mp3,False,
philemon corniculatus,project_echo_bucket_3__region_106.950-107.950.mp3,False,
philemon corniculatus,project_echo_bucket_2__region_46.250-48.050.mp3,False,
philemon corniculatus,project_echo_bucket_2__region_27.250-29.250.mp3,False,
philemon corniculatus,project_echo_bucket_3__region_2.000-4.000.mp3,False,
philemon corniculatus,project_echo_bucket_3__region_115.850-117.850.mp3,False,
philemon corniculatus,project_echo_bucket_3__region_1.450-2.700.mp3,False,
philemon corniculatus,project_echo_bucket_3__region_2.950-4.950.mp3,False,
philemon corniculatus,project_echo_bucket_2__region_27.100-29.100.mp3,False,
philemon corniculatus,project_echo_bucket_2__region_31.050-32.300.mp3,False,
philemon corniculatus,project_echo_bucket_3__region_7.000-8.500.mp3,False,
philemon corniculatus,project_echo_bucket_3__region_96.950-98.950.mp3,False,
philemon corniculatus,project_echo_bucket_3__region_101.650-103.650.mp3,False,
philemon corniculatus,project_echo_bucket_2__region_4.100-6.100.mp3,False,
philemon corniculatus,project_echo_bucket_2__region_1.500-2.800.mp3,False,
philemon corniculatus,project_echo_bucket_2__region_45.800-47.800.mp3,False,
philemon corniculatus,project_echo_bucket_3__region_0.000-1.700.mp3,False,
philemon corniculatus,project_echo_bucket_2__region_106.950-107.950.mp3,False,
philemon corniculatus,project_echo_bucket_3__region_14.250-16.250.mp3,False,
philemon corniculatus,project_echo_bucket_3__region_6.000-7.250.mp3,False,
philemon corniculatus,project_echo_bucket_3__region_6.550-8.200.mp3,False,
philemon corniculatus,project_echo_bucket_3__region_18.200-19.600.mp3,False,
philemon corniculatus,project_echo_bucket_3__region_111.150-113.150.mp3,False,
philemon corniculatus,project_echo_bucket_2__region_14.250-16.250.mp3,False,
philemon corniculatus,project_echo_bucket_2__region_33.100-35.100.mp3,False,
philemon corniculatus,project_echo_bucket_2__region_6.400-8.400.mp3,False,
philemon corniculatus,project_echo_bucket_3__region_149.650-151.650.mp3,False,
philemon corniculatus,project_echo_bucket_3__region_2.600-4.500.mp3,False,
philemon corniculatus,project_echo_bucket_2__region_119.800-121.800.mp3,False,
philemon corniculatus,project_echo_bucket_3__region_119.850-121.650.mp3,False,
philemon corniculatus,project_echo_bucket_3__region_67.000-69.000.mp3,False,
philemon corniculatus,project_echo_bucket_2__region_2.600-4.500.mp3,False,
philemon corniculatus,project_echo_bucket_3__region_6.400-8.400.mp3,False,
philemon corniculatus,project_echo_bucket_3__region_55.500-57.300.mp3,False,
philemon corniculatus,project_echo_bucket_3__region_59.800-61.800.mp3,False,
philemon corniculatus,project_echo_bucket_3__region_45.800-47.800.mp3,False,
philemon corniculatus,project_echo_bucket_2__region_0.000-1.700.mp3,False,
philemon corniculatus,project_echo_bucket_2__region_6.550-8.200.mp3,False,
philemon corniculatus,project_echo_bucket_3__region_21.450-23.100.mp3,False,
philemon corniculatus,project_echo_bucket_3__region_83.250-85.250.mp3,False,
philemon corniculatus,project_echo_bucket_1__region_78.950-80.950.wav,False,
philemon corniculatus,project_echo_bucket_3__region_27.250-29.250.mp3,False,
acanthorhynchus tenuirostris,project_echo_bucket_2__region_8.000-10.000.mp3,False,
acanthorhynchus tenuirostris,project_echo_bucket_3__region_8.200-10.200.mp3,False,
acanthorhynchus tenuirostris,project_echo_bucket_2__region_52.400-54.400.mp3,False,
acanthorhynchus tenuirostris,project_echo_bucket_2__region_5.800-7.800.mp3,False,
acanthorhynchus tenuirostris,project_echo_bucket_3__region_4.000-6.000.mp3,False,
acanthorhynchus tenuirostris,project_echo_bucket_3__region_42.950-44.950.mp3,False,
acanthorhynchus tenuirostris,project_echo_bucket_3__region_29.700-31.450.mp3,False,
acanthorhynchus tenuirostris,project_echo_bucket_3__region_7.550-8.850.mp3,False,
acanthorhynchus tenuirostris,project_echo_bucket_3__region_50.400-52.400.mp3,False,
acanthorhynchus tenuirostris,project_echo_bucket_2__region_2.150-4.150.mp3,False,
acanthorhynchus tenuirostris,project_echo_bucket_3__region_2.400-4.400.mp3,False,
acanthorhynchus tenuirostris,project_echo_bucket_2__region_42.550-44.550.mp3,False,
acanthorhynchus tenuirostris,project_echo_bucket_3__region_44.700-46.700.mp3,False,
acanthorhynchus tenuirostris,project_echo_bucket_2__region_10.200-12.200.mp3,False,
acanthorhynchus tenuirostris,project_echo_bucket_2__region_4.300-5.898.mp3,False,
acanthorhynchus tenuirostris,project_echo_bucket_2__region_4.050-6.050.mp3,False,
acanthorhynchus tenuirostris,project_echo_bucket_3__region_32.700-34.700.mp3,False,
acanthorhynchus tenuirostris,project_echo_bucket_2__region_4.650-6.650.mp3,False,
acanthorhynchus tenuirostris,project_echo_bucket_3__region_4.300-5.898.mp3,False,
acanthorhynchus tenuirostris,project_echo_bucket_3__region_6.000-8.000.mp3,False,
acanthorhynchus tenuirostris,project_echo_bucket_2__region_29.700-31.450.mp3,False,
acanthorhynchus tenuirostris,project_echo_bucket_2__region_25.000-26.350.mp3,False,
acanthorhynchus tenuirostris,project_echo_bucket_3__region_38.700-40.700.mp3,False,
acanthorhynchus tenuirostris,project_echo_bucket_2__region_0.000-1.586.mp3,False,
acanthorhynchus tenuirostris,project_echo_bucket_2__region_7.700-9.100.mp3,False,
acanthorhynchus tenuirostris,project_echo_bucket_3__region_20.700-22.700.mp3,False,
acanthorhynchus tenuirostris,project_echo_bucket_2__region_34.700-36.700.mp3,False,
acanthorhynchus tenuirostris,project_echo_bucket_2__region_54.400-56.400.mp3,False,
acanthorhynchus tenuirostris,project_echo_bucket_3__region_54.400-56.400.mp3,False,
acanthorhynchus tenuirostris,project_echo_bucket_2__region_0.100-2.100.mp3,False,
acanthorhynchus tenuirostris,project_echo_bucket_3__region_29.000-31.000.mp3,False,
acanthorhynchus tenuirostris,project_echo_bucket_3__region_31.650-33.650.mp3,False,
acanthorhynchus tenuirostris,project_echo_bucket_3__region_10.150-11.350.mp3,False,
acanthorhynchus tenuirostris,project_echo_bucket_2__region_33.700-34.700.mp3,False,
acanthorhynchus tenuirostris,project_echo_bucket_2__region_8.200-10.200.mp3,False,
acanthorhynchus tenuirostris,project_echo_bucket_2__region_9.350-10.800.mp3,False,
acanthorhynchus tenuirostris,project_echo_bucket_2__region_8.800-10.100.mp3,False,
acanthorhynchus tenuirostris,project_echo_bucket_3__region_34.000-36.000.mp3,False,
acanthorhynchus tenuirostris,project_echo_bucket_3__region_4.100-6.100.mp3,False,
acanthorhynchus tenuirostris,project_echo_bucket_3__region_49.150-50.200.mp3,False,
acanthorhynchus tenuirostris,project_echo_bucket_3__region_45.250-46.550.mp3,False,
acanthorhynchus tenuirostris,project_echo_bucket_3__region_43.250-45.250.mp3,False,
acanthorhynchus tenuirostris,project_echo_bucket_2__region_27.800-29.450.mp3,False,
acanthorhynchus tenuirostris,project_echo_bucket_2__region_22.000-24.000.mp3,False,
acanthorhynchus tenuirostris,project_echo_bucket_3__region_0.350-2.000.mp3,False,
acanthorhynchus tenuirostris,project_echo_bucket_3__region_31.000-32.950.mp3,False,
acanthorhynchus tenuirostris,project_echo_bucket_3__region_9.000-10.800.mp3,False,
acanthorhynchus tenuirostris,project_echo_bucket_3__region_39.250-41.250.mp3,False,
acanthorhynchus tenuirostris,project_echo_bucket_3__region_33.700-34.700.mp3,False,
acanthorhynchus tenuirostris,project_echo_bucket_3__region_12.100-14.100.mp3,False,
acanthorhynchus tenuirostris,project_echo_bucket_3__region_0.800-2.800.mp3,False,
acanthorhynchus tenuirostris,project_echo_bucket_2__region_4.000-6.000.mp3,False,
acanthorhynchus tenuirostris,project_echo_bucket_2__region_14.700-16.700.mp3,False,
acanthorhynchus tenuirostris,project_echo_bucket_2__region_45.250-46.550.mp3,False,
acanthorhynchus tenuirostris,project_echo_bucket_2__region_44.950-46.450.mp3,False,
acanthorhynchus tenuirostris,project_echo_bucket_3__region_14.100-15.150.mp3,False,
acanthorhynchus tenuirostris,project_echo_bucket_2__region_4.500-6.500.mp3,False,
acanthorhynchus tenuirostris,project_echo_bucket_2__region_12.800-14.800.mp3,False,
acanthorhynchus tenuirostris,project_echo_bucket_2__region_6.650-7.700.mp3,False,
acanthorhynchus tenuirostris,project_echo_bucket_3__region_0.000-2.000.mp3,False,
acanthorhynchus tenuirostris,project_echo_bucket_2__region_8.250-10.250.mp3,False,
acanthorhynchus tenuirostris,project_echo_bucket_3__region_27.800-29.450.mp3,False,
acanthorhynchus tenuirostris,project_echo_bucket_3__region_2.250-4.250.mp3,False,
acanthorhynchus tenuirostris,project_echo_bucket_2__region_9.150-11.150.mp3,False,
acanthorhynchus tenuirostris,project_echo_bucket_3__region_10.700-12.700.mp3,False,
acanthorhynchus tenuirostris,project_echo_bucket_3__region_9.350-10.800.mp3,False,
acanthorhynchus tenuirostris,project_echo_bucket_3__region_10.100-12.100.mp3,False,
acanthorhynchus tenuirostris,project_echo_bucket_2__region_14.800-15.850.mp3,False,
acanthorhynchus tenuirostris,project_echo_bucket_3__region_6.650-7.700.mp3,False,
acanthorhynchus tenuirostris,project_echo_bucket_2__region_2.100-4.100.mp3,False,
acanthorhynchus tenuirostris,project_echo_bucket_2__region_2.950-4.950.mp3,False,
acanthorhynchus tenuirostris,project_echo_bucket_2__region_34.750-36.600.mp3,False,
acanthorhynchus tenuirostris,project_echo_bucket_2__region_42.950-44.950.mp3,False,
acanthorhynchus tenuirostris,project_echo_bucket_2__region_2.300-4.300.mp3,False,
acanthorhynchus tenuirostris,project_echo_bucket_2__region_0.800-2.800.mp3,False,
acanthorhynchus tenuirostris,project_echo_bucket_2__region_2.250-4.250.mp3,False,
acanthorhynchus tenuirostris,project_echo_bucket_2__region_6.000-8.000.mp3,False,
acanthorhynchus tenuirostris,project_echo_bucket_2__region_48.400-50.400.mp3,False,
acanthorhynchus tenuirostris,project_echo_bucket_2__region_10.100-12.100.mp3,False,
acanthorhynchus tenuirostris,project_echo_bucket_2__region_3.000-5.000.mp3,False,
acanthorhynchus tenuirostris,project_echo_bucket_1__region_6.250-8.250.wav,False,
acanthorhynchus tenuirostris,project_echo_bucket_3__region_8.100-10.100.mp3,False,
acanthorhynchus tenuirostris,project_echo_bucket_3__region_0.050-2.050.mp3,False,
acanthorhynchus tenuirostris,project_echo_bucket_3__region_2.950-4.950.mp3,False,
acanthorhynchus tenuirostris,project_echo_bucket_2__region_0.350-2.000.mp3,False,
acanthorhynchus tenuirostris,project_echo_bucket_3__region_34.700-36.700.mp3,False,
acanthorhynchus tenuirostris,project_echo_bucket_3__region_31.700-33.700.mp3,False,
acanthorhynchus tenuirostris,project_echo_bucket_3__region_24.050-26.050.mp3,False,
acanthorhynchus tenuirostris,project_echo_bucket_3__region_22.000-24.000.mp3,False,
acanthorhynchus tenuirostris,project_echo_bucket_3__region_42.700-44.700.mp3,False,
acanthorhynchus tenuirostris,project_echo_bucket_2__region_3.800-5.800.mp3,False,
acanthorhynchus tenuirostris,project_echo_bucket_2__region_10.700-12.700.mp3,False,
acanthorhynchus tenuirostris,project_echo_bucket_3__region_22.300-24.300.mp3,False,
acanthorhynchus tenuirostris,project_echo_bucket_2__region_4.400-5.450.mp3,False,
acanthorhynchus tenuirostris,project_echo_bucket_3__region_7.000-9.000.mp3,False,
acanthorhynchus tenuirostris,project_echo_bucket_2__region_2.000-4.000.mp3,False,
acanthorhynchus tenuirostris,project_echo_bucket_2__region_4.100-6.100.mp3,False,
acanthorhynchus tenuirostris,project_echo_bucket_3__region_1.000-3.000.mp3,False,
acanthorhynchus tenuirostris,project_echo_bucket_3__region_2.300-4.300.mp3,False,
acanthorhynchus tenuirostris,project_echo_bucket_3__region_25.000-26.350.mp3,False,
acanthorhynchus tenuirostris,project_echo_bucket_2__region_31.700-33.700.mp3,False,
acanthorhynchus tenuirostris,project_echo_bucket_2__region_6.200-8.200.mp3,False,
acanthorhynchus tenuirostris,project_echo_bucket_3__region_8.800-10.100.mp3,False,
acanthorhynchus tenuirostris,project_echo_bucket_2__region_42.700-44.700.mp3,False,
acanthorhynchus tenuirostris,project_echo_bucket_3__region_12.700-14.700.mp3,False,
acanthorhynchus tenuirostris,project_echo_bucket_2__region_30.700-32.700.mp3,False,
acanthorhynchus tenuirostris,project_echo_bucket_3__region_0.650-2.650.mp3,False,
acanthorhynchus tenuirostris,project_echo_bucket_3__region_6.200-8.200.mp3,False,
acanthorhynchus tenuirostris,project_echo_bucket_2__region_7.550-8.850.mp3,False,
acanthorhynchus tenuirostris,project_echo_bucket_2__region_22.300-24.300.mp3,False,
acanthorhynchus tenuirostris,project_echo_bucket_3__region_5.700-7.700.mp3,False,
acanthorhynchus tenuirostris,project_echo_bucket_2__region_0.650-2.650.mp3,False,
acanthorhynchus tenuirostris,project_echo_bucket_2__region_5.000-7.000.mp3,False,
acanthorhynchus tenuirostris,project_echo_bucket_2__region_14.100-15.150.mp3,False,
acanthorhynchus tenuirostris,project_echo_bucket_2__region_6.100-8.100.mp3,False,
acanthorhynchus tenuirostris,project_echo_bucket_3__region_6.250-8.250.mp3,False,
acanthorhynchus tenuirostris,project_echo_bucket_3__region_42.550-44.550.mp3,False,
acanthorhynchus tenuirostris,project_echo_bucket_2__region_34.000-36.000.mp3,False,
vulpes vulpes,project_echo_bucket_3__region_396.150-397.300.mp3,False,
vulpes vulpes,project_echo_bucket_2__region_102.553-104.553.mp3,False,
vulpes vulpes,project_echo_bucket_3__region_55.800-57.800.mp3,False,
vulpes vulpes,project_echo_bucket_3__region_24.389-26.338.mp3,False,
vulpes vulpes,project_echo_bucket_2__region_834.950-836.150.mp3,False,
vulpes vulpes,project_echo_bucket_2__region_38.882-40.582.mp3,False,
vulpes vulpes,project_echo_bucket_2__region_55.800-57.800.mp3,False,
vulpes vulpes,project_echo_bucket_2__region_33.900-34.950.mp3,False,
vulpes vulpes,project_echo_bucket_3__region_6.647-7.697.mp3,False,
vulpes vulpes,project_echo_bucket_2__region_10.700-12.300.mp3,False,
vulpes vulpes,project_echo_bucket_3__region_37.800-39.800.mp3,False,
vulpes vulpes,project_echo_bucket_3__region_106.702-108.701.mp3,False,
vulpes vulpes,project_echo_bucket_3__region_18.550-20.550.mp3,False,
vulpes vulpes,project_echo_bucket_3__region_396.050-397.100.mp3,False,
vulpes vulpes,project_echo_bucket_2__region_106.702-108.701.mp3,False,
vulpes vulpes,project_echo_bucket_2__region_69.800-71.800.mp3,False,
vulpes vulpes,project_echo_bucket_3__region_582.000-583.600.mp3,False,
vulpes vulpes,project_echo_bucket_2__region_396.050-397.100.mp3,False,
vulpes vulpes,project_echo_bucket_2__region_3.249-5.098.mp3,False,
vulpes vulpes,project_echo_bucket_3__region_598.350-599.650.mp3,False,
vulpes vulpes,project_echo_bucket_2__region_539.900-541.300.mp3,False,
vulpes vulpes,project_echo_bucket_3__region_117.946-119.596.mp3,False,
vulpes vulpes,project_echo_bucket_2__region_4.250-5.300.mp3,False,
vulpes vulpes,project_echo_bucket_3__region_16.592-18.592.mp3,False,
vulpes vulpes,project_echo_bucket_2__region_168.550-169.650.mp3,False,
vulpes vulpes,project_echo_bucket_3__region_110.800-112.799.mp3,False,
vulpes vulpes,project_echo_bucket_2__region_10.595-12.594.mp3,False,
vulpes vulpes,project_echo_bucket_2__region_34.934-36.733.mp3,False,
vulpes vulpes,project_echo_bucket_2__region_8.596-10.595.mp3,False,
vulpes vulpes,project_echo_bucket_2__region_581.550-583.550.mp3,False,
vulpes vulpes,project_echo_bucket_2__region_14.044-15.093.mp3,False,
vulpes vulpes,project_echo_bucket_3__region_4.500-6.500.mp3,False,
vulpes vulpes,project_echo_bucket_2__region_6.150-8.150.mp3,False,
vulpes vulpes,project_echo_bucket_3__region_12.500-14.500.mp3,False,
vulpes vulpes,project_echo_bucket_3__region_10.595-12.594.mp3,False,
vulpes vulpes,project_echo_bucket_2__region_16.592-18.592.mp3,False,
vulpes vulpes,project_echo_bucket_2__region_24.389-26.338.mp3,False,
vulpes vulpes,project_echo_bucket_3__region_71.800-73.800.mp3,False,
vulpes vulpes,project_echo_bucket_3__region_134.889-136.888.mp3,False,
vulpes vulpes,project_echo_bucket_3__region_12.594-14.593.mp3,False,
vulpes vulpes,project_echo_bucket_2__region_126.900-127.950.mp3,False,
vulpes vulpes,project_echo_bucket_2__region_90.509-91.508.mp3,False,
vulpes vulpes,project_echo_bucket_2__region_6.500-8.150.mp3,False,
vulpes vulpes,project_echo_bucket_3__region_504.750-506.000.mp3,False,
vulpes vulpes,project_echo_bucket_3__region_4.250-5.300.mp3,False,
vulpes vulpes,project_echo_bucket_3__region_34.934-36.733.mp3,False,
vulpes vulpes,project_echo_bucket_2__region_134.889-136.888.mp3,False,
vulpes vulpes,project_echo_bucket_3__region_14.593-16.592.mp3,False,
vulpes vulpes,project_echo_bucket_3__region_6.150-8.150.mp3,False,
vulpes vulpes,project_echo_bucket_2__region_18.400-20.400.mp3,False,
vulpes vulpes,project_echo_bucket_3__region_88.910-90.509.mp3,False,
vulpes vulpes,project_echo_bucket_3__region_27.138-29.137.mp3,False,
vulpes vulpes,project_echo_bucket_3__region_80.314-82.313.mp3,False,
vulpes vulpes,project_echo_bucket_2__region_111.000-112.050.mp3,False,
vulpes vulpes,project_echo_bucket_2__region_27.400-29.400.mp3,False,
vulpes vulpes,project_echo_bucket_2__region_14.893-16.892.mp3,False,
vulpes vulpes,project_echo_bucket_2__region_455.050-456.650.mp3,False,
vulpes vulpes,project_echo_bucket_2__region_117.946-119.596.mp3,False,
vulpes vulpes,project_echo_bucket_2__region_553.050-554.050.mp3,False,
vulpes vulpes,project_echo_bucket_3__region_566.150-567.350.mp3,False,
vulpes vulpes,project_echo_bucket_3__region_111.000-112.050.mp3,False,
vulpes vulpes,project_echo_bucket_2__region_29.137-31.136.mp3,False,
vulpes vulpes,project_echo_bucket_3__region_28.050-29.150.mp3,False,
vulpes vulpes,project_echo_bucket_2__region_796.400-797.400.mp3,False,
vulpes vulpes,project_echo_bucket_2__region_4.500-6.500.mp3,False,
vulpes vulpes,project_echo_bucket_2__region_18.592-20.491.mp3,False,
vulpes vulpes,project_echo_bucket_2__region_143.385-145.384.mp3,False,
vulpes vulpes,project_echo_bucket_3__region_455.050-456.650.mp3,False,
vulpes vulpes,project_echo_bucket_3__region_152.000-153.300.mp3,False,
vulpes vulpes,project_echo_bucket_2__region_525.900-527.300.mp3,False,
vulpes vulpes,project_echo_bucket_3__region_21.590-23.589.mp3,False,
vulpes vulpes,project_echo_bucket_2__region_615.400-616.850.mp3,False,
vulpes vulpes,project_echo_bucket_3__region_0.050-1.699.mp3,False,
vulpes vulpes,project_echo_bucket_3__region_553.050-554.050.mp3,False,
vulpes vulpes,project_echo_bucket_2__region_80.314-82.313.mp3,False,
vulpes vulpes,project_echo_bucket_2__region_63.800-65.800.mp3,False,
vulpes vulpes,project_echo_bucket_2__region_396.150-397.300.mp3,False,
vulpes vulpes,project_echo_bucket_2__region_27.138-29.137.mp3,False,
vulpes vulpes,project_echo_bucket_3__region_33.285-34.684.mp3,False,
vulpes vulpes,project_echo_bucket_3__region_615.400-616.850.mp3,False,
vulpes vulpes,project_echo_bucket_2__region_6.647-7.697.mp3,False,
vulpes vulpes,project_echo_bucket_3__region_5.747-7.247.mp3,False,
vulpes vulpes,project_echo_bucket_3__region_70.750-72.750.mp3,False,
vulpes vulpes,project_echo_bucket_3__region_539.900-541.300.mp3,False,
vulpes vulpes,project_echo_bucket_2__region_417.650-419.200.mp3,False,
vulpes vulpes,project_echo_bucket_1__region_855.450-856.500.wav,False,
vulpes vulpes,project_echo_bucket_2__region_104.702-106.702.mp3,False,
vulpes vulpes,project_echo_bucket_3__region_14.044-15.093.mp3,False,
vulpes vulpes,project_echo_bucket_2__region_582.000-583.600.mp3,False,
vulpes vulpes,project_echo_bucket_2__region_161.300-162.500.mp3,False,
vulpes vulpes,project_echo_bucket_2__region_96.900-97.950.mp3,False,
vulpes vulpes,project_echo_bucket_2__region_29.400-31.400.mp3,False,
vulpes vulpes,project_echo_bucket_3__region_0.050-2.050.mp3,False,
vulpes vulpes,project_echo_bucket_3__region_81.450-83.450.mp3,False,
vulpes vulpes,project_echo_bucket_3__region_10.700-12.300.mp3,False,
vulpes vulpes,project_echo_bucket_2__region_8.596-9.846.mp3,False,
vulpes vulpes,project_echo_bucket_3__region_100.900-102.100.mp3,False,
vulpes vulpes,project_echo_bucket_3__region_3.448-5.248.mp3,False,
vulpes vulpes,project_echo_bucket_2__region_110.550-112.549.mp3,False,
vulpes vulpes,project_echo_bucket_3__region_3.249-5.098.mp3,False,
vulpes vulpes,project_echo_bucket_3__region_1.649-3.648.mp3,False,
vulpes vulpes,project_echo_bucket_3__region_6.500-8.150.mp3,False,
vulpes vulpes,project_echo_bucket_3__region_89.210-91.209.mp3,False,
vulpes vulpes,project_echo_bucket_2__region_566.150-567.350.mp3,False,
vulpes vulpes,project_echo_bucket_3__region_18.592-20.491.mp3,False,
vulpes vulpes,project_echo_bucket_2__region_81.450-83.450.mp3,False,
vulpes vulpes,project_echo_bucket_3__region_417.650-419.200.mp3,False,
vulpes vulpes,project_echo_bucket_2__region_73.800-75.800.mp3,False,
vulpes vulpes,project_echo_bucket_2__region_701.900-703.900.mp3,False,
vulpes vulpes,project_echo_bucket_2__region_127.692-129.691.mp3,False,
vulpes vulpes,project_echo_bucket_3__region_27.400-29.400.mp3,False,
vulpes vulpes,project_echo_bucket_2__region_21.590-23.589.mp3,False,
vulpes vulpes,project_echo_bucket_2__region_1.649-3.648.mp3,False,
vulpes vulpes,project_echo_bucket_3__region_143.385-145.384.mp3,False,
vulpes vulpes,project_echo_bucket_3__region_98.750-99.800.mp3,False,
vulpes vulpes,project_echo_bucket_3__region_39.800-41.800.mp3,False,
vulpes vulpes,project_echo_bucket_1__region_57.800-59.800.wav,False,
vulpes vulpes,project_echo_bucket_3__region_96.900-97.950.mp3,False,
rattus norvegicus,project_echo_bucket_3__Rat_Audio_092.mp3,False,
rattus norvegicus,project_echo_bucket_3__Rat_Audio_044.mp3,False,
rattus norvegicus,project_echo_bucket_3__Rat_Audio_078.mp3,False,
rattus norvegicus,project_echo_bucket_3__Rat_Audio_010.mp3,False,
rattus norvegicus,project_echo_bucket_3__Rat_Audio_045.mp3,False,
rattus norvegicus,project_echo_bucket_3__Rat_Audio_020.mp3,False,
rattus norvegicus,project_echo_bucket_2__region_2.449-4.448.mp3,False,
rattus norvegicus,project_echo_bucket_3__Rat_Audio_065.mp3,False,
rattus norvegicus,project_echo_bucket_2__Rat_Audio_070.mp3,False,
rattus norvegicus,project_echo_bucket_3__Rat_Audio_025.mp3,False,
rattus norvegicus,project_echo_bucket_3__Rat_Audio_064.mp3,False,
rattus norvegicus,project_echo_bucket_2__Rat_Audio_039.mp3,False,
rattus norvegicus,project_echo_bucket_2__Rat_Audio_091.mp3,False,
rattus norvegicus,project_echo_bucket_3__Rat_Audio_052.mp3,False,
rattus norvegicus,project_echo_bucket_2__Rat_Audio_050.mp3,False,
rattus norvegicus,project_echo_bucket_3__Rat_Audio_035.mp3,False,
rattus norvegicus,project_echo_bucket_2__Rat_Audio_036.mp3,False,
rattus norvegicus,project_echo_bucket_3__Rat_Audio_053.mp3,False,
rattus norvegicus,project_echo_bucket_3__Rat_Audio_021.mp3,False,
rattus norvegicus,project_echo_bucket_2__Rat_Audio_086.mp3,False,
rattus norvegicus,project_echo_bucket_2__Rat_Audio_090.mp3,False,
rattus norvegicus,project_echo_bucket_3__Rat_Audio_073.mp3,False,
rattus norvegicus,project_echo_bucket_3__Rat_Audio_070.mp3,False,
rattus norvegicus,project_echo_bucket_3__Rat_Audio_050.mp3,False,
rattus norvegicus,project_echo_bucket_2__Rat_Audio_003.mp3,False,
rattus norvegicus,project_echo_bucket_2__Rat_Audio_097.mp3,False,
rattus norvegicus,project_echo_bucket_2__Rat_Audio_074.mp3,False,
rattus norvegicus,project_echo_bucket_3__Rat_Audio_031.mp3,False,
rattus norvegicus,project_echo_bucket_2__Rat_Audio_072.mp3,False,
rattus norvegicus,project_echo_bucket_3__Rat_Audio_027.mp3,False,
rattus norvegicus,project_echo_bucket_2__region_4.198-6.197.mp3,False,
rattus norvegicus,project_echo_bucket_3__Rat_Audio_087.mp3,False,
rattus norvegicus,project_echo_bucket_2__Rat_Audio_041.mp3,False,
rattus norvegicus,project_echo_bucket_3__Rat_Audio_060.mp3,False,
rattus norvegicus,project_echo_bucket_3__Rat_Audio_061.mp3,False,
rattus norvegicus,project_echo_bucket_2__region_0.200-2.199.mp3,False,
rattus norvegicus,project_echo_bucket_3__Rat_Audio_082.mp3,False,
rattus norvegicus,project_echo_bucket_3__region_2.649-4.648.mp3,False,
rattus norvegicus,project_echo_bucket_2__Rat_Audio_078.mp3,False,
rattus norvegicus,project_echo_bucket_2__Rat_Audio_092.mp3,False,
rattus norvegicus,project_echo_bucket_2__Rat_Audio_021.mp3,False,
rattus norvegicus,project_echo_bucket_3__Rat_Audio_091.mp3,False,
rattus norvegicus,project_echo_bucket_2__Rat_Audio_061.mp3,False,
rattus norvegicus,project_echo_bucket_2__Rat_Audio_098.mp3,False,
rattus norvegicus,project_echo_bucket_2__Rat_Audio_017.mp3,False,
rattus norvegicus,project_echo_bucket_3__Rat_Audio_094.mp3,False,
rattus norvegicus,project_echo_bucket_2__Rat_Audio_020.mp3,False,
rattus norvegicus,project_echo_bucket_3__region_4.198-6.197.mp3,False,
rattus norvegicus,project_echo_bucket_3__Rat_Audio_090.mp3,False,
rattus norvegicus,project_echo_bucket_3__region_0.200-2.199.mp3,False,
rattus norvegicus,project_echo_bucket_3__Rat_Audio_068.mp3,False,
rattus norvegicus,project_echo_bucket_3__Rat_Audio_029.mp3,False,
rattus norvegicus,project_echo_bucket_2__Rat_Audio_047.mp3,False,
rattus norvegicus,project_echo_bucket_3__region_3.998-5.997.mp3,False,
rattus norvegicus,project_echo_bucket_2__region_2.549-4.548.mp3,False,
rattus norvegicus,project_echo_bucket_2__Rat_Audio_033.mp3,False,
rattus norvegicus,project_echo_bucket_3__Rat_Audio_081.mp3,False,
rattus norvegicus,project_echo_bucket_3__Rat_Audio_089.mp3,False,
rattus norvegicus,project_echo_bucket_2__Rat_Audio_075.mp3,False,
rattus norvegicus,project_echo_bucket_2__Rat_Audio_013.mp3,False,
rattus norvegicus,project_echo_bucket_3__Rat_Audio_085.mp3,False,
rattus norvegicus,project_echo_bucket_2__Rat_Audio_057.mp3,False,
rattus norvegicus,project_echo_bucket_2__Rat_Audio_062.mp3,False,
rattus norvegicus,project_echo_bucket_3__Rat_Audio_054.mp3,False,
rattus norvegicus,project_echo_bucket_2__Rat_Audio_085.mp3,False,
rattus norvegicus,project_echo_bucket_2__Rat_Audio_071.mp3,False,
rattus norvegicus,project_echo_bucket_3__Rat_Audio_006.mp3,False,
rattus norvegicus,project_echo_bucket_3__Rat_Audio_058.mp3,False,
rattus norvegicus,project_echo_bucket_3__Rat_Audio_042.mp3,False,
rattus norvegicus,project_echo_bucket_3__Rat_Audio_040.mp3,False,
rattus norvegicus,project_echo_bucket_2__Rat_Audio_010.mp3,False,
rattus norvegicus,project_echo_bucket_3__Rat_Audio_013.mp3,False,
rattus norvegicus,project_echo_bucket_3__region_7.397-8.696.mp3,False,
rattus norvegicus,project_echo_bucket_2__Rat_Audio_084.mp3,False,
rattus norvegicus,project_echo_bucket_2__Rat_Audio_022.mp3,False,
rattus norvegicus,project_echo_bucket_2__Rat_Audio_026.mp3,False,
rattus norvegicus,project_echo_bucket_2__Rat_Audio_052.mp3,False,
rattus norvegicus,project_echo_bucket_3__Rat_Audio_080.mp3,False,
rattus norvegicus,project_echo_bucket_3__Rat_Audio_051.mp3,False,
rattus norvegicus,project_echo_bucket_2__Rat_Audio_055.mp3,False,
rattus norvegicus,project_echo_bucket_3__region_6.347-7.347.mp3,False,
rattus norvegicus,project_echo_bucket_3__Rat_Audio_075.mp3,False,
rattus norvegicus,project_echo_bucket_3__Rat_Audio_007.mp3,False,
rattus norvegicus,project_echo_bucket_3__Rat_Audio_022.mp3,False,
rattus norvegicus,project_echo_bucket_2__Rat_Audio_042.mp3,False,
rattus norvegicus,project_echo_bucket_2__Rat_Audio_095.mp3,False,
rattus norvegicus,project_echo_bucket_3__Rat_Audio_088.mp3,False,
rattus norvegicus,project_echo_bucket_3__Rat_Audio_074.mp3,False,
rattus norvegicus,project_echo_bucket_2__Rat_Audio_079.mp3,False,
rattus norvegicus,project_echo_bucket_2__Rat_Audio_053.mp3,False,
rattus norvegicus,project_echo_bucket_2__Rat_Audio_027.mp3,False,
rattus norvegicus,project_echo_bucket_2__Rat_Audio_054.mp3,False,
rattus norvegicus,project_echo_bucket_2__Rat_Audio_045.mp3,False,
rattus norvegicus,project_echo_bucket_3__Rat_Audio_041.mp3,False,
rattus norvegicus,project_echo_bucket_3__Rat_Audio_093.mp3,False,
rattus norvegicus,project_echo_bucket_3__region_0.500-2.249.mp3,False,
rattus norvegicus,project_echo_bucket_3__Rat_Audio_043.mp3,False,
rattus norvegicus,project_echo_bucket_3__Rat_Audio_096.mp3,False,
rattus norvegicus,project_echo_bucket_3__Rat_Audio_059.mp3,False,
rattus norvegicus,project_echo_bucket_3__Rat_Audio_048.mp3,False,
rattus norvegicus,project_echo_bucket_3__region_4.648-6.647.mp3,False,
rattus norvegicus,project_echo_bucket_2__Rat_Audio_049.mp3,False,
rattus norvegicus,project_echo_bucket_3__Rat_Audio_033.mp3,False,
rattus norvegicus,project_echo_bucket_2__Rat_Audio_040.mp3,False,
rattus norvegicus,project_echo_bucket_2__Rat_Audio_096.mp3,False,
rattus norvegicus,project_echo_bucket_2__region_4.648-6.647.mp3,False,
rattus norvegicus,project_echo_bucket_3__Rat_Audio_071.mp3,False,
rattus norvegicus,project_echo_bucket_2__Rat_Audio_037.mp3,False,
rattus norvegicus,project_echo_bucket_3__Rat_Audio_018.mp3,False,
rattus norvegicus,project_echo_bucket_3__region_2.199-4.198.mp3,False,
rattus norvegicus,project_echo_bucket_3__Rat_Audio_066.mp3,False,
rattus norvegicus,project_echo_bucket_3__Rat_Audio_047.mp3,False,
rattus norvegicus,project_echo_bucket_2__Rat_Audio_043.mp3,False,
rattus norvegicus,project_echo_bucket_2__Rat_Audio_059.mp3,False,
rhipidura rufifrons,project_echo_bucket_3__region_44.000-46.000.mp3,False,
rhipidura rufifrons,project_echo_bucket_1__region_9.900-11.300.wav,False,
rhipidura rufifrons,project_echo_bucket_3__region_27.450-29.450.mp3,False,
rhipidura rufifrons,project_echo_bucket_2__region_0.050-2.050.mp3,False,
rhipidura rufifrons,project_echo_bucket_3__region_3.350-5.350.mp3,False,
rhipidura rufifrons,project_echo_bucket_2__region_15.600-16.850.mp3,False,
rhipidura rufifrons,project_echo_bucket_3__region_4.000-6.000.mp3,False,
rhipidura rufifrons,project_echo_bucket_2__region_3.150-4.400.mp3,False,
rhipidura rufifrons,project_echo_bucket_2__region_5.900-7.900.mp3,False,
rhipidura rufifrons,project_echo_bucket_3__region_2.200-3.800.mp3,False,
rhipidura rufifrons,project_echo_bucket_2__region_11.600-13.600.mp3,False,
rhipidura rufifrons,project_echo_bucket_2__region_20.950-22.950.mp3,False,
rhipidura rufifrons,project_echo_bucket_3__region_8.550-10.300.mp3,False,
rhipidura rufifrons,project_echo_bucket_3__region_35.450-37.450.mp3,False,
rhipidura rufifrons,project_echo_bucket_3__region_86.350-87.700.mp3,False,
rhipidura rufifrons,project_echo_bucket_3__region_4.950-6.000.mp3,False,
rhipidura rufifrons,project_echo_bucket_3__region_46.000-47.750.mp3,False,
rhipidura rufifrons,project_echo_bucket_3__region_29.200-31.200.mp3,False,
rhipidura rufifrons,project_echo_bucket_3__region_9.050-10.200.mp3,False,
rhipidura rufifrons,project_echo_bucket_2__region_23.550-25.550.mp3,False,
rhipidura rufifrons,project_echo_bucket_3__region_24.950-26.950.mp3,False,
rhipidura rufifrons,project_echo_bucket_3__region_63.200-64.500.mp3,False,
rhipidura rufifrons,project_echo_bucket_2__region_37.950-39.150.mp3,False,
rhipidura rufifrons,project_echo_bucket_3__region_0.950-2.950.mp3,False,
rhipidura rufifrons,project_echo_bucket_2__region_40.550-42.550.mp3,False,
rhipidura rufifrons,project_echo_bucket_2__region_21.050-23.050.mp3,False,
rhipidura rufifrons,project_echo_bucket_2__region_32.500-33.700.mp3,False,
rhipidura rufifrons,project_echo_bucket_2__region_44.600-46.600.mp3,False,
rhipidura rufifrons,project_echo_bucket_3__region_4.850-6.850.mp3,False,
rhipidura rufifrons,project_echo_bucket_3__region_7.900-9.900.mp3,False,
rhipidura rufifrons,project_echo_bucket_2__region_21.550-23.550.mp3,False,
rhipidura rufifrons,project_echo_bucket_3__region_80.550-82.550.mp3,False,
rhipidura rufifrons,project_echo_bucket_3__region_32.500-33.700.mp3,False,
rhipidura rufifrons,project_echo_bucket_3__region_0.300-1.600.mp3,False,
rhipidura rufifrons,project_echo_bucket_3__region_108.450-110.450.mp3,False,
rhipidura rufifrons,project_echo_bucket_2__region_34.700-36.700.mp3,False,
rhipidura rufifrons,project_echo_bucket_3__region_9.100-11.100.mp3,False,
rhipidura rufifrons,project_echo_bucket_2__region_24.550-26.550.mp3,False,
rhipidura rufifrons,project_echo_bucket_3__region_7.100-9.100.mp3,False,
rhipidura rufifrons,project_echo_bucket_3__region_47.100-49.100.mp3,False,
rhipidura rufifrons,project_echo_bucket_2__region_7.900-9.900.mp3,False,
rhipidura rufifrons,project_echo_bucket_2__region_99.750-101.150.mp3,False,
rhipidura rufifrons,project_echo_bucket_3__region_9.900-11.300.mp3,False,
rhipidura rufifrons,project_echo_bucket_2__region_45.450-47.450.mp3,False,
rhipidura rufifrons,project_echo_bucket_1__region_80.550-82.550.wav,False,
rhipidura rufifrons,project_echo_bucket_2__region_1.150-3.150.mp3,False,
rhipidura rufifrons,project_echo_bucket_3__region_1.800-3.100.mp3,False,
rhipidura rufifrons,project_echo_bucket_2__region_36.700-38.700.mp3,False,
rhipidura rufifrons,project_echo_bucket_2__region_24.500-26.500.mp3,False,
rhipidura rufifrons,project_echo_bucket_2__region_44.000-46.000.mp3,False,
rhipidura rufifrons,project_echo_bucket_2__region_18.950-20.950.mp3,False,
rhipidura rufifrons,project_echo_bucket_2__region_8.000-9.216.mp3,False,
rhipidura rufifrons,project_echo_bucket_2__region_11.200-13.200.mp3,False,
rhipidura rufifrons,project_echo_bucket_3__region_33.450-35.450.mp3,False,
rhipidura rufifrons,project_echo_bucket_2__region_86.350-87.700.mp3,False,
rhipidura rufifrons,project_echo_bucket_2__region_3.350-5.350.mp3,False,
rhipidura rufifrons,project_echo_bucket_2__region_1.800-3.100.mp3,False,
rhipidura rufifrons,project_echo_bucket_2__region_8.550-10.300.mp3,False,
rhipidura rufifrons,project_echo_bucket_3__region_44.600-46.600.mp3,False,
rhipidura rufifrons,project_echo_bucket_3__region_6.550-8.550.mp3,False,
rhipidura rufifrons,project_echo_bucket_2__region_66.600-68.600.mp3,False,
rhipidura rufifrons,project_echo_bucket_3__region_29.450-31.450.mp3,False,
rhipidura rufifrons,project_echo_bucket_2__region_8.700-10.700.mp3,False,
rhipidura rufifrons,project_echo_bucket_3__region_40.600-42.600.mp3,False,
rhipidura rufifrons,project_echo_bucket_2__region_29.450-31.450.mp3,False,
rhipidura rufifrons,project_echo_bucket_2__region_40.600-42.600.mp3,False,
rhipidura rufifrons,project_echo_bucket_3__region_97.750-99.750.mp3,False,
rhipidura rufifrons,project_echo_bucket_3__region_45.450-47.450.mp3,False,
rhipidura rufifrons,project_echo_bucket_3__region_11.600-13.600.mp3,False,
rhipidura rufifrons,project_echo_bucket_2__region_55.050-56.950.mp3,False,
rhipidura rufifrons,project_echo_bucket_3__region_36.700-38.700.mp3,False,
rhipidura rufifrons,project_echo_bucket_2__region_24.950-26.950.mp3,False,
rhipidura rufifrons,project_echo_bucket_2__region_97.750-99.750.mp3,False,
rhipidura rufifrons,project_echo_bucket_3__region_21.050-23.050.mp3,False,
rhipidura rufifrons,project_echo_bucket_3__region_5.900-7.900.mp3,False,
rhipidura rufifrons,project_echo_bucket_2__region_53.100-55.100.mp3,False,
rhipidura rufifrons,project_echo_bucket_3__region_13.900-15.900.mp3,False,
rhipidura rufifrons,project_echo_bucket_3__region_2.000-4.000.mp3,False,
rhipidura rufifrons,project_echo_bucket_3__region_0.050-2.050.mp3,False,
rhipidura rufifrons,project_echo_bucket_3__region_2.950-4.950.mp3,False,
rhipidura rufifrons,project_echo_bucket_2__region_33.450-35.450.mp3,False,
rhipidura rufifrons,project_echo_bucket_3__region_34.700-36.700.mp3,False,
rhipidura rufifrons,project_echo_bucket_2__region_39.850-41.850.mp3,False,
rhipidura rufifrons,project_echo_bucket_2__region_27.450-29.450.mp3,False,
rhipidura rufifrons,project_echo_bucket_3__region_39.850-41.850.mp3,False,
rhipidura rufifrons,project_echo_bucket_2__region_42.600-44.600.mp3,False,
rhipidura rufifrons,project_echo_bucket_2__region_35.450-37.450.mp3,False,
rhipidura rufifrons,project_echo_bucket_3__region_13.600-15.600.mp3,False,
rhipidura rufifrons,project_echo_bucket_2__region_13.550-15.000.mp3,False,
rhipidura rufifrons,project_echo_bucket_3__region_3.150-4.400.mp3,False,
rhipidura rufifrons,project_echo_bucket_2__region_28.650-29.750.mp3,False,
rhipidura rufifrons,project_echo_bucket_3__region_3.550-4.850.mp3,False,
rhipidura rufifrons,project_echo_bucket_3__region_55.050-56.950.mp3,False,
rhipidura rufifrons,project_echo_bucket_3__region_37.450-38.450.mp3,False,
rhipidura rufifrons,project_echo_bucket_3__region_35.050-37.050.mp3,False,
rhipidura rufifrons,project_echo_bucket_2__region_0.200-2.200.mp3,False,
rhipidura rufifrons,project_echo_bucket_3__region_22.950-24.950.mp3,False,
rhipidura rufifrons,project_echo_bucket_3__region_21.200-22.850.mp3,False,
rhipidura rufifrons,project_echo_bucket_3__region_8.000-9.216.mp3,False,
rhipidura rufifrons,project_echo_bucket_3__region_37.950-39.150.mp3,False,
rhipidura rufifrons,project_echo_bucket_2__region_54.700-56.700.mp3,False,
rhipidura rufifrons,project_echo_bucket_3__region_1.900-3.900.mp3,False,
melithreptus gularis,project_echo_bucket_2__region_126.150-127.950.mp3,False,
melithreptus gularis,project_echo_bucket_3__region_76.300-78.300.mp3,False,
melithreptus gularis,project_echo_bucket_2__region_8.000-10.000.mp3,False,
melithreptus gularis,project_echo_bucket_2__region_27.350-29.350.mp3,False,
melithreptus gularis,project_echo_bucket_2__region_44.950-46.950.mp3,False,
melithreptus gularis,project_echo_bucket_3__region_70.150-71.500.mp3,False,
melithreptus gularis,project_echo_bucket_3__region_12.000-14.000.mp3,False,
melithreptus gularis,project_echo_bucket_3__region_19.850-21.850.mp3,False,
melithreptus gularis,project_echo_bucket_3__region_3.050-5.050.mp3,False,
melithreptus gularis,project_echo_bucket_3__region_4.000-6.000.mp3,False,
melithreptus gularis,project_echo_bucket_3__region_30.650-32.650.mp3,False,
melithreptus gularis,project_echo_bucket_2__region_15.750-17.750.mp3,False,
melithreptus gularis,project_echo_bucket_2__region_2.150-4.150.mp3,False,
melithreptus gularis,project_echo_bucket_3__region_121.150-123.150.mp3,False,
melithreptus gularis,project_echo_bucket_2__region_14.000-16.000.mp3,False,
melithreptus gularis,project_echo_bucket_3__region_123.150-124.400.mp3,False,
melithreptus gularis,project_echo_bucket_2__region_26.300-28.300.mp3,False,
melithreptus gularis,project_echo_bucket_3__region_6.300-8.300.mp3,False,
melithreptus gularis,project_echo_bucket_3__region_74.300-76.300.mp3,False,
melithreptus gularis,project_echo_bucket_3__region_1.500-3.500.mp3,False,
melithreptus gularis,project_echo_bucket_2__region_27.950-29.600.mp3,False,
melithreptus gularis,project_echo_bucket_2__region_72.300-74.300.mp3,False,
melithreptus gularis,project_echo_bucket_3__region_6.000-8.000.mp3,False,
melithreptus gularis,project_echo_bucket_3__region_129.450-131.450.mp3,False,
melithreptus gularis,project_echo_bucket_3__region_12.150-14.150.mp3,False,
melithreptus gularis,project_echo_bucket_3__region_2.150-4.150.mp3,False,
melithreptus gularis,project_echo_bucket_2__region_6.150-8.150.mp3,False,
melithreptus gularis,project_echo_bucket_2__region_1.500-3.500.mp3,False,
melithreptus gularis,project_echo_bucket_2__region_135.300-136.700.mp3,False,
melithreptus gularis,project_echo_bucket_3__region_56.300-57.750.mp3,False,
melithreptus gularis,project_echo_bucket_3__region_111.600-112.900.mp3,False,
melithreptus gularis,project_echo_bucket_3__region_6.150-8.150.mp3,False,
melithreptus gularis,project_echo_bucket_3__region_9.800-11.800.mp3,False,
melithreptus gularis,project_echo_bucket_3__region_0.150-2.150.mp3,False,
melithreptus gularis,project_echo_bucket_3__region_4.150-6.150.mp3,False,
melithreptus gularis,project_echo_bucket_2__region_4.000-6.000.mp3,False,
melithreptus gularis,project_echo_bucket_2__region_0.150-2.150.mp3,False,
melithreptus gularis,project_echo_bucket_3__region_14.000-16.000.mp3,False,
melithreptus gularis,project_echo_bucket_3__region_85.150-87.150.mp3,False,
melithreptus gularis,project_echo_bucket_3__region_15.750-17.750.mp3,False,
melithreptus gularis,project_echo_bucket_2__region_47.150-49.150.mp3,False,
melithreptus gularis,project_echo_bucket_3__region_12.000-13.245.mp3,False,
melithreptus gularis,project_echo_bucket_2__region_129.450-131.450.mp3,False,
melithreptus gularis,project_echo_bucket_2__region_43.050-44.450.mp3,False,
melithreptus gularis,project_echo_bucket_3__region_0.000-2.000.mp3,False,
melithreptus gularis,project_echo_bucket_2__region_56.300-57.750.mp3,False,
melithreptus gularis,project_echo_bucket_3__region_61.250-62.450.mp3,False,
melithreptus gularis,project_echo_bucket_2__region_6.300-8.300.mp3,False,
melithreptus gularis,project_echo_bucket_3__region_119.150-121.150.mp3,False,
melithreptus gularis,project_echo_bucket_3__region_8.150-10.150.mp3,False,
melithreptus gularis,project_echo_bucket_2__region_15.850-17.850.mp3,False,
melithreptus gularis,project_echo_bucket_3__region_68.150-70.150.mp3,False,
melithreptus gularis,project_echo_bucket_2__region_123.150-124.400.mp3,False,
melithreptus gularis,project_echo_bucket_2__region_76.300-78.300.mp3,False,
melithreptus gularis,project_echo_bucket_3__region_126.150-127.950.mp3,False,
melithreptus gularis,project_echo_bucket_2__region_12.150-14.150.mp3,False,
melithreptus gularis,project_echo_bucket_2__region_24.200-26.200.mp3,False,
melithreptus gularis,project_echo_bucket_2__region_82.050-83.650.mp3,False,
melithreptus gularis,project_echo_bucket_2__region_6.000-8.000.mp3,False,
melithreptus gularis,project_echo_bucket_2__region_102.450-104.150.mp3,False,
melithreptus gularis,project_echo_bucket_3__region_2.000-4.000.mp3,False,
melithreptus gularis,project_echo_bucket_3__region_72.300-74.300.mp3,False,
melithreptus gularis,project_echo_bucket_2__region_28.650-30.650.mp3,False,
melithreptus gularis,project_echo_bucket_2__region_70.150-71.500.mp3,False,
melithreptus gularis,project_echo_bucket_3__region_28.300-30.300.mp3,False,
melithreptus gularis,project_echo_bucket_2__region_61.250-62.450.mp3,False,
melithreptus gularis,project_echo_bucket_2__region_12.000-14.000.mp3,False,
melithreptus gularis,project_echo_bucket_3__region_104.450-106.450.mp3,False,
melithreptus gularis,project_echo_bucket_2__region_119.150-121.150.mp3,False,
melithreptus gularis,project_echo_bucket_3__region_31.700-33.700.mp3,False,
melithreptus gularis,project_echo_bucket_2__region_2.000-4.000.mp3,False,
melithreptus gularis,project_echo_bucket_2__region_22.400-24.400.mp3,False,
melithreptus gularis,project_echo_bucket_2__region_36.300-37.350.mp3,False,
melithreptus gularis,project_echo_bucket_3__region_102.450-104.150.mp3,False,
melithreptus gularis,project_echo_bucket_3__region_36.300-37.350.mp3,False,
melithreptus gularis,project_echo_bucket_2__region_16.950-18.950.mp3,False,
melithreptus gularis,project_echo_bucket_2__region_16.300-18.300.mp3,False,
melithreptus gularis,project_echo_bucket_2__region_9.800-11.800.mp3,False,
melithreptus gularis,project_echo_bucket_2__region_39.950-41.600.mp3,False,
melithreptus gularis,project_echo_bucket_2__region_31.700-33.700.mp3,False,
melithreptus gularis,project_echo_bucket_3__region_135.300-136.700.mp3,False,
melithreptus gularis,project_echo_bucket_2__region_6.750-8.750.mp3,False,
melithreptus gularis,project_echo_bucket_2__region_10.000-12.000.mp3,False,
melithreptus gularis,project_echo_bucket_2__region_24.400-26.400.mp3,False,
melithreptus gularis,project_echo_bucket_2__region_45.150-47.150.mp3,False,
melithreptus gularis,project_echo_bucket_3__region_18.950-20.950.mp3,False,
melithreptus gularis,project_echo_bucket_3__region_15.250-17.250.mp3,False,
melithreptus gularis,project_echo_bucket_2__region_90.550-92.550.mp3,False,
melithreptus gularis,project_echo_bucket_3__region_3.000-5.000.mp3,False,
melithreptus gularis,project_echo_bucket_2__region_17.850-19.850.mp3,False,
melithreptus gularis,project_echo_bucket_3__region_115.150-117.150.mp3,False,
melithreptus gularis,project_echo_bucket_3__region_43.050-44.450.mp3,False,
melithreptus gularis,project_echo_bucket_2__region_68.150-70.150.mp3,False,
melithreptus gularis,project_echo_bucket_2__region_15.250-17.250.mp3,False,
melithreptus gularis,project_echo_bucket_2__region_88.400-89.700.mp3,False,
melithreptus gularis,project_echo_bucket_3__region_39.950-41.600.mp3,False,
melithreptus gularis,project_echo_bucket_3__region_24.400-26.400.mp3,False,
melithreptus gularis,project_echo_bucket_1__region_12.000-13.245.wav,False,
melithreptus gularis,project_echo_bucket_2__region_3.150-5.150.mp3,False,
melithreptus gularis,project_echo_bucket_2__region_55.550-57.550.mp3,False,
carterornis leucotis,project_echo_bucket_3__region_2.350-3.800.mp3,False,
carterornis leucotis,project_echo_bucket_3__region_0.950-2.500.mp3,False,
carterornis leucotis,project_echo_bucket_3__region_4.750-5.950.mp3,False,
carterornis leucotis,project_echo_bucket_2__region_1.050-2.250.mp3,False,
carterornis leucotis,project_echo_bucket_3__region_50.050-52.050.mp3,False,
carterornis leucotis,project_echo_bucket_2__region_37.450-39.450.mp3,False,
carterornis leucotis,project_echo_bucket_3__region_34.850-36.200.mp3,False,
carterornis leucotis,project_echo_bucket_2__region_10.050-11.350.mp3,False,
carterornis leucotis,project_echo_bucket_2__region_23.450-25.450.mp3,False,
carterornis leucotis,project_echo_bucket_3__region_6.650-8.350.mp3,False,
carterornis leucotis,project_echo_bucket_2__region_46.900-48.400.mp3,False,
carterornis leucotis,project_echo_bucket_3__region_26.750-27.750.mp3,False,
carterornis leucotis,project_echo_bucket_2__region_13.450-15.450.mp3,False,
carterornis leucotis,project_echo_bucket_2__region_37.500-38.500.mp3,False,
carterornis leucotis,project_echo_bucket_3__region_37.500-38.500.mp3,False,
carterornis leucotis,project_echo_bucket_2__region_4.600-5.850.mp3,False,
carterornis leucotis,project_echo_bucket_3__region_30.750-31.950.mp3,False,
carterornis leucotis,project_echo_bucket_3__region_51.450-53.450.mp3,False,
carterornis leucotis,project_echo_bucket_2__region_43.750-44.950.mp3,False,
carterornis leucotis,project_echo_bucket_2__region_41.450-43.450.mp3,False,
carterornis leucotis,project_echo_bucket_3__region_23.450-25.450.mp3,False,
carterornis leucotis,project_echo_bucket_2__region_45.450-47.450.mp3,False,
carterornis leucotis,project_echo_bucket_3__region_16.100-18.100.mp3,False,
carterornis leucotis,project_echo_bucket_3__region_54.600-55.800.mp3,False,
carterornis leucotis,project_echo_bucket_3__region_49.850-51.050.mp3,False,
carterornis leucotis,project_echo_bucket_3__region_19.500-20.700.mp3,False,
carterornis leucotis,project_echo_bucket_2__region_40.950-42.950.mp3,False,
carterornis leucotis,project_echo_bucket_3__region_10.050-11.350.mp3,False,
carterornis leucotis,project_echo_bucket_2__region_24.150-25.400.mp3,False,
carterornis leucotis,project_echo_bucket_3__region_12.700-14.100.mp3,False,
carterornis leucotis,project_echo_bucket_2__region_4.000-6.000.mp3,False,
carterornis leucotis,project_echo_bucket_3__region_27.400-28.600.mp3,False,
carterornis leucotis,project_echo_bucket_2__region_51.450-53.450.mp3,False,
carterornis leucotis,project_echo_bucket_2__region_49.850-51.050.mp3,False,
carterornis leucotis,project_echo_bucket_3__region_24.300-26.300.mp3,False,
carterornis leucotis,project_echo_bucket_2__region_13.450-14.750.mp3,False,
carterornis leucotis,project_echo_bucket_1__region_50.050-52.050.wav,False,
carterornis leucotis,project_echo_bucket_3__region_8.850-10.400.mp3,False,
carterornis leucotis,project_echo_bucket_3__region_8.150-9.350.mp3,False,
carterornis leucotis,project_echo_bucket_3__region_11.550-12.850.mp3,False,
carterornis leucotis,project_echo_bucket_2__region_12.700-14.100.mp3,False,
carterornis leucotis,project_echo_bucket_3__region_47.450-49.450.mp3,False,
carterornis leucotis,project_echo_bucket_2__region_28.000-30.000.mp3,False,
carterornis leucotis,project_echo_bucket_3__region_60.900-62.100.mp3,False,
carterornis leucotis,project_echo_bucket_2__region_33.750-34.950.mp3,False,
carterornis leucotis,project_echo_bucket_2__region_26.750-27.750.mp3,False,
carterornis leucotis,project_echo_bucket_2__region_34.850-36.200.mp3,False,
carterornis leucotis,project_echo_bucket_2__region_1.450-3.100.mp3,False,
carterornis leucotis,project_echo_bucket_2__region_3.650-5.000.mp3,False,
carterornis leucotis,project_echo_bucket_3__region_45.450-47.450.mp3,False,
carterornis leucotis,project_echo_bucket_3__region_57.450-59.385.mp3,False,
carterornis leucotis,project_echo_bucket_1__region_36.600-38.050.wav,False,
carterornis leucotis,project_echo_bucket_3__region_24.150-25.400.mp3,False,
carterornis leucotis,project_echo_bucket_3__region_19.500-20.800.mp3,False,
carterornis leucotis,project_echo_bucket_2__region_26.900-28.000.mp3,False,
carterornis leucotis,project_echo_bucket_3__region_3.950-5.950.mp3,False,
carterornis leucotis,project_echo_bucket_3__region_12.400-13.750.mp3,False,
carterornis leucotis,project_echo_bucket_3__region_8.500-9.950.mp3,False,
carterornis leucotis,project_echo_bucket_3__region_10.000-12.000.mp3,False,
carterornis leucotis,project_echo_bucket_3__region_9.400-10.700.mp3,False,
carterornis leucotis,project_echo_bucket_3__region_1.050-2.250.mp3,False,
carterornis leucotis,project_echo_bucket_3__region_1.450-3.450.mp3,False,
carterornis leucotis,project_echo_bucket_2__region_0.250-1.500.mp3,False,
carterornis leucotis,project_echo_bucket_3__region_6.950-8.250.mp3,False,
carterornis leucotis,project_echo_bucket_2__region_2.950-4.150.mp3,False,
carterornis leucotis,project_echo_bucket_2__region_22.800-24.200.mp3,False,
carterornis leucotis,project_echo_bucket_3__region_28.000-30.000.mp3,False,
carterornis leucotis,project_echo_bucket_2__region_27.400-28.600.mp3,False,
carterornis leucotis,project_echo_bucket_1__region_15.900-17.900.wav,False,
carterornis leucotis,project_echo_bucket_2__region_1.450-3.450.mp3,False,
carterornis leucotis,project_echo_bucket_2__region_3.950-5.950.mp3,False,
carterornis leucotis,project_echo_bucket_3__region_10.050-11.950.mp3,False,
carterornis leucotis,project_echo_bucket_2__region_8.150-9.350.mp3,False,
carterornis leucotis,project_echo_bucket_2__region_9.400-10.700.mp3,False,
carterornis leucotis,project_echo_bucket_3__region_4.600-5.850.mp3,False,
carterornis leucotis,project_echo_bucket_2__region_10.000-12.000.mp3,False,
carterornis leucotis,project_echo_bucket_2__region_1.850-3.550.mp3,False,
carterornis leucotis,project_echo_bucket_3__region_0.650-2.650.mp3,False,
carterornis leucotis,project_echo_bucket_3__region_4.050-5.079.mp3,False,
carterornis leucotis,project_echo_bucket_3__region_13.450-14.750.mp3,False,
carterornis leucotis,project_echo_bucket_2__region_2.350-3.800.mp3,False,
carterornis leucotis,project_echo_bucket_2__region_24.300-26.300.mp3,False,
carterornis leucotis,project_echo_bucket_3__region_43.750-44.950.mp3,False,
carterornis leucotis,project_echo_bucket_2__region_60.900-62.100.mp3,False,
carterornis leucotis,project_echo_bucket_3__region_18.900-20.500.mp3,False,
carterornis leucotis,project_echo_bucket_2__region_56.050-57.300.mp3,False,
carterornis leucotis,project_echo_bucket_2__region_0.650-2.650.mp3,False,
carterornis leucotis,project_echo_bucket_3__region_6.250-7.550.mp3,False,
carterornis leucotis,project_echo_bucket_3__region_37.450-39.450.mp3,False,
carterornis leucotis,project_echo_bucket_3__region_11.150-12.350.mp3,False,
accipiter cirrocephalus,project_echo_bucket_3__region_119.350-120.550.mp3,False,
accipiter cirrocephalus,project_echo_bucket_2__region_24.850-26.850.mp3,False,
accipiter cirrocephalus,project_echo_bucket_1__region_20.700-22.600.wav,False,
accipiter cirrocephalus,project_echo_bucket_2__region_8.000-10.000.mp3,False,
accipiter cirrocephalus,project_echo_bucket_2__region_7.650-9.650.mp3,False,
accipiter cirrocephalus,project_echo_bucket_2__region_31.250-33.250.mp3,False,
accipiter cirrocephalus,project_echo_bucket_3__region_12.000-14.000.mp3,False,
accipiter cirrocephalus,project_echo_bucket_3__region_0.050-1.360.mp3,False,
accipiter cirrocephalus,project_echo_bucket_2__region_25.250-27.250.mp3,False,
accipiter cirrocephalus,project_echo_bucket_2__region_46.900-48.900.mp3,False,
accipiter cirrocephalus,project_echo_bucket_2__region_51.900-53.200.mp3,False,
accipiter cirrocephalus,project_echo_bucket_3__region_58.900-60.900.mp3,False,
accipiter cirrocephalus,project_echo_bucket_3__region_61.550-63.300.mp3,False,
accipiter cirrocephalus,project_echo_bucket_2__region_27.650-29.050.mp3,False,
accipiter cirrocephalus,project_echo_bucket_3__region_40.500-42.500.mp3,False,
accipiter cirrocephalus,project_echo_bucket_3__region_54.100-56.100.mp3,False,
accipiter cirrocephalus,project_echo_bucket_3__region_6.000-8.000.mp3,False,
accipiter cirrocephalus,project_echo_bucket_3__region_65.800-67.800.mp3,False,
accipiter cirrocephalus,project_echo_bucket_3__region_0.100-2.100.mp3,False,
accipiter cirrocephalus,project_echo_bucket_2__region_20.850-22.850.mp3,False,
accipiter cirrocephalus,project_echo_bucket_3__region_57.000-59.000.mp3,False,
accipiter cirrocephalus,project_echo_bucket_3__region_97.750-99.350.mp3,False,
accipiter cirrocephalus,project_echo_bucket_3__region_7.650-9.650.mp3,False,
accipiter cirrocephalus,project_echo_bucket_2__region_7.150-9.000.mp3,False,
accipiter cirrocephalus,project_echo_bucket_2__region_1.050-3.050.mp3,False,
accipiter cirrocephalus,project_echo_bucket_3__region_54.900-56.900.mp3,False,
accipiter cirrocephalus,project_echo_bucket_2__region_0.400-2.400.mp3,False,
accipiter cirrocephalus,project_echo_bucket_1__region_16.700-18.700.wav,False,
accipiter cirrocephalus,project_echo_bucket_2__region_70.600-72.600.mp3,False,
accipiter cirrocephalus,project_echo_bucket_3__region_4.400-6.400.mp3,False,
accipiter cirrocephalus,project_echo_bucket_3__region_76.100-78.100.mp3,False,
accipiter cirrocephalus,project_echo_bucket_2__region_22.000-24.000.mp3,False,
accipiter cirrocephalus,project_echo_bucket_3__region_17.900-19.350.mp3,False,
accipiter cirrocephalus,project_echo_bucket_3__region_5.650-7.650.mp3,False,
accipiter cirrocephalus,project_echo_bucket_3__region_42.500-43.550.mp3,False,
accipiter cirrocephalus,project_echo_bucket_2__region_138.000-140.000.mp3,False,
accipiter cirrocephalus,project_echo_bucket_2__region_4.000-6.000.mp3,False,
accipiter cirrocephalus,project_echo_bucket_2__region_14.700-16.700.mp3,False,
accipiter cirrocephalus,project_echo_bucket_3__region_14.000-16.000.mp3,False,
accipiter cirrocephalus,project_echo_bucket_3__region_12.400-14.400.mp3,False,
accipiter cirrocephalus,project_echo_bucket_3__region_9.650-11.650.mp3,False,
accipiter cirrocephalus,project_echo_bucket_3__region_25.250-27.250.mp3,False,
accipiter cirrocephalus,project_echo_bucket_3__region_0.000-2.000.mp3,False,
accipiter cirrocephalus,project_echo_bucket_2__region_119.350-120.550.mp3,False,
accipiter cirrocephalus,project_echo_bucket_3__region_10.700-12.700.mp3,False,
accipiter cirrocephalus,project_echo_bucket_2__region_13.300-15.300.mp3,False,
accipiter cirrocephalus,project_echo_bucket_2__region_16.000-18.000.mp3,False,
accipiter cirrocephalus,project_echo_bucket_2__region_5.650-7.650.mp3,False,
accipiter cirrocephalus,project_echo_bucket_3__region_27.650-29.050.mp3,False,
accipiter cirrocephalus,project_echo_bucket_3__region_7.150-9.000.mp3,False,
accipiter cirrocephalus,project_echo_bucket_2__region_38.500-40.500.mp3,False,
accipiter cirrocephalus,project_echo_bucket_2__region_0.000-2.000.mp3,False,
accipiter cirrocephalus,project_echo_bucket_3__region_15.900-17.900.mp3,False,
accipiter cirrocephalus,project_echo_bucket_3__region_13.300-15.300.mp3,False,
accipiter cirrocephalus,project_echo_bucket_2__region_17.900-19.350.mp3,False,
accipiter cirrocephalus,project_echo_bucket_2__region_2.300-4.200.mp3,False,
accipiter cirrocephalus,project_echo_bucket_3__region_30.350-32.350.mp3,False,
accipiter cirrocephalus,project_echo_bucket_2__region_12.000-14.000.mp3,False,
accipiter cirrocephalus,project_echo_bucket_3__region_22.000-24.000.mp3,False,
accipiter cirrocephalus,project_echo_bucket_2__region_10.700-12.700.mp3,False,
accipiter cirrocephalus,project_echo_bucket_3__region_117.350-119.350.mp3,False,
accipiter cirrocephalus,project_echo_bucket_3__region_9.550-11.550.mp3,False,
accipiter cirrocephalus,project_echo_bucket_2__region_11.300-13.300.mp3,False,
accipiter cirrocephalus,project_echo_bucket_2__region_20.400-22.400.mp3,False,
accipiter cirrocephalus,project_echo_bucket_2__region_2.000-4.000.mp3,False,
accipiter cirrocephalus,project_echo_bucket_2__region_45.700-47.700.mp3,False,
accipiter cirrocephalus,project_echo_bucket_3__region_2.300-4.200.mp3,False,
accipiter cirrocephalus,project_echo_bucket_3__region_14.700-16.700.mp3,False,
accipiter cirrocephalus,project_echo_bucket_2__region_42.900-44.900.mp3,False,
accipiter cirrocephalus,project_echo_bucket_3__region_45.700-47.700.mp3,False,
accipiter cirrocephalus,project_echo_bucket_2__region_9.550-11.550.mp3,False,
accipiter cirrocephalus,project_echo_bucket_2__region_9.300-11.300.mp3,False,
accipiter cirrocephalus,project_echo_bucket_2__region_95.750-97.750.mp3,False,
accipiter cirrocephalus,project_echo_bucket_3__region_138.000-140.000.mp3,False,
accipiter cirrocephalus,project_echo_bucket_3__region_20.700-22.600.mp3,False,
accipiter cirrocephalus,project_echo_bucket_2__region_65.800-67.800.mp3,False,
accipiter cirrocephalus,project_echo_bucket_3__region_11.300-13.300.mp3,False,
accipiter cirrocephalus,project_echo_bucket_3__region_37.000-39.000.mp3,False,
accipiter cirrocephalus,project_echo_bucket_3__region_12.700-14.700.mp3,False,
accipiter cirrocephalus,project_echo_bucket_3__region_0.400-2.400.mp3,False,
accipiter cirrocephalus,project_echo_bucket_2__region_97.750-99.350.mp3,False,
accipiter cirrocephalus,project_echo_bucket_2__region_80.850-82.850.mp3,False,
accipiter cirrocephalus,project_echo_bucket_2__region_0.050-1.360.mp3,False,
accipiter cirrocephalus,project_echo_bucket_2__region_37.000-39.000.mp3,False,
accipiter cirrocephalus,project_echo_bucket_3__region_42.900-44.900.mp3,False,
accipiter cirrocephalus,project_echo_bucket_2__region_0.200-2.200.mp3,False,
accipiter cirrocephalus,project_echo_bucket_3__region_12.850-14.850.mp3,False,
accipiter cirrocephalus,project_echo_bucket_3__region_16.700-18.700.mp3,False,
accipiter cirrocephalus,project_echo_bucket_3__region_18.850-20.850.mp3,False,
accipiter cirrocephalus,project_echo_bucket_3__region_27.250-29.250.mp3,False,
cinclosoma punctatum,project_echo_bucket_3__region_19.150-21.150.mp3,False,
cinclosoma punctatum,project_echo_bucket_3__region_33.250-35.250.mp3,False,
cinclosoma punctatum,project_echo_bucket_3__region_38.100-40.100.mp3,False,
cinclosoma punctatum,project_echo_bucket_3__region_58.700-60.150.mp3,False,
cinclosoma punctatum,project_echo_bucket_3__region_26.000-28.000.mp3,False,
cinclosoma punctatum,project_echo_bucket_3__region_31.300-33.300.mp3,False,
cinclosoma punctatum,project_echo_bucket_2__region_67.800-69.800.mp3,False,
cinclosoma punctatum,project_echo_bucket_3__region_8.050-9.250.mp3,False,
cinclosoma punctatum,project_echo_bucket_2__region_47.750-49.750.mp3,False,
cinclosoma punctatum,project_echo_bucket_2__region_4.050-6.050.mp3,False,
cinclosoma punctatum,project_echo_bucket_2__region_56.700-58.700.mp3,False,
cinclosoma punctatum,project_echo_bucket_3__region_26.500-28.500.mp3,False,
cinclosoma punctatum,project_echo_bucket_3__region_65.800-67.800.mp3,False,
cinclosoma punctatum,project_echo_bucket_2__region_7.150-9.150.mp3,False,
cinclosoma punctatum,project_echo_bucket_2__region_16.450-18.450.mp3,False,
cinclosoma punctatum,project_echo_bucket_2__region_2.450-3.650.mp3,False,
cinclosoma punctatum,project_echo_bucket_3__region_12.900-14.900.mp3,False,
cinclosoma punctatum,project_echo_bucket_2__region_37.250-38.500.mp3,False,
cinclosoma punctatum,project_echo_bucket_3__region_48.050-50.050.mp3,False,
cinclosoma punctatum,project_echo_bucket_2__region_16.900-18.900.mp3,False,
cinclosoma punctatum,project_echo_bucket_2__region_8.050-9.250.mp3,False,
cinclosoma punctatum,project_echo_bucket_2__region_17.700-19.150.mp3,False,
cinclosoma punctatum,project_echo_bucket_3__region_1.800-3.200.mp3,False,
cinclosoma punctatum,project_echo_bucket_2__region_0.100-2.100.mp3,False,
cinclosoma punctatum,project_echo_bucket_3__region_38.750-40.750.mp3,False,
cinclosoma punctatum,project_echo_bucket_3__region_40.100-41.150.mp3,False,
cinclosoma punctatum,project_echo_bucket_1__region_4.250-6.250.wav,False,
cinclosoma punctatum,project_echo_bucket_3__region_30.400-32.400.mp3,False,
cinclosoma punctatum,project_echo_bucket_3__region_4.100-6.100.mp3,False,
cinclosoma punctatum,project_echo_bucket_2__region_40.100-41.150.mp3,False,
cinclosoma punctatum,project_echo_bucket_1__region_30.950-32.250.wav,False,
cinclosoma punctatum,project_echo_bucket_2__region_46.950-48.950.mp3,False,
cinclosoma punctatum,project_echo_bucket_2__region_7.050-9.050.mp3,False,
cinclosoma punctatum,project_echo_bucket_3__region_0.500-2.500.mp3,False,
cinclosoma punctatum,project_echo_bucket_2__region_18.450-20.450.mp3,False,
cinclosoma punctatum,project_echo_bucket_2__region_24.500-26.500.mp3,False,
cinclosoma punctatum,project_echo_bucket_2__region_38.200-40.200.mp3,False,
cinclosoma punctatum,project_echo_bucket_3__region_60.200-61.250.mp3,False,
cinclosoma punctatum,project_echo_bucket_2__region_45.750-47.750.mp3,False,
cinclosoma punctatum,project_echo_bucket_3__region_46.050-48.050.mp3,False,
cinclosoma punctatum,project_echo_bucket_3__region_2.100-4.100.mp3,False,
cinclosoma punctatum,project_echo_bucket_2__region_28.000-30.000.mp3,False,
cinclosoma punctatum,project_echo_bucket_2__region_38.100-40.100.mp3,False,
cinclosoma punctatum,project_echo_bucket_2__region_7.250-9.250.mp3,False,
cinclosoma punctatum,project_echo_bucket_2__region_63.800-65.800.mp3,False,
cinclosoma punctatum,project_echo_bucket_3__region_18.450-20.450.mp3,False,
cinclosoma punctatum,project_echo_bucket_3__region_56.700-58.700.mp3,False,
cinclosoma punctatum,project_echo_bucket_2__region_20.450-21.450.mp3,False,
cinclosoma punctatum,project_echo_bucket_2__region_1.800-3.200.mp3,False,
cinclosoma punctatum,project_echo_bucket_2__region_60.200-61.250.mp3,False,
cinclosoma punctatum,project_echo_bucket_3__region_15.700-17.700.mp3,False,
cinclosoma punctatum,project_echo_bucket_2__region_15.700-17.700.mp3,False,
cinclosoma punctatum,project_echo_bucket_3__region_38.200-40.200.mp3,False,
cinclosoma punctatum,project_echo_bucket_3__region_10.350-12.350.mp3,False,
cinclosoma punctatum,project_echo_bucket_2__region_38.750-40.750.mp3,False,
cinclosoma punctatum,project_echo_bucket_3__region_22.900-24.900.mp3,False,
cinclosoma punctatum,project_echo_bucket_2__region_33.250-35.250.mp3,False,
cinclosoma punctatum,project_echo_bucket_3__region_30.950-32.250.mp3,False,
cinclosoma punctatum,project_echo_bucket_3__region_37.250-38.500.mp3,False,
cinclosoma punctatum,project_echo_bucket_3__region_67.800-69.800.mp3,False,
cinclosoma punctatum,project_echo_bucket_2__region_44.700-46.700.mp3,False,
cinclosoma punctatum,project_echo_bucket_2__region_46.050-48.050.mp3,False,
cinclosoma punctatum,project_echo_bucket_3__region_16.450-18.450.mp3,False,
cinclosoma punctatum,project_echo_bucket_2__region_12.900-14.900.mp3,False,
cinclosoma punctatum,project_echo_bucket_2__region_8.350-10.350.mp3,False,
cinclosoma punctatum,project_echo_bucket_3__region_8.350-10.350.mp3,False,
cinclosoma punctatum,project_echo_bucket_3__region_9.250-11.250.mp3,False,
cinclosoma punctatum,project_echo_bucket_3__region_63.450-65.450.mp3,False,
cinclosoma punctatum,project_echo_bucket_3__region_0.450-2.450.mp3,False,
cinclosoma punctatum,project_echo_bucket_2__region_0.500-2.500.mp3,False,
cinclosoma punctatum,project_echo_bucket_2__region_19.150-21.150.mp3,False,
cinclosoma punctatum,project_echo_bucket_3__region_30.050-32.050.mp3,False,
cinclosoma punctatum,project_echo_bucket_3__region_48.950-50.200.mp3,False,
cinclosoma punctatum,project_echo_bucket_2__region_88.000-90.000.mp3,False,
cinclosoma punctatum,project_echo_bucket_3__region_46.700-47.700.mp3,False,
cinclosoma punctatum,project_echo_bucket_3__region_54.700-56.700.mp3,False,
cinclosoma punctatum,project_echo_bucket_3__region_7.150-9.150.mp3,False,
cinclosoma punctatum,project_echo_bucket_2__region_22.900-24.900.mp3,False,
cinclosoma punctatum,project_echo_bucket_3__region_47.750-49.750.mp3,False,
cinclosoma punctatum,project_echo_bucket_2__region_54.700-56.700.mp3,False,
cinclosoma punctatum,project_echo_bucket_3__region_14.900-16.900.mp3,False,
cinclosoma punctatum,project_echo_bucket_3__region_13.650-15.650.mp3,False,
cinclosoma punctatum,project_echo_bucket_3__region_4.250-6.250.mp3,False,
cinclosoma punctatum,project_echo_bucket_3__region_46.950-48.950.mp3,False,
uperoleia altissima,project_echo_bucket_2__region_62.800-64.800.mp3,False,
uperoleia altissima,project_echo_bucket_3__region_97.650-99.650.mp3,False,
uperoleia altissima,project_echo_bucket_2__region_97.650-99.650.mp3,False,
uperoleia altissima,project_echo_bucket_3__region_63.900-65.900.mp3,False,
uperoleia altissima,project_echo_bucket_2__region_13.700-15.700.mp3,False,
uperoleia altissima,project_echo_bucket_2__region_55.900-57.900.mp3,False,
uperoleia altissima,project_echo_bucket_3__region_17.700-19.700.mp3,False,
uperoleia altissima,project_echo_bucket_2__region_7.700-9.700.mp3,False,
uperoleia altissima,project_echo_bucket_3__region_30.100-32.100.mp3,False,
uperoleia altissima,project_echo_bucket_3__region_23.150-24.350.mp3,False,
uperoleia altissima,project_echo_bucket_2__region_35.700-36.900.mp3,False,
uperoleia altissima,project_echo_bucket_2__region_95.650-97.650.mp3,False,
uperoleia altissima,project_echo_bucket_3__region_54.100-56.100.mp3,False,
uperoleia altissima,project_echo_bucket_3__region_7.700-9.700.mp3,False,
uperoleia altissima,project_echo_bucket_2__region_21.700-23.700.mp3,False,
uperoleia altissima,project_echo_bucket_2__region_90.250-91.550.mp3,False,
uperoleia altissima,project_echo_bucket_2__region_53.900-55.900.mp3,False,
uperoleia altissima,project_echo_bucket_3__region_19.950-21.950.mp3,False,
uperoleia altissima,project_echo_bucket_2__region_5.700-7.700.mp3,False,
uperoleia altissima,project_echo_bucket_3__region_55.900-57.900.mp3,False,
uperoleia altissima,project_echo_bucket_2__region_30.100-32.100.mp3,False,
uperoleia altissima,project_echo_bucket_3__region_9.700-11.700.mp3,False,
uperoleia altissima,project_echo_bucket_2__region_208.900-210.400.mp3,False,
uperoleia altissima,project_echo_bucket_3__region_19.700-21.700.mp3,False,
uperoleia altissima,project_echo_bucket_3__region_62.800-64.800.mp3,False,
uperoleia altissima,project_echo_bucket_2__region_63.900-65.900.mp3,False,
uperoleia altissima,project_echo_bucket_2__region_93.650-95.650.mp3,False,
uperoleia altissima,project_echo_bucket_2__region_17.700-19.700.mp3,False,
uperoleia altissima,project_echo_bucket_3__region_46.100-48.100.mp3,False,
uperoleia altissima,project_echo_bucket_3__region_24.400-26.000.mp3,False,
uperoleia altissima,project_echo_bucket_2__region_75.900-77.900.mp3,False,
uperoleia altissima,project_echo_bucket_3__region_87.000-88.750.mp3,False,
uperoleia altissima,project_echo_bucket_2__region_59.900-61.900.mp3,False,
uperoleia altissima,project_echo_bucket_3__region_69.900-71.900.mp3,False,
uperoleia altissima,project_echo_bucket_3__region_1.600-2.950.mp3,False,
uperoleia altissima,project_echo_bucket_3__region_197.550-198.750.mp3,False,
uperoleia altissima,project_echo_bucket_3__region_21.700-23.700.mp3,False,
uperoleia altissima,project_echo_bucket_2__region_29.700-31.700.mp3,False,
uperoleia altissima,project_echo_bucket_2__region_48.100-50.100.mp3,False,
uperoleia altissima,project_echo_bucket_1__region_23.700-25.700.wav,False,
uperoleia altissima,project_echo_bucket_2__region_46.100-48.100.mp3,False,
uperoleia altissima,project_echo_bucket_3__region_58.800-60.800.mp3,False,
uperoleia altissima,project_echo_bucket_2__region_38.100-40.100.mp3,False,
uperoleia altissima,project_echo_bucket_2__region_43.900-45.900.mp3,False,
uperoleia altissima,project_echo_bucket_2__region_24.400-26.000.mp3,False,
uperoleia altissima,project_echo_bucket_2__region_50.100-52.100.mp3,False,
uperoleia altissima,project_echo_bucket_3__region_59.900-61.900.mp3,False,
uperoleia altissima,project_echo_bucket_2__region_32.100-34.100.mp3,False,
uperoleia altissima,project_echo_bucket_3__region_88.850-90.150.mp3,False,
uperoleia altissima,project_echo_bucket_3__region_71.900-73.900.mp3,False,
uperoleia altissima,project_echo_bucket_2__region_64.800-66.800.mp3,False,
uperoleia altissima,project_echo_bucket_3__region_85.150-86.700.mp3,False,
uperoleia altissima,project_echo_bucket_3__region_47.900-49.900.mp3,False,
uperoleia altissima,project_echo_bucket_2__region_197.550-198.750.mp3,False,
uperoleia altissima,project_echo_bucket_3__region_35.700-36.900.mp3,False,
uperoleia altissima,project_echo_bucket_3__region_210.600-212.600.mp3,False,
uperoleia altissima,project_echo_bucket_3__region_31.700-33.700.mp3,False,
uperoleia altissima,project_echo_bucket_2__region_61.900-63.900.mp3,False,
uperoleia altissima,project_echo_bucket_2__region_15.950-17.950.mp3,False,
uperoleia altissima,project_echo_bucket_2__region_56.800-58.800.mp3,False,
uperoleia altissima,project_echo_bucket_2__region_31.700-33.700.mp3,False,
uperoleia altissima,project_echo_bucket_3__region_25.700-27.700.mp3,False,
uperoleia altissima,project_echo_bucket_3__region_203.050-204.600.mp3,False,
uperoleia altissima,project_echo_bucket_3__region_64.800-66.800.mp3,False,
uperoleia altissima,project_echo_bucket_3__region_56.800-58.800.mp3,False,
uperoleia altissima,project_echo_bucket_3__region_105.650-107.650.mp3,False,
uperoleia altissima,project_echo_bucket_3__region_90.250-91.550.mp3,False,
uperoleia altissima,project_echo_bucket_2__region_9.700-11.700.mp3,False,
uperoleia altissima,project_echo_bucket_2__region_85.150-86.700.mp3,False,
uperoleia altissima,project_echo_bucket_1__region_27.700-29.700.wav,False,
uperoleia altissima,project_echo_bucket_3__region_60.800-62.800.mp3,False,
uperoleia altissima,project_echo_bucket_2__region_1.600-2.950.mp3,False,
uperoleia altissima,project_echo_bucket_2__region_203.050-204.600.mp3,False,
uperoleia altissima,project_echo_bucket_3__region_50.100-52.100.mp3,False,
uperoleia altissima,project_echo_bucket_3__region_11.700-13.700.mp3,False,
uperoleia altissima,project_echo_bucket_2__region_88.850-90.150.mp3,False,
uperoleia altissima,project_echo_bucket_2__region_113.650-115.500.mp3,False,
uperoleia altissima,project_echo_bucket_2__region_91.650-93.650.mp3,False,
carduelis carduelis,project_echo_bucket_3__region_128.250-130.250.mp3,False,
carduelis carduelis,project_echo_bucket_2__region_55.850-57.850.mp3,False,
carduelis carduelis,project_echo_bucket_3__region_40.550-42.550.mp3,False,
carduelis carduelis,project_echo_bucket_3__region_81.550-83.550.mp3,False,
carduelis carduelis,project_echo_bucket_3__region_114.250-116.250.mp3,False,
carduelis carduelis,project_echo_bucket_3__region_18.700-20.700.mp3,False,
carduelis carduelis,project_echo_bucket_3__region_122.250-124.250.mp3,False,
carduelis carduelis,project_echo_bucket_2__region_94.800-96.800.mp3,False,
carduelis carduelis,project_echo_bucket_3__region_69.550-71.550.mp3,False,
carduelis carduelis,project_echo_bucket_3__region_62.400-64.400.mp3,False,
carduelis carduelis,project_echo_bucket_3__region_67.550-69.550.mp3,False,
carduelis carduelis,project_echo_bucket_3__region_91.300-92.700.mp3,False,
carduelis carduelis,project_echo_bucket_3__region_51.850-53.850.mp3,False,
carduelis carduelis,project_echo_bucket_2__region_20.900-22.900.mp3,False,
carduelis carduelis,project_echo_bucket_2__region_40.550-42.550.mp3,False,
carduelis carduelis,project_echo_bucket_2__region_71.550-73.550.mp3,False,
carduelis carduelis,project_echo_bucket_3__region_77.550-79.550.mp3,False,
carduelis carduelis,project_echo_bucket_2__region_124.250-126.250.mp3,False,
carduelis carduelis,project_echo_bucket_2__region_96.800-98.800.mp3,False,
carduelis carduelis,project_echo_bucket_2__region_122.250-124.250.mp3,False,
carduelis carduelis,project_echo_bucket_3__region_57.850-59.500.mp3,False,
carduelis carduelis,project_echo_bucket_3__region_55.350-57.350.mp3,False,
carduelis carduelis,project_echo_bucket_3__region_110.500-112.100.mp3,False,
carduelis carduelis,project_echo_bucket_2__region_26.900-28.900.mp3,False,
carduelis carduelis,project_echo_bucket_1__region_9.250-11.250.wav,False,
carduelis carduelis,project_echo_bucket_2__region_49.850-51.850.mp3,False,
carduelis carduelis,project_echo_bucket_2__region_44.550-46.550.mp3,False,
carduelis carduelis,project_echo_bucket_2__region_22.000-24.000.mp3,False,
carduelis carduelis,project_echo_bucket_2__region_55.350-57.350.mp3,False,
carduelis carduelis,project_echo_bucket_3__region_73.550-75.550.mp3,False,
carduelis carduelis,project_echo_bucket_2__region_18.700-20.700.mp3,False,
carduelis carduelis,project_echo_bucket_2__region_51.850-53.850.mp3,False,
carduelis carduelis,project_echo_bucket_3__region_20.900-22.900.mp3,False,
carduelis carduelis,project_echo_bucket_2__region_40.000-42.000.mp3,False,
carduelis carduelis,project_echo_bucket_3__region_32.350-34.350.mp3,False,
carduelis carduelis,project_echo_bucket_3__region_44.550-46.550.mp3,False,
carduelis carduelis,project_echo_bucket_3__region_87.500-89.500.mp3,False,
carduelis carduelis,project_echo_bucket_3__region_112.250-114.250.mp3,False,
carduelis carduelis,project_echo_bucket_2__region_75.550-77.550.mp3,False,
carduelis carduelis,project_echo_bucket_3__region_14.400-16.200.mp3,False,
carduelis carduelis,project_echo_bucket_3__region_2.300-4.250.mp3,False,
carduelis carduelis,project_echo_bucket_2__region_28.000-30.000.mp3,False,
carduelis carduelis,project_echo_bucket_2__region_7.250-9.250.mp3,False,
carduelis carduelis,project_echo_bucket_3__region_85.500-87.500.mp3,False,
carduelis carduelis,project_echo_bucket_2__region_16.100-18.100.mp3,False,
carduelis carduelis,project_echo_bucket_2__region_110.500-112.100.mp3,False,
carduelis carduelis,project_echo_bucket_2__region_53.850-55.850.mp3,False,
carduelis carduelis,project_echo_bucket_2__region_114.250-116.250.mp3,False,
carduelis carduelis,project_echo_bucket_3__region_9.850-11.650.mp3,False,
carduelis carduelis,project_echo_bucket_3__region_75.550-77.550.mp3,False,
carduelis carduelis,project_echo_bucket_2__region_36.350-38.350.mp3,False,
carduelis carduelis,project_echo_bucket_2__region_51.350-53.350.mp3,False,
carduelis carduelis,project_echo_bucket_3__region_34.350-36.350.mp3,False,
carduelis carduelis,project_echo_bucket_3__region_55.850-57.850.mp3,False,
carduelis carduelis,project_echo_bucket_3__region_40.000-42.000.mp3,False,
carduelis carduelis,project_echo_bucket_2__region_34.350-36.350.mp3,False,
carduelis carduelis,project_echo_bucket_3__region_26.900-28.900.mp3,False,
carduelis carduelis,project_echo_bucket_2__region_67.550-69.550.mp3,False,
carduelis carduelis,project_echo_bucket_3__region_28.000-30.000.mp3,False,
carduelis carduelis,project_echo_bucket_2__region_13.900-15.500.mp3,False,
carduelis carduelis,project_echo_bucket_3__region_64.400-66.400.mp3,False,
carduelis carduelis,project_echo_bucket_3__region_7.250-9.250.mp3,False,
carduelis carduelis,project_echo_bucket_3__region_96.800-98.800.mp3,False,
carduelis carduelis,project_echo_bucket_3__region_9.250-11.250.mp3,False,
carduelis carduelis,project_echo_bucket_3__region_92.800-94.800.mp3,False,
carduelis carduelis,project_echo_bucket_2__region_92.800-94.800.mp3,False,
carduelis carduelis,project_echo_bucket_3__region_13.900-15.500.mp3,False,
carduelis carduelis,project_echo_bucket_3__region_124.250-126.250.mp3,False,
carduelis carduelis,project_echo_bucket_2__region_69.550-71.550.mp3,False,
carduelis carduelis,project_echo_bucket_2__region_22.900-24.900.mp3,False,
carduelis carduelis,project_echo_bucket_2__region_91.300-92.700.mp3,False,
carduelis carduelis,project_echo_bucket_3__region_49.850-51.850.mp3,False,
parvipsitta pusilla,project_echo_bucket_3__region_51.000-53.000.mp3,False,
parvipsitta pusilla,project_echo_bucket_3__region_2.450-4.450.mp3,False,
parvipsitta pusilla,project_echo_bucket_3__region_18.700-20.700.mp3,False,
parvipsitta pusilla,project_echo_bucket_3__region_2.350-4.350.mp3,False,
parvipsitta pusilla,project_echo_bucket_3__region_8.700-10.700.mp3,False,
parvipsitta pusilla,project_echo_bucket_1__region_38.900-40.900.wav,False,
parvipsitta pusilla,project_echo_bucket_3__region_14.050-16.050.mp3,False,
parvipsitta pusilla,project_echo_bucket_3__region_8.400-10.400.mp3,False,
parvipsitta pusilla,project_echo_bucket_3__region_6.000-8.000.mp3,False,
parvipsitta pusilla,project_echo_bucket_2__region_17.650-19.650.mp3,False,
parvipsitta pusilla,project_echo_bucket_3__region_10.400-12.400.mp3,False,
parvipsitta pusilla,project_echo_bucket_2__region_8.400-10.400.mp3,False,
parvipsitta pusilla,project_echo_bucket_2__region_16.050-17.500.mp3,False,
parvipsitta pusilla,project_echo_bucket_3__region_38.900-40.900.mp3,False,
parvipsitta pusilla,project_echo_bucket_3__region_0.350-2.350.mp3,False,
parvipsitta pusilla,project_echo_bucket_2__region_2.350-4.350.mp3,False,
parvipsitta pusilla,project_echo_bucket_2__region_0.100-2.100.mp3,False,
parvipsitta pusilla,project_echo_bucket_2__region_18.400-20.400.mp3,False,
parvipsitta pusilla,project_echo_bucket_3__region_6.100-8.100.mp3,False,
parvipsitta pusilla,project_echo_bucket_2__region_4.450-6.450.mp3,False,
parvipsitta pusilla,project_echo_bucket_3__region_8.450-9.750.mp3,False,
parvipsitta pusilla,project_echo_bucket_2__region_8.450-9.750.mp3,False,
parvipsitta pusilla,project_echo_bucket_2__region_16.950-18.550.mp3,False,
parvipsitta pusilla,project_echo_bucket_2__region_10.400-12.400.mp3,False,
parvipsitta pusilla,project_echo_bucket_2__region_57.900-59.900.mp3,False,
parvipsitta pusilla,project_echo_bucket_2__region_22.700-24.650.mp3,False,
parvipsitta pusilla,project_echo_bucket_3__region_24.750-26.750.mp3,False,
parvipsitta pusilla,project_echo_bucket_2__region_14.700-16.700.mp3,False,
parvipsitta pusilla,project_echo_bucket_2__region_18.700-20.700.mp3,False,
parvipsitta pusilla,project_echo_bucket_3__region_6.950-8.000.mp3,False,
parvipsitta pusilla,project_echo_bucket_2__region_47.550-48.800.mp3,False,
parvipsitta pusilla,project_echo_bucket_2__region_20.700-22.700.mp3,False,
parvipsitta pusilla,project_echo_bucket_2__region_26.150-28.150.mp3,False,
parvipsitta pusilla,project_echo_bucket_2__region_3.800-5.550.mp3,False,
parvipsitta pusilla,project_echo_bucket_3__region_0.000-2.000.mp3,False,
parvipsitta pusilla,project_echo_bucket_3__region_6.350-8.350.mp3,False,
parvipsitta pusilla,project_echo_bucket_2__region_13.750-15.750.mp3,False,
parvipsitta pusilla,project_echo_bucket_3__region_17.650-19.650.mp3,False,
parvipsitta pusilla,project_echo_bucket_3__region_2.100-4.100.mp3,False,
parvipsitta pusilla,project_echo_bucket_2__region_51.000-53.000.mp3,False,
parvipsitta pusilla,project_echo_bucket_3__region_10.700-12.700.mp3,False,
parvipsitta pusilla,project_echo_bucket_2__region_10.300-12.300.mp3,False,
parvipsitta pusilla,project_echo_bucket_2__region_8.700-10.700.mp3,False,
parvipsitta pusilla,project_echo_bucket_3__region_3.800-5.550.mp3,False,
parvipsitta pusilla,project_echo_bucket_2__region_30.600-32.050.mp3,False,
parvipsitta pusilla,project_echo_bucket_3__region_26.150-28.150.mp3,False,
parvipsitta pusilla,project_echo_bucket_2__region_28.150-29.950.mp3,False,
parvipsitta pusilla,project_echo_bucket_3__region_28.150-29.950.mp3,False,
parvipsitta pusilla,project_echo_bucket_3__region_22.750-24.750.mp3,False,
parvipsitta pusilla,project_echo_bucket_3__region_10.350-12.350.mp3,False,
parvipsitta pusilla,project_echo_bucket_2__region_14.300-16.300.mp3,False,
parvipsitta pusilla,project_echo_bucket_3__region_10.300-12.300.mp3,False,
parvipsitta pusilla,project_echo_bucket_3__region_2.000-4.000.mp3,False,
parvipsitta pusilla,project_echo_bucket_2__region_5.350-6.550.mp3,False,
parvipsitta pusilla,project_echo_bucket_1__region_59.900-61.900.wav,False,
parvipsitta pusilla,project_echo_bucket_3__region_16.050-17.500.mp3,False,
parvipsitta pusilla,project_echo_bucket_2__region_35.450-37.450.mp3,False,
parvipsitta pusilla,project_echo_bucket_2__region_4.100-6.100.mp3,False,
parvipsitta pusilla,project_echo_bucket_2__region_16.300-18.300.mp3,False,
parvipsitta pusilla,project_echo_bucket_2__region_24.150-26.150.mp3,False,
parvipsitta pusilla,project_echo_bucket_2__region_8.350-10.350.mp3,False,
parvipsitta pusilla,project_echo_bucket_3__region_57.900-59.900.mp3,False,
parvipsitta pusilla,project_echo_bucket_3__region_15.650-17.650.mp3,False,
parvipsitta pusilla,project_echo_bucket_3__region_8.350-10.350.mp3,False,
parvipsitta pusilla,project_echo_bucket_3__region_12.700-14.700.mp3,False,
parvipsitta pusilla,project_echo_bucket_2__region_22.750-24.750.mp3,False,
parvipsitta pusilla,project_echo_bucket_2__region_10.350-12.350.mp3,False,
parvipsitta pusilla,project_echo_bucket_3__region_16.700-18.700.mp3,False,
parvipsitta pusilla,project_echo_bucket_2__region_12.700-14.700.mp3,False,
parvipsitta pusilla,project_echo_bucket_2__region_6.100-8.100.mp3,False,
parvipsitta pusilla,project_echo_bucket_3__region_30.600-32.050.mp3,False,
parvipsitta pusilla,project_echo_bucket_3__region_47.550-48.800.mp3,False,
acanthiza uropygialis,project_echo_bucket_2__region_53.050-55.050.mp3,False,
acanthiza uropygialis,project_echo_bucket_2__region_1.400-3.400.mp3,False,
acanthiza uropygialis,project_echo_bucket_2__region_76.000-78.000.mp3,False,
acanthiza uropygialis,project_echo_bucket_3__region_14.450-16.400.mp3,False,
acanthiza uropygialis,project_echo_bucket_2__region_65.000-66.400.mp3,False,
acanthiza uropygialis,project_echo_bucket_3__region_54.800-56.800.mp3,False,
acanthiza uropygialis,project_echo_bucket_2__region_126.800-128.400.mp3,False,
acanthiza uropygialis,project_echo_bucket_2__region_30.400-31.538.mp3,False,
acanthiza uropygialis,project_echo_bucket_1__region_43.750-45.750.wav,False,
acanthiza uropygialis,project_echo_bucket_2__region_14.000-16.000.mp3,False,
acanthiza uropygialis,project_echo_bucket_3__region_68.050-70.050.mp3,False,
acanthiza uropygialis,project_echo_bucket_2__region_27.500-29.200.mp3,False,
acanthiza uropygialis,project_echo_bucket_2__region_102.400-103.950.mp3,False,
acanthiza uropygialis,project_echo_bucket_2__region_28.950-30.950.mp3,False,
acanthiza uropygialis,project_echo_bucket_1__region_14.150-16.150.wav,False,
acanthiza uropygialis,project_echo_bucket_3__region_30.400-31.538.mp3,False,
acanthiza uropygialis,project_echo_bucket_3__region_32.000-34.000.mp3,False,
acanthiza uropygialis,project_echo_bucket_2__region_133.650-134.950.mp3,False,
acanthiza uropygialis,project_echo_bucket_3__region_25.800-27.800.mp3,False,
acanthiza uropygialis,project_echo_bucket_3__region_63.050-65.050.mp3,False,
acanthiza uropygialis,project_echo_bucket_3__region_50.800-52.800.mp3,False,
acanthiza uropygialis,project_echo_bucket_3__region_52.800-54.800.mp3,False,
acanthiza uropygialis,project_echo_bucket_2__region_63.050-65.050.mp3,False,
acanthiza uropygialis,project_echo_bucket_2__region_72.000-74.000.mp3,False,
acanthiza uropygialis,project_echo_bucket_3__region_21.900-23.900.mp3,False,
acanthiza uropygialis,project_echo_bucket_2__region_21.900-23.900.mp3,False,
acanthiza uropygialis,project_echo_bucket_3__region_34.000-36.000.mp3,False,
acanthiza uropygialis,project_echo_bucket_3__region_4.100-6.100.mp3,False,
acanthiza uropygialis,project_echo_bucket_2__region_74.000-76.000.mp3,False,
acanthiza uropygialis,project_echo_bucket_3__region_60.700-62.200.mp3,False,
acanthiza uropygialis,project_echo_bucket_3__region_14.000-16.000.mp3,False,
acanthiza uropygialis,project_echo_bucket_2__region_6.800-8.150.mp3,False,
acanthiza uropygialis,project_echo_bucket_2__region_40.000-42.000.mp3,False,
acanthiza uropygialis,project_echo_bucket_3__region_43.750-45.750.mp3,False,
acanthiza uropygialis,project_echo_bucket_2__region_77.300-79.300.mp3,False,
acanthiza uropygialis,project_echo_bucket_2__region_14.450-16.400.mp3,False,
acanthiza uropygialis,project_echo_bucket_2__region_6.100-7.550.mp3,False,
acanthiza uropygialis,project_echo_bucket_3__region_74.000-76.000.mp3,False,
acanthiza uropygialis,project_echo_bucket_2__region_50.800-52.800.mp3,False,
acanthiza uropygialis,project_echo_bucket_2__region_60.700-62.200.mp3,False,
acanthiza uropygialis,project_echo_bucket_3__region_76.000-78.000.mp3,False,
acanthiza uropygialis,project_echo_bucket_2__region_54.800-56.800.mp3,False,
acanthiza uropygialis,project_echo_bucket_2__region_25.800-27.800.mp3,False,
acanthiza uropygialis,project_echo_bucket_3__region_70.050-71.800.mp3,False,
acanthiza uropygialis,project_echo_bucket_3__region_17.700-19.350.mp3,False,
acanthiza uropygialis,project_echo_bucket_2__region_70.050-71.800.mp3,False,
acanthiza uropygialis,project_echo_bucket_3__region_102.400-103.950.mp3,False,
acanthiza uropygialis,project_echo_bucket_3__region_40.000-42.000.mp3,False,
acanthiza uropygialis,project_echo_bucket_2__region_86.050-88.050.mp3,False,
acanthiza uropygialis,project_echo_bucket_3__region_2.000-4.000.mp3,False,
acanthiza uropygialis,project_echo_bucket_3__region_68.950-70.950.mp3,False,
acanthiza uropygialis,project_echo_bucket_3__region_136.750-138.750.mp3,False,
acanthiza uropygialis,project_echo_bucket_2__region_30.950-32.050.mp3,False,
acanthiza uropygialis,project_echo_bucket_3__region_27.500-29.200.mp3,False,
acanthiza uropygialis,project_echo_bucket_2__region_81.300-83.100.mp3,False,
acanthiza uropygialis,project_echo_bucket_2__region_54.000-56.000.mp3,False,
acanthiza uropygialis,project_echo_bucket_2__region_70.000-72.000.mp3,False,
acanthiza uropygialis,project_echo_bucket_2__region_2.000-4.000.mp3,False,
acanthiza uropygialis,project_echo_bucket_3__region_6.800-8.150.mp3,False,
acanthiza uropygialis,project_echo_bucket_2__region_4.100-6.100.mp3,False,
acanthiza uropygialis,project_echo_bucket_3__region_30.950-32.050.mp3,False,
acanthiza uropygialis,project_echo_bucket_3__region_3.800-5.800.mp3,False,
acanthiza uropygialis,project_echo_bucket_3__region_39.400-40.800.mp3,False,
acanthiza uropygialis,project_echo_bucket_3__region_54.000-56.000.mp3,False,
acanthiza uropygialis,project_echo_bucket_3__region_35.900-37.900.mp3,False,
acanthiza uropygialis,project_echo_bucket_2__region_39.400-40.800.mp3,False,
acanthiza uropygialis,project_echo_bucket_3__region_53.050-55.050.mp3,False,
acanthiza uropygialis,project_echo_bucket_2__region_91.650-93.350.mp3,False,
acanthiza uropygialis,project_echo_bucket_3__region_39.800-41.800.mp3,False,
acanthiza uropygialis,project_echo_bucket_2__region_34.000-36.000.mp3,False,
stomiopera unicolor,project_echo_bucket_3__region_17.950-19.300.mp3,False,
stomiopera unicolor,project_echo_bucket_2__region_9.600-11.600.mp3,False,
stomiopera unicolor,project_echo_bucket_2__region_0.050-2.050.mp3,False,
stomiopera unicolor,project_echo_bucket_2__region_10.650-12.650.mp3,False,
stomiopera unicolor,project_echo_bucket_3__region_33.700-35.700.mp3,False,
stomiopera unicolor,project_echo_bucket_2__region_7.800-8.800.mp3,False,
stomiopera unicolor,project_echo_bucket_3__region_34.050-35.200.mp3,False,
stomiopera unicolor,project_echo_bucket_3__region_29.850-31.850.mp3,False,
stomiopera unicolor,project_echo_bucket_3__region_23.550-25.450.mp3,False,
stomiopera unicolor,project_echo_bucket_3__region_5.800-7.800.mp3,False,
stomiopera unicolor,project_echo_bucket_2__region_29.050-30.800.mp3,False,
stomiopera unicolor,project_echo_bucket_3__region_35.450-37.450.mp3,False,
stomiopera unicolor,project_echo_bucket_2__region_27.700-29.700.mp3,False,
stomiopera unicolor,project_echo_bucket_2__region_35.700-37.700.mp3,False,
stomiopera unicolor,project_echo_bucket_3__region_0.750-2.750.mp3,False,
stomiopera unicolor,project_echo_bucket_3__region_10.650-12.650.mp3,False,
stomiopera unicolor,project_echo_bucket_3__region_58.250-60.000.mp3,False,
stomiopera unicolor,project_echo_bucket_3__region_23.350-25.350.mp3,False,
stomiopera unicolor,project_echo_bucket_2__region_6.150-8.150.mp3,False,
stomiopera unicolor,project_echo_bucket_3__region_22.500-23.850.mp3,False,
stomiopera unicolor,project_echo_bucket_2__region_13.350-15.350.mp3,False,
stomiopera unicolor,project_echo_bucket_2__region_48.350-50.350.mp3,False,
stomiopera unicolor,project_echo_bucket_3__region_9.600-11.600.mp3,False,
stomiopera unicolor,project_echo_bucket_3__region_11.350-13.350.mp3,False,
stomiopera unicolor,project_echo_bucket_3__region_6.150-8.150.mp3,False,
stomiopera unicolor,project_echo_bucket_2__region_12.350-14.350.mp3,False,
stomiopera unicolor,project_echo_bucket_2__region_18.050-19.300.mp3,False,
stomiopera unicolor,project_echo_bucket_3__region_60.450-62.200.mp3,False,
stomiopera unicolor,project_echo_bucket_2__region_18.650-20.650.mp3,False,
stomiopera unicolor,project_echo_bucket_2__region_9.350-11.350.mp3,False,
stomiopera unicolor,project_echo_bucket_3__region_53.300-55.300.mp3,False,
stomiopera unicolor,project_echo_bucket_3__region_29.050-30.800.mp3,False,
stomiopera unicolor,project_echo_bucket_3__region_7.800-8.800.mp3,False,
stomiopera unicolor,project_echo_bucket_2__region_29.850-31.850.mp3,False,
stomiopera unicolor,project_echo_bucket_2__region_23.550-25.450.mp3,False,
stomiopera unicolor,project_echo_bucket_3__region_42.550-44.400.mp3,False,
stomiopera unicolor,project_echo_bucket_2__region_4.750-6.750.mp3,False,
stomiopera unicolor,project_echo_bucket_2__region_22.650-24.650.mp3,False,
stomiopera unicolor,project_echo_bucket_3__region_5.350-7.350.mp3,False,
stomiopera unicolor,project_echo_bucket_2__region_29.700-31.700.mp3,False,
stomiopera unicolor,project_echo_bucket_2__region_44.450-46.450.mp3,False,
stomiopera unicolor,project_echo_bucket_2__region_3.350-5.350.mp3,False,
stomiopera unicolor,project_echo_bucket_2__region_7.350-9.350.mp3,False,
stomiopera unicolor,project_echo_bucket_2__region_152.900-154.900.mp3,False,
stomiopera unicolor,project_echo_bucket_3__region_6.750-8.750.mp3,False,
stomiopera unicolor,project_echo_bucket_2__region_17.950-19.300.mp3,False,
stomiopera unicolor,project_echo_bucket_2__region_60.450-62.200.mp3,False,
stomiopera unicolor,project_echo_bucket_2__region_15.900-17.650.mp3,False,
stomiopera unicolor,project_echo_bucket_3__region_22.200-23.400.mp3,False,
stomiopera unicolor,project_echo_bucket_3__region_10.350-12.350.mp3,False,
stomiopera unicolor,project_echo_bucket_3__region_12.350-14.350.mp3,False,
stomiopera unicolor,project_echo_bucket_3__region_0.050-2.050.mp3,False,
stomiopera unicolor,project_echo_bucket_1__region_154.900-156.900.wav,False,
stomiopera unicolor,project_echo_bucket_3__region_39.850-41.850.mp3,False,
stomiopera unicolor,project_echo_bucket_2__region_2.000-4.000.mp3,False,
stomiopera unicolor,project_echo_bucket_2__region_35.450-37.450.mp3,False,
stomiopera unicolor,project_echo_bucket_2__region_58.250-60.000.mp3,False,
stomiopera unicolor,project_echo_bucket_2__region_8.650-10.650.mp3,False,
stomiopera unicolor,project_echo_bucket_3__region_3.800-5.800.mp3,False,
stomiopera unicolor,project_echo_bucket_3__region_27.850-29.850.mp3,False,
stomiopera unicolor,project_echo_bucket_2__region_33.700-35.700.mp3,False,
stomiopera unicolor,project_echo_bucket_2__region_6.750-8.750.mp3,False,
stomiopera unicolor,project_echo_bucket_3__region_22.650-24.650.mp3,False,
stomiopera unicolor,project_echo_bucket_2__region_55.300-57.300.mp3,False,
stomiopera unicolor,project_echo_bucket_2__region_0.750-2.750.mp3,False,
stomiopera unicolor,project_echo_bucket_2__region_27.850-29.850.mp3,False,
stomiopera unicolor,project_echo_bucket_3__region_4.750-6.750.mp3,False,
stomiopera unicolor,project_echo_bucket_2__region_11.350-13.350.mp3,False,
stomiopera unicolor,project_echo_bucket_2__region_23.350-25.350.mp3,False,
stomiopera unicolor,project_echo_bucket_3__region_62.650-64.350.mp3,False,
manorina melanophrys,project_echo_bucket_2__region_56.150-58.150.mp3,False,
manorina melanophrys,project_echo_bucket_2__region_6.000-7.572.mp3,False,
manorina melanophrys,project_echo_bucket_2__region_42.450-44.450.mp3,False,
manorina melanophrys,project_echo_bucket_2__region_5.550-7.550.mp3,False,
manorina melanophrys,project_echo_bucket_3__region_52.050-54.050.mp3,False,
manorina melanophrys,project_echo_bucket_3__region_73.500-75.500.mp3,False,
manorina melanophrys,project_echo_bucket_2__region_55.950-57.950.mp3,False,
manorina melanophrys,project_echo_bucket_1__region_14.650-16.200.wav,False,
manorina melanophrys,project_echo_bucket_3__region_56.150-58.150.mp3,False,
manorina melanophrys,project_echo_bucket_2__region_35.550-36.850.mp3,False,
manorina melanophrys,project_echo_bucket_2__region_89.500-91.500.mp3,False,
manorina melanophrys,project_echo_bucket_3__region_14.650-16.200.mp3,False,
manorina melanophrys,project_echo_bucket_3__region_115.700-117.700.mp3,False,
manorina melanophrys,project_echo_bucket_3__region_2.450-4.450.mp3,False,
manorina melanophrys,project_echo_bucket_3__region_15.800-17.450.mp3,False,
manorina melanophrys,project_echo_bucket_2__region_52.300-53.483.mp3,False,
manorina melanophrys,project_echo_bucket_2__region_87.500-89.500.mp3,False,
manorina melanophrys,project_echo_bucket_2__region_15.800-17.450.mp3,False,
manorina melanophrys,project_echo_bucket_2__region_26.300-28.300.mp3,False,
manorina melanophrys,project_echo_bucket_3__region_38.300-40.300.mp3,False,
manorina melanophrys,project_echo_bucket_3__region_34.300-36.300.mp3,False,
manorina melanophrys,project_echo_bucket_2__region_65.350-67.350.mp3,False,
manorina melanophrys,project_echo_bucket_3__region_205.550-207.550.mp3,False,
manorina melanophrys,project_echo_bucket_2__region_105.300-106.600.mp3,False,
manorina melanophrys,project_echo_bucket_2__region_25.700-27.700.mp3,False,
manorina melanophrys,project_echo_bucket_2__region_91.500-93.500.mp3,False,
manorina melanophrys,project_echo_bucket_2__region_30.300-32.300.mp3,False,
manorina melanophrys,project_echo_bucket_3__region_36.500-38.500.mp3,False,
manorina melanophrys,project_echo_bucket_2__region_81.500-83.500.mp3,False,
manorina melanophrys,project_echo_bucket_2__region_73.500-75.500.mp3,False,
manorina melanophrys,project_echo_bucket_2__region_48.300-50.300.mp3,False,
manorina melanophrys,project_echo_bucket_3__region_8.450-10.450.mp3,False,
manorina melanophrys,project_echo_bucket_2__region_42.300-44.300.mp3,False,
manorina melanophrys,project_echo_bucket_2__region_46.450-47.850.mp3,False,
manorina melanophrys,project_echo_bucket_2__region_44.300-46.300.mp3,False,
manorina melanophrys,project_echo_bucket_3__region_65.350-67.350.mp3,False,
manorina melanophrys,project_echo_bucket_3__region_24.300-26.300.mp3,False,
manorina melanophrys,project_echo_bucket_3__region_35.550-36.850.mp3,False,
manorina melanophrys,project_echo_bucket_3__region_2.500-4.500.mp3,False,
manorina melanophrys,project_echo_bucket_3__region_5.550-7.550.mp3,False,
manorina melanophrys,project_echo_bucket_3__region_109.900-111.900.mp3,False,
manorina melanophrys,project_echo_bucket_2__region_4.500-5.700.mp3,False,
manorina melanophrys,project_echo_bucket_3__region_52.300-53.483.mp3,False,
manorina melanophrys,project_echo_bucket_2__region_38.300-40.300.mp3,False,
manorina melanophrys,project_echo_bucket_2__region_205.550-207.550.mp3,False,
manorina melanophrys,project_echo_bucket_2__region_147.550-148.850.mp3,False,
manorina melanophrys,project_echo_bucket_2__region_85.500-87.500.mp3,False,
manorina melanophrys,project_echo_bucket_3__region_28.300-30.300.mp3,False,
manorina melanophrys,project_echo_bucket_2__region_36.500-38.500.mp3,False,
manorina melanophrys,project_echo_bucket_2__region_2.500-4.500.mp3,False,
manorina melanophrys,project_echo_bucket_3__region_55.950-57.950.mp3,False,
manorina melanophrys,project_echo_bucket_3__region_101.650-103.650.mp3,False,
manorina melanophrys,project_echo_bucket_2__region_28.750-30.750.mp3,False,
manorina melanophrys,project_echo_bucket_3__region_44.300-46.300.mp3,False,
manorina melanophrys,project_echo_bucket_3__region_25.700-27.700.mp3,False,
manorina melanophrys,project_echo_bucket_3__region_26.300-28.300.mp3,False,
manorina melanophrys,project_echo_bucket_2__region_115.700-117.700.mp3,False,
manorina melanophrys,project_echo_bucket_2__region_40.450-42.450.mp3,False,
manorina melanophrys,project_echo_bucket_2__region_40.300-42.300.mp3,False,
manorina melanophrys,project_echo_bucket_1__region_112.700-114.500.wav,False,
manorina melanophrys,project_echo_bucket_2__region_28.300-30.300.mp3,False,
manorina melanophrys,project_echo_bucket_3__region_0.450-2.450.mp3,False,
manorina melanophrys,project_echo_bucket_3__region_147.550-148.850.mp3,False,
manorina melanophrys,project_echo_bucket_3__region_59.700-61.700.mp3,False,
manorina melanophrys,project_echo_bucket_2__region_22.300-24.300.mp3,False,
manorina melanophrys,project_echo_bucket_2__region_2.450-4.450.mp3,False,
manorina melanophrys,project_echo_bucket_3__region_4.500-5.700.mp3,False,
manorina melanophrys,project_echo_bucket_3__region_6.450-8.450.mp3,False,
vanellus miles,project_echo_bucket_2__region_50.000-52.000.mp3,False,
vanellus miles,project_echo_bucket_2__region_15.000-16.350.mp3,False,
vanellus miles,project_echo_bucket_3__region_0.600-1.800.mp3,False,
vanellus miles,project_echo_bucket_2__region_60.000-62.000.mp3,False,
vanellus miles,project_echo_bucket_2__region_12.300-13.500.mp3,False,
vanellus miles,project_echo_bucket_3__region_11.800-13.800.mp3,False,
vanellus miles,project_echo_bucket_3__region_12.000-14.000.mp3,False,
vanellus miles,project_echo_bucket_3__region_50.000-52.000.mp3,False,
vanellus miles,project_echo_bucket_2__region_10.850-12.850.mp3,False,
vanellus miles,project_echo_bucket_2__region_14.000-16.000.mp3,False,
vanellus miles,project_echo_bucket_3__region_2.400-4.400.mp3,False,
vanellus miles,project_echo_bucket_2__region_6.250-8.250.mp3,False,
vanellus miles,project_echo_bucket_2__region_15.800-17.800.mp3,False,
vanellus miles,project_echo_bucket_2__region_16.700-18.700.mp3,False,
vanellus miles,project_echo_bucket_3__region_68.000-70.000.mp3,False,
vanellus miles,project_echo_bucket_3__region_6.300-8.000.mp3,False,
vanellus miles,project_echo_bucket_3__region_15.800-17.800.mp3,False,
vanellus miles,project_echo_bucket_3__region_4.400-5.850.mp3,False,
vanellus miles,project_echo_bucket_3__region_9.800-11.800.mp3,False,
vanellus miles,project_echo_bucket_3__region_12.300-13.500.mp3,False,
vanellus miles,project_echo_bucket_3__region_2.150-3.700.mp3,False,
vanellus miles,project_echo_bucket_1__region_4.100-5.100.wav,False,
vanellus miles,project_echo_bucket_2__region_2.150-3.700.mp3,False,
vanellus miles,project_echo_bucket_2__region_0.600-1.800.mp3,False,
vanellus miles,project_echo_bucket_2__region_4.000-6.000.mp3,False,
vanellus miles,project_echo_bucket_3__region_14.000-16.000.mp3,False,
vanellus miles,project_echo_bucket_3__region_12.550-14.250.mp3,False,
vanellus miles,project_echo_bucket_3__region_17.800-19.800.mp3,False,
vanellus miles,project_echo_bucket_2__region_16.900-18.800.mp3,False,
vanellus miles,project_echo_bucket_2__region_8.250-10.250.mp3,False,
vanellus miles,project_echo_bucket_3__region_21.800-23.250.mp3,False,
vanellus miles,project_echo_bucket_3__region_6.650-8.200.mp3,False,
vanellus miles,project_echo_bucket_3__region_2.100-4.100.mp3,False,
vanellus miles,project_echo_bucket_3__region_3.050-4.250.mp3,False,
vanellus miles,project_echo_bucket_3__region_8.250-10.250.mp3,False,
vanellus miles,project_echo_bucket_2__region_2.050-4.050.mp3,False,
vanellus miles,project_echo_bucket_2__region_6.300-8.000.mp3,False,
vanellus miles,project_echo_bucket_2__region_11.800-13.800.mp3,False,
vanellus miles,project_echo_bucket_3__region_106.000-108.000.mp3,False,
vanellus miles,project_echo_bucket_2__region_2.100-4.100.mp3,False,
vanellus miles,project_echo_bucket_2__region_0.000-2.000.mp3,False,
vanellus miles,project_echo_bucket_3__region_4.100-5.100.mp3,False,
vanellus miles,project_echo_bucket_3__region_102.600-104.600.mp3,False,
vanellus miles,project_echo_bucket_2__region_16.850-18.050.mp3,False,
vanellus miles,project_echo_bucket_3__region_6.850-8.050.mp3,False,
vanellus miles,project_echo_bucket_3__region_21.350-23.350.mp3,False,
vanellus miles,project_echo_bucket_2__region_102.600-104.600.mp3,False,
vanellus miles,project_echo_bucket_2__region_12.000-14.000.mp3,False,
vanellus miles,project_echo_bucket_2__region_70.000-72.000.mp3,False,
vanellus miles,project_echo_bucket_3__region_72.000-74.000.mp3,False,
vanellus miles,project_echo_bucket_2__region_6.800-8.800.mp3,False,
vanellus miles,project_echo_bucket_3__region_2.050-4.050.mp3,False,
vanellus miles,project_echo_bucket_3__region_19.800-21.800.mp3,False,
vanellus miles,project_echo_bucket_3__region_72.200-74.200.mp3,False,
vanellus miles,project_echo_bucket_2__region_6.650-8.200.mp3,False,
vanellus miles,project_echo_bucket_2__region_6.400-8.400.mp3,False,
vanellus miles,project_echo_bucket_3__region_16.850-18.050.mp3,False,
vanellus miles,project_echo_bucket_2__region_72.200-74.200.mp3,False,
vanellus miles,project_echo_bucket_3__region_9.150-10.950.mp3,False,
vanellus miles,project_echo_bucket_3__region_6.400-8.400.mp3,False,
vanellus miles,project_echo_bucket_2__region_12.850-14.850.mp3,False,
vanellus miles,project_echo_bucket_3__region_6.200-8.200.mp3,False,
vanellus miles,project_echo_bucket_3__region_12.850-14.850.mp3,False,
vanellus miles,project_echo_bucket_3__region_1.700-3.700.mp3,False,
vanellus miles,project_echo_bucket_3__region_16.700-18.700.mp3,False,
vanellus miles,project_echo_bucket_3__region_6.250-8.250.mp3,False,
stizoptera bichenovii,project_echo_bucket_2__region_11.050-12.700.mp3,False,
stizoptera bichenovii,project_echo_bucket_3__region_36.400-38.400.mp3,False,
stizoptera bichenovii,project_echo_bucket_3__region_38.400-40.400.mp3,False,
stizoptera bichenovii,project_echo_bucket_3__region_4.000-6.000.mp3,False,
stizoptera bichenovii,project_echo_bucket_2__region_2.750-3.950.mp3,False,
stizoptera bichenovii,project_echo_bucket_2__region_15.750-16.950.mp3,False,
stizoptera bichenovii,project_echo_bucket_2__region_20.000-22.000.mp3,False,
stizoptera bichenovii,project_echo_bucket_2__region_14.250-15.300.mp3,False,
stizoptera bichenovii,project_echo_bucket_3__region_27.000-29.000.mp3,False,
stizoptera bichenovii,project_echo_bucket_3__region_14.250-15.300.mp3,False,
stizoptera bichenovii,project_echo_bucket_3__region_13.000-15.000.mp3,False,
stizoptera bichenovii,project_echo_bucket_3__region_23.150-25.150.mp3,False,
stizoptera bichenovii,project_echo_bucket_2__region_27.000-29.000.mp3,False,
stizoptera bichenovii,project_echo_bucket_3__region_16.000-18.000.mp3,False,
stizoptera bichenovii,project_echo_bucket_2__region_32.400-34.400.mp3,False,
stizoptera bichenovii,project_echo_bucket_3__region_17.350-18.600.mp3,False,
stizoptera bichenovii,project_echo_bucket_2__region_34.400-36.400.mp3,False,
stizoptera bichenovii,project_echo_bucket_2__region_23.150-25.150.mp3,False,
stizoptera bichenovii,project_echo_bucket_3__region_0.350-2.350.mp3,False,
stizoptera bichenovii,project_echo_bucket_2__region_10.500-11.950.mp3,False,
stizoptera bichenovii,project_echo_bucket_3__region_44.400-46.400.mp3,False,
stizoptera bichenovii,project_echo_bucket_2__region_12.250-14.200.mp3,False,
stizoptera bichenovii,project_echo_bucket_3__region_21.350-22.700.mp3,False,
stizoptera bichenovii,project_echo_bucket_3__region_16.550-18.550.mp3,False,
stizoptera bichenovii,project_echo_bucket_2__region_40.000-42.000.mp3,False,
stizoptera bichenovii,project_echo_bucket_2__region_30.550-32.550.mp3,False,
stizoptera bichenovii,project_echo_bucket_3__region_14.850-16.850.mp3,False,
stizoptera bichenovii,project_echo_bucket_3__region_0.000-2.000.mp3,False,
stizoptera bichenovii,project_echo_bucket_2__region_40.400-42.400.mp3,False,
stizoptera bichenovii,project_echo_bucket_3__region_11.050-12.700.mp3,False,
stizoptera bichenovii,project_echo_bucket_2__region_9.150-11.150.mp3,False,
stizoptera bichenovii,project_echo_bucket_2__region_2.050-4.050.mp3,False,
stizoptera bichenovii,project_echo_bucket_3__region_10.500-11.950.mp3,False,
stizoptera bichenovii,project_echo_bucket_2__region_0.750-2.050.mp3,False,
stizoptera bichenovii,project_echo_bucket_2__region_9.350-10.550.mp3,False,
stizoptera bichenovii,project_echo_bucket_2__region_0.000-2.000.mp3,False,
stizoptera bichenovii,project_echo_bucket_3__region_40.400-42.400.mp3,False,
stizoptera bichenovii,project_echo_bucket_3__region_34.400-36.400.mp3,False,
stizoptera bichenovii,project_echo_bucket_3__region_9.150-11.150.mp3,False,
stizoptera bichenovii,project_echo_bucket_3__region_40.000-42.000.mp3,False,
stizoptera bichenovii,project_echo_bucket_3__region_24.000-26.000.mp3,False,
stizoptera bichenovii,project_echo_bucket_3__region_6.900-8.900.mp3,False,
stizoptera bichenovii,project_echo_bucket_3__region_10.000-12.000.mp3,False,
stizoptera bichenovii,project_echo_bucket_2__region_24.350-25.550.mp3,False,
stizoptera bichenovii,project_echo_bucket_2__region_32.000-34.000.mp3,False,
stizoptera bichenovii,project_echo_bucket_1__region_22.000-24.000.wav,False,
stizoptera bichenovii,project_echo_bucket_2__region_38.400-40.400.mp3,False,
stizoptera bichenovii,project_echo_bucket_3__region_22.000-24.000.mp3,False,
stizoptera bichenovii,project_echo_bucket_3__region_16.850-18.650.mp3,False,
stizoptera bichenovii,project_echo_bucket_2__region_44.400-46.400.mp3,False,
stizoptera bichenovii,project_echo_bucket_3__region_62.000-64.000.mp3,False,
stizoptera bichenovii,project_echo_bucket_3__region_28.000-30.000.mp3,False,
stizoptera bichenovii,project_echo_bucket_3__region_2.050-4.050.mp3,False,
stizoptera bichenovii,project_echo_bucket_2__region_4.250-5.450.mp3,False,
stizoptera bichenovii,project_echo_bucket_2__region_16.600-18.600.mp3,False,
stizoptera bichenovii,project_echo_bucket_3__region_8.900-10.900.mp3,False,
stizoptera bichenovii,project_echo_bucket_2__region_26.100-27.535.mp3,False,
stizoptera bichenovii,project_echo_bucket_2__region_12.850-14.850.mp3,False,
stizoptera bichenovii,project_echo_bucket_3__region_12.850-14.850.mp3,False,
stizoptera bichenovii,project_echo_bucket_3__region_6.050-7.100.mp3,False,
stizoptera bichenovii,project_echo_bucket_3__region_24.350-25.550.mp3,False,
stizoptera bichenovii,project_echo_bucket_3__region_4.250-5.450.mp3,False,
stizoptera bichenovii,project_echo_bucket_2__region_6.900-8.900.mp3,False,
stizoptera bichenovii,project_echo_bucket_3__region_12.250-14.200.mp3,False,
stizoptera bichenovii,project_echo_bucket_3__region_42.400-44.400.mp3,False,
stizoptera bichenovii,project_echo_bucket_3__region_4.250-6.250.mp3,False,
capra hircus,project_echo_bucket_2__region_0.650-2.199.mp3,False,
capra hircus,project_echo_bucket_3__region_1.599-2.899.mp3,False,
capra hircus,project_echo_bucket_2__region_6.497-8.496.mp3,False,
capra hircus,project_echo_bucket_3__region_1.949-3.748.mp3,False,
capra hircus,project_echo_bucket_2__region_0.400-2.349.mp3,False,
capra hircus,project_echo_bucket_2__region_0.000-1.749.mp3,False,
capra hircus,project_echo_bucket_2__region_8.696-10.000.mp3,False,
capra hircus,project_echo_bucket_2__region_2.749-4.748.mp3,False,
capra hircus,project_echo_bucket_2__region_7.647-9.046.mp3,False,
capra hircus,project_echo_bucket_3__region_8.746-10.000.mp3,False,
capra hircus,project_echo_bucket_2__region_0.950-2.949.mp3,False,
capra hircus,project_echo_bucket_3__region_1.399-3.398.mp3,False,
capra hircus,project_echo_bucket_2__region_6.747-8.696.mp3,False,
capra hircus,project_echo_bucket_2__region_4.398-5.897.mp3,False,
capra hircus,project_echo_bucket_3__region_5.947-7.946.mp3,False,
capra hircus,project_echo_bucket_3__region_4.998-6.247.mp3,False,
capra hircus,project_echo_bucket_2__region_5.947-7.946.mp3,False,
capra hircus,project_echo_bucket_2__region_0.750-2.749.mp3,False,
capra hircus,project_echo_bucket_1__region_0.500-2.499.wav,False,
capra hircus,project_echo_bucket_3__region_3.149-4.448.mp3,False,
capra hircus,project_echo_bucket_3__region_4.898-6.447.mp3,False,
capra hircus,project_echo_bucket_2__region_2.899-4.898.mp3,False,
capra hircus,project_echo_bucket_3__region_4.898-6.897.mp3,False,
capra hircus,project_echo_bucket_3__region_0.450-2.149.mp3,False,
capra hircus,project_echo_bucket_3__region_2.899-4.898.mp3,False,
capra hircus,project_echo_bucket_2__region_4.198-6.047.mp3,False,
capra hircus,project_echo_bucket_3__region_5.647-7.647.mp3,False,
capra hircus,project_echo_bucket_3__region_1.799-3.798.mp3,False,
capra hircus,project_echo_bucket_3__region_8.046-10.000.mp3,False,
capra hircus,project_echo_bucket_2__region_3.648-5.647.mp3,False,
capra hircus,project_echo_bucket_3__region_0.000-1.749.mp3,False,
capra hircus,project_echo_bucket_2__region_1.999-3.149.mp3,False,
capra hircus,project_echo_bucket_3__region_7.647-9.046.mp3,False,
capra hircus,project_echo_bucket_3__region_3.049-5.048.mp3,False,
capra hircus,project_echo_bucket_2__region_0.450-2.149.mp3,False,
capra hircus,project_echo_bucket_2__region_8.896-10.000.mp3,False,
capra hircus,project_echo_bucket_1__region_0.400-2.399.wav,False,
capra hircus,project_echo_bucket_2__region_7.497-9.012.mp3,False,
capra hircus,project_echo_bucket_3__region_0.950-2.949.mp3,False,
capra hircus,project_echo_bucket_3__region_0.650-2.199.mp3,False,
capra hircus,project_echo_bucket_1__region_3.149-4.448.wav,False,
capra hircus,project_echo_bucket_2__region_3.049-5.048.mp3,False,
capra hircus,project_echo_bucket_3__region_4.398-5.897.mp3,False,
capra hircus,project_echo_bucket_2__region_1.399-3.398.mp3,False,
capra hircus,project_echo_bucket_2__region_4.898-6.897.mp3,False,
capra hircus,project_echo_bucket_3__region_0.000-1.699.mp3,False,
capra hircus,project_echo_bucket_2__region_6.297-7.796.mp3,False,
capra hircus,project_echo_bucket_2__region_5.348-7.347.mp3,False,
capra hircus,project_echo_bucket_2__region_7.447-8.746.mp3,False,
capra hircus,project_echo_bucket_2__region_5.198-7.197.mp3,False,
capra hircus,project_echo_bucket_3__region_6.497-8.496.mp3,False,
capra hircus,project_echo_bucket_3__region_6.697-7.796.mp3,False,
capra hircus,project_echo_bucket_3__region_3.648-5.647.mp3,False,
capra hircus,project_echo_bucket_2__region_0.000-1.449.mp3,False,
capra hircus,project_echo_bucket_3__region_7.497-9.012.mp3,False,
capra hircus,project_echo_bucket_2__region_6.347-8.046.mp3,False,
capra hircus,project_echo_bucket_3__region_0.350-2.349.mp3,False,
capra hircus,project_echo_bucket_2__region_2.949-4.248.mp3,False,
capra hircus,project_echo_bucket_3__region_0.750-2.749.mp3,False,
capra hircus,project_echo_bucket_3__region_0.000-1.449.mp3,False,
capra hircus,project_echo_bucket_3__region_5.348-7.347.mp3,False,
capra hircus,project_echo_bucket_3__region_8.346-10.000.mp3,False,
capra hircus,project_echo_bucket_3__region_2.749-4.748.mp3,False,
capra hircus,project_echo_bucket_2__region_3.199-5.198.mp3,False,
cormobates leucophaea,project_echo_bucket_1__region_48.700-50.700.wav,False,
cormobates leucophaea,project_echo_bucket_2__region_0.700-2.700.mp3,False,
cormobates leucophaea,project_echo_bucket_2__region_5.550-7.550.mp3,False,
cormobates leucophaea,project_echo_bucket_2__region_20.600-21.850.mp3,False,
cormobates leucophaea,project_echo_bucket_3__region_22.750-24.600.mp3,False,
cormobates leucophaea,project_echo_bucket_3__region_0.750-2.500.mp3,False,
cormobates leucophaea,project_echo_bucket_2__region_2.250-3.400.mp3,False,
cormobates leucophaea,project_echo_bucket_3__region_0.200-2.200.mp3,False,
cormobates leucophaea,project_echo_bucket_2__region_31.200-32.550.mp3,False,
cormobates leucophaea,project_echo_bucket_3__region_29.200-31.200.mp3,False,
cormobates leucophaea,project_echo_bucket_2__region_39.400-41.400.mp3,False,
cormobates leucophaea,project_echo_bucket_3__region_14.000-15.250.mp3,False,
cormobates leucophaea,project_echo_bucket_2__region_17.150-19.100.mp3,False,
cormobates leucophaea,project_echo_bucket_3__region_31.200-32.550.mp3,False,
cormobates leucophaea,project_echo_bucket_3__region_26.600-28.600.mp3,False,
cormobates leucophaea,project_echo_bucket_3__region_76.950-78.950.mp3,False,
cormobates leucophaea,project_echo_bucket_3__region_4.850-6.850.mp3,False,
cormobates leucophaea,project_echo_bucket_2__region_7.450-9.300.mp3,False,
cormobates leucophaea,project_echo_bucket_2__region_24.550-26.050.mp3,False,
cormobates leucophaea,project_echo_bucket_2__region_76.950-78.950.mp3,False,
cormobates leucophaea,project_echo_bucket_3__region_1.600-3.245.mp3,False,
cormobates leucophaea,project_echo_bucket_3__region_2.200-4.200.mp3,False,
cormobates leucophaea,project_echo_bucket_3__region_74.550-75.550.mp3,False,
cormobates leucophaea,project_echo_bucket_2__region_0.300-1.500.mp3,False,
cormobates leucophaea,project_echo_bucket_1__region_6.100-7.700.wav,False,
cormobates leucophaea,project_echo_bucket_2__region_4.850-6.850.mp3,False,
cormobates leucophaea,project_echo_bucket_2__region_10.550-12.284.mp3,False,
cormobates leucophaea,project_echo_bucket_2__region_24.500-26.500.mp3,False,
cormobates leucophaea,project_echo_bucket_3__region_0.700-2.700.mp3,False,
cormobates leucophaea,project_echo_bucket_3__region_5.550-7.550.mp3,False,
cormobates leucophaea,project_echo_bucket_3__region_2.250-4.250.mp3,False,
cormobates leucophaea,project_echo_bucket_3__region_48.700-50.700.mp3,False,
cormobates leucophaea,project_echo_bucket_2__region_22.750-24.600.mp3,False,
cormobates leucophaea,project_echo_bucket_3__region_15.900-17.900.mp3,False,
cormobates leucophaea,project_echo_bucket_2__region_74.950-76.950.mp3,False,
cormobates leucophaea,project_echo_bucket_3__region_24.500-26.500.mp3,False,
cormobates leucophaea,project_echo_bucket_2__region_0.700-2.400.mp3,False,
cormobates leucophaea,project_echo_bucket_3__region_7.400-8.650.mp3,False,
cormobates leucophaea,project_echo_bucket_2__region_12.200-14.200.mp3,False,
cormobates leucophaea,project_echo_bucket_3__region_0.300-1.500.mp3,False,
cormobates leucophaea,project_echo_bucket_2__region_16.050-17.250.mp3,False,
cormobates leucophaea,project_echo_bucket_3__region_78.500-80.350.mp3,False,
cormobates leucophaea,project_echo_bucket_2__region_78.500-80.350.mp3,False,
cormobates leucophaea,project_echo_bucket_3__region_33.150-34.900.mp3,False,
cormobates leucophaea,project_echo_bucket_3__region_17.150-19.100.mp3,False,
cormobates leucophaea,project_echo_bucket_2__region_3.500-5.350.mp3,False,
cormobates leucophaea,project_echo_bucket_3__region_7.450-9.300.mp3,False,
cormobates leucophaea,project_echo_bucket_2__region_7.400-8.650.mp3,False,
cormobates leucophaea,project_echo_bucket_2__region_23.750-25.750.mp3,False,
cormobates leucophaea,project_echo_bucket_2__region_14.000-15.250.mp3,False,
cormobates leucophaea,project_echo_bucket_3__region_2.250-3.400.mp3,False,
cormobates leucophaea,project_echo_bucket_2__region_5.700-7.150.mp3,False,
cormobates leucophaea,project_echo_bucket_2__region_0.200-2.200.mp3,False,
cormobates leucophaea,project_echo_bucket_2__region_2.200-4.200.mp3,False,
cormobates leucophaea,project_echo_bucket_2__region_15.900-17.900.mp3,False,
cormobates leucophaea,project_echo_bucket_3__region_3.500-5.350.mp3,False,
cormobates leucophaea,project_echo_bucket_3__region_2.250-3.800.mp3,False,
cormobates leucophaea,project_echo_bucket_3__region_0.250-2.250.mp3,False,
petrochelidon nigricans,project_echo_bucket_3__region_44.000-46.000.mp3,False,
petrochelidon nigricans,project_echo_bucket_2__region_9.400-11.400.mp3,False,
petrochelidon nigricans,project_echo_bucket_3__region_19.150-21.150.mp3,False,
petrochelidon nigricans,project_echo_bucket_2__region_0.050-2.050.mp3,False,
petrochelidon nigricans,project_echo_bucket_3__region_12.000-14.000.mp3,False,
petrochelidon nigricans,project_echo_bucket_3__region_66.000-68.000.mp3,False,
petrochelidon nigricans,project_echo_bucket_3__region_2.350-4.350.mp3,False,
petrochelidon nigricans,project_echo_bucket_3__region_20.150-21.300.mp3,False,
petrochelidon nigricans,project_echo_bucket_3__region_42.000-44.000.mp3,False,
petrochelidon nigricans,project_echo_bucket_3__region_0.200-2.200.mp3,False,
petrochelidon nigricans,project_echo_bucket_2__region_30.400-32.400.mp3,False,
petrochelidon nigricans,project_echo_bucket_2__region_4.050-6.050.mp3,False,
petrochelidon nigricans,project_echo_bucket_3__region_32.000-34.000.mp3,False,
petrochelidon nigricans,project_echo_bucket_2__region_70.700-71.900.mp3,False,
petrochelidon nigricans,project_echo_bucket_3__region_6.000-8.000.mp3,False,
petrochelidon nigricans,project_echo_bucket_2__region_6.350-8.350.mp3,False,
petrochelidon nigricans,project_echo_bucket_3__region_68.000-70.000.mp3,False,
petrochelidon nigricans,project_echo_bucket_2__region_68.000-70.000.mp3,False,
petrochelidon nigricans,project_echo_bucket_2__region_32.800-34.000.mp3,False,
petrochelidon nigricans,project_echo_bucket_3__region_9.400-11.400.mp3,False,
petrochelidon nigricans,project_echo_bucket_3__region_20.550-22.050.mp3,False,
petrochelidon nigricans,project_echo_bucket_2__region_25.650-27.200.mp3,False,
petrochelidon nigricans,project_echo_bucket_2__region_2.350-4.350.mp3,False,
petrochelidon nigricans,project_echo_bucket_2__region_22.100-23.800.mp3,False,
petrochelidon nigricans,project_echo_bucket_3__region_30.400-32.400.mp3,False,
petrochelidon nigricans,project_echo_bucket_3__region_34.000-36.000.mp3,False,
petrochelidon nigricans,project_echo_bucket_3__region_0.250-2.150.mp3,False,
petrochelidon nigricans,project_echo_bucket_2__region_18.000-20.000.mp3,False,
petrochelidon nigricans,project_echo_bucket_3__region_16.900-18.300.mp3,False,
petrochelidon nigricans,project_echo_bucket_3__region_4.050-6.050.mp3,False,
petrochelidon nigricans,project_echo_bucket_2__region_4.350-6.350.mp3,False,
petrochelidon nigricans,project_echo_bucket_3__region_35.700-37.050.mp3,False,
petrochelidon nigricans,project_echo_bucket_2__region_30.000-32.000.mp3,False,
petrochelidon nigricans,project_echo_bucket_2__region_0.000-2.000.mp3,False,
petrochelidon nigricans,project_echo_bucket_2__region_15.000-16.500.mp3,False,
petrochelidon nigricans,project_echo_bucket_3__region_11.400-13.400.mp3,False,
petrochelidon nigricans,project_echo_bucket_3__region_10.000-12.000.mp3,False,
petrochelidon nigricans,project_echo_bucket_3__region_0.050-2.050.mp3,False,
petrochelidon nigricans,project_echo_bucket_2__region_32.000-34.000.mp3,False,
petrochelidon nigricans,project_echo_bucket_2__region_94.050-95.250.mp3,False,
petrochelidon nigricans,project_echo_bucket_3__region_13.400-14.950.mp3,False,
petrochelidon nigricans,project_echo_bucket_3__region_18.000-20.000.mp3,False,
petrochelidon nigricans,project_echo_bucket_3__region_28.000-30.000.mp3,False,
petrochelidon nigricans,project_echo_bucket_3__region_4.350-6.350.mp3,False,
petrochelidon nigricans,project_echo_bucket_2__region_20.550-22.050.mp3,False,
petrochelidon nigricans,project_echo_bucket_1__region_0.200-2.200.wav,False,
petrochelidon nigricans,project_echo_bucket_2__region_10.000-12.000.mp3,False,
petrochelidon nigricans,project_echo_bucket_2__region_38.000-40.000.mp3,False,
petrochelidon nigricans,project_echo_bucket_2__region_19.150-21.150.mp3,False,
petrochelidon nigricans,project_echo_bucket_3__region_30.000-32.000.mp3,False,
petrochelidon nigricans,project_echo_bucket_3__region_36.000-38.000.mp3,False,
petrochelidon nigricans,project_echo_bucket_3__region_23.150-24.370.mp3,False,
petrochelidon nigricans,project_echo_bucket_2__region_13.400-14.950.mp3,False,
petrochelidon nigricans,project_echo_bucket_2__region_34.000-36.000.mp3,False,
dicaeum hirundinaceum,project_echo_bucket_3__region_44.000-46.000.mp3,False,
dicaeum hirundinaceum,project_echo_bucket_2__region_35.850-37.150.mp3,False,
dicaeum hirundinaceum,project_echo_bucket_2__region_8.000-10.000.mp3,False,
dicaeum hirundinaceum,project_echo_bucket_3__region_49.250-51.008.mp3,False,
dicaeum hirundinaceum,project_echo_bucket_3__region_66.950-68.400.mp3,False,
dicaeum hirundinaceum,project_echo_bucket_2__region_41.650-43.300.mp3,False,
dicaeum hirundinaceum,project_echo_bucket_2__region_11.800-13.300.mp3,False,
dicaeum hirundinaceum,project_echo_bucket_2__region_66.950-68.400.mp3,False,
dicaeum hirundinaceum,project_echo_bucket_2__region_0.900-2.900.mp3,False,
dicaeum hirundinaceum,project_echo_bucket_3__region_11.800-13.300.mp3,False,
dicaeum hirundinaceum,project_echo_bucket_2__region_4.200-6.200.mp3,False,
dicaeum hirundinaceum,project_echo_bucket_2__region_11.600-13.600.mp3,False,
dicaeum hirundinaceum,project_echo_bucket_3__region_42.500-43.900.mp3,False,
dicaeum hirundinaceum,project_echo_bucket_3__region_6.300-8.300.mp3,False,
dicaeum hirundinaceum,project_echo_bucket_3__region_43.450-45.450.mp3,False,
dicaeum hirundinaceum,project_echo_bucket_3__region_0.200-2.200.mp3,False,
dicaeum hirundinaceum,project_echo_bucket_3__region_9.550-10.650.mp3,False,
dicaeum hirundinaceum,project_echo_bucket_3__region_32.000-34.000.mp3,False,
dicaeum hirundinaceum,project_echo_bucket_3__region_2.050-3.700.mp3,False,
dicaeum hirundinaceum,project_echo_bucket_3__region_4.500-6.500.mp3,False,
dicaeum hirundinaceum,project_echo_bucket_1__region_9.800-11.800.wav,False,
dicaeum hirundinaceum,project_echo_bucket_3__region_0.900-2.900.mp3,False,
dicaeum hirundinaceum,project_echo_bucket_3__region_10.850-12.350.mp3,False,
dicaeum hirundinaceum,project_echo_bucket_2__region_63.650-65.400.mp3,False,
dicaeum hirundinaceum,project_echo_bucket_3__region_0.350-2.350.mp3,False,
dicaeum hirundinaceum,project_echo_bucket_2__region_46.000-48.000.mp3,False,
dicaeum hirundinaceum,project_echo_bucket_3__region_9.800-11.800.mp3,False,
dicaeum hirundinaceum,project_echo_bucket_2__region_3.000-4.950.mp3,False,
dicaeum hirundinaceum,project_echo_bucket_2__region_54.850-56.600.mp3,False,
dicaeum hirundinaceum,project_echo_bucket_3__region_28.550-30.550.mp3,False,
dicaeum hirundinaceum,project_echo_bucket_3__region_8.000-10.000.mp3,False,
dicaeum hirundinaceum,project_echo_bucket_2__region_35.150-37.050.mp3,False,
dicaeum hirundinaceum,project_echo_bucket_3__region_81.100-82.900.mp3,False,
dicaeum hirundinaceum,project_echo_bucket_3__region_35.150-37.050.mp3,False,
dicaeum hirundinaceum,project_echo_bucket_2__region_0.350-2.350.mp3,False,
dicaeum hirundinaceum,project_echo_bucket_2__region_4.500-6.500.mp3,False,
dicaeum hirundinaceum,project_echo_bucket_2__region_9.550-10.650.mp3,False,
dicaeum hirundinaceum,project_echo_bucket_3__region_1.050-3.050.mp3,False,
dicaeum hirundinaceum,project_echo_bucket_2__region_6.300-8.300.mp3,False,
dicaeum hirundinaceum,project_echo_bucket_3__region_14.750-16.750.mp3,False,
dicaeum hirundinaceum,project_echo_bucket_3__region_70.450-72.250.mp3,False,
dicaeum hirundinaceum,project_echo_bucket_3__region_54.850-56.600.mp3,False,
dicaeum hirundinaceum,project_echo_bucket_3__region_88.300-90.050.mp3,False,
dicaeum hirundinaceum,project_echo_bucket_2__region_30.000-32.000.mp3,False,
dicaeum hirundinaceum,project_echo_bucket_3__region_46.000-48.000.mp3,False,
dicaeum hirundinaceum,project_echo_bucket_3__region_1.650-3.650.mp3,False,
dicaeum hirundinaceum,project_echo_bucket_2__region_88.300-90.050.mp3,False,
dicaeum hirundinaceum,project_echo_bucket_3__region_4.200-6.200.mp3,False,
dicaeum hirundinaceum,project_echo_bucket_3__region_43.100-44.850.mp3,False,
dicaeum hirundinaceum,project_echo_bucket_2__region_70.450-72.250.mp3,False,
dicaeum hirundinaceum,project_echo_bucket_2__region_81.100-82.900.mp3,False,
dicaeum hirundinaceum,project_echo_bucket_3__region_63.650-65.400.mp3,False,
dicaeum hirundinaceum,project_echo_bucket_2__region_56.000-58.000.mp3,False,
dicaeum hirundinaceum,project_echo_bucket_2__region_18.200-19.550.mp3,False,
uperoleia mimula,project_echo_bucket_3__region_179.100-180.450.mp3,False,
uperoleia mimula,project_echo_bucket_3__region_31.600-33.250.mp3,False,
uperoleia mimula,project_echo_bucket_3__region_39.500-41.050.mp3,False,
uperoleia mimula,project_echo_bucket_3__region_182.100-183.750.mp3,False,
uperoleia mimula,project_echo_bucket_3__region_234.750-236.550.mp3,False,
uperoleia mimula,project_echo_bucket_3__region_231.400-233.150.mp3,False,
uperoleia mimula,project_echo_bucket_3__region_79.800-81.800.mp3,False,
uperoleia mimula,project_echo_bucket_3__region_37.500-39.500.mp3,False,
uperoleia mimula,project_echo_bucket_2__region_225.650-226.900.mp3,False,
uperoleia mimula,project_echo_bucket_2__region_79.800-81.800.mp3,False,
uperoleia mimula,project_echo_bucket_3__region_33.900-35.900.mp3,False,
uperoleia mimula,project_echo_bucket_3__region_196.550-198.550.mp3,False,
uperoleia mimula,project_echo_bucket_3__region_191.250-193.250.mp3,False,
uperoleia mimula,project_echo_bucket_2__region_83.800-85.800.mp3,False,
uperoleia mimula,project_echo_bucket_2__region_85.800-87.800.mp3,False,
uperoleia mimula,project_echo_bucket_2__region_182.100-183.750.mp3,False,
uperoleia mimula,project_echo_bucket_3__region_187.250-189.250.mp3,False,
uperoleia mimula,project_echo_bucket_2__region_231.400-233.150.mp3,False,
uperoleia mimula,project_echo_bucket_2__region_187.250-189.250.mp3,False,
uperoleia mimula,project_echo_bucket_2__region_238.900-240.700.mp3,False,
uperoleia mimula,project_echo_bucket_3__region_104.500-105.500.mp3,False,
uperoleia mimula,project_echo_bucket_2__region_10.750-12.750.mp3,False,
uperoleia mimula,project_echo_bucket_2__region_69.100-70.450.mp3,False,
uperoleia mimula,project_echo_bucket_1__region_104.500-105.500.wav,False,
uperoleia mimula,project_echo_bucket_2__region_222.000-223.200.mp3,False,
uperoleia mimula,project_echo_bucket_3__region_67.600-68.800.mp3,False,
uperoleia mimula,project_echo_bucket_2__region_7.050-9.050.mp3,False,
uperoleia mimula,project_echo_bucket_2__region_65.200-67.200.mp3,False,
uperoleia mimula,project_echo_bucket_2__region_234.750-236.550.mp3,False,
uperoleia mimula,project_echo_bucket_3__region_87.800-89.800.mp3,False,
uperoleia mimula,project_echo_bucket_3__region_65.200-67.200.mp3,False,
uperoleia mimula,project_echo_bucket_3__region_7.050-9.050.mp3,False,
uperoleia mimula,project_echo_bucket_2__region_31.600-33.250.mp3,False,
uperoleia mimula,project_echo_bucket_2__region_211.450-213.000.mp3,False,
uperoleia mimula,project_echo_bucket_2__region_93.800-95.800.mp3,False,
uperoleia mimula,project_echo_bucket_3__region_75.800-77.800.mp3,False,
uperoleia mimula,project_echo_bucket_3__region_74.400-75.700.mp3,False,
uperoleia mimula,project_echo_bucket_2__region_107.900-109.900.mp3,False,
uperoleia mimula,project_echo_bucket_1__region_89.800-91.800.wav,False,
uperoleia mimula,project_echo_bucket_3__region_238.900-240.700.mp3,False,
uperoleia mimula,project_echo_bucket_3__region_83.800-85.800.mp3,False,
uperoleia mimula,project_echo_bucket_3__region_10.750-12.750.mp3,False,
uperoleia mimula,project_echo_bucket_2__region_81.800-83.800.mp3,False,
uperoleia mimula,project_echo_bucket_3__region_211.450-213.000.mp3,False,
uperoleia mimula,project_echo_bucket_3__region_102.500-104.500.mp3,False,
uperoleia mimula,project_echo_bucket_3__region_81.800-83.800.mp3,False,
uperoleia mimula,project_echo_bucket_2__region_105.950-107.600.mp3,False,
uperoleia mimula,project_echo_bucket_3__region_200.150-201.400.mp3,False,
uperoleia mimula,project_echo_bucket_2__region_196.550-198.550.mp3,False,
uperoleia mimula,project_echo_bucket_2__region_191.250-193.250.mp3,False,
uperoleia mimula,project_echo_bucket_3__region_69.100-70.450.mp3,False,
uperoleia mimula,project_echo_bucket_3__region_0.550-1.900.mp3,False,
uperoleia mimula,project_echo_bucket_3__region_61.200-63.200.mp3,False,
uperoleia mimula,project_echo_bucket_2__region_87.800-89.800.mp3,False,
plectorhyncha lanceolata,project_echo_bucket_2__region_9.400-11.400.mp3,False,
plectorhyncha lanceolata,project_echo_bucket_3__region_43.850-45.850.mp3,False,
plectorhyncha lanceolata,project_echo_bucket_2__region_5.400-7.400.mp3,False,
plectorhyncha lanceolata,project_echo_bucket_3__region_91.850-93.850.mp3,False,
plectorhyncha lanceolata,project_echo_bucket_3__region_5.750-7.250.mp3,False,
plectorhyncha lanceolata,project_echo_bucket_2__region_10.650-12.650.mp3,False,
plectorhyncha lanceolata,project_echo_bucket_3__region_30.650-32.650.mp3,False,
plectorhyncha lanceolata,project_echo_bucket_2__region_55.450-57.450.mp3,False,
plectorhyncha lanceolata,project_echo_bucket_2__region_55.250-56.900.mp3,False,
plectorhyncha lanceolata,project_echo_bucket_2__region_4.650-6.650.mp3,False,
plectorhyncha lanceolata,project_echo_bucket_3__region_49.450-51.450.mp3,False,
plectorhyncha lanceolata,project_echo_bucket_3__region_3.800-5.200.mp3,False,
plectorhyncha lanceolata,project_echo_bucket_3__region_28.650-30.650.mp3,False,
plectorhyncha lanceolata,project_echo_bucket_2__region_2.650-4.650.mp3,False,
plectorhyncha lanceolata,project_echo_bucket_3__region_8.650-10.650.mp3,False,
plectorhyncha lanceolata,project_echo_bucket_3__region_7.100-9.100.mp3,False,
plectorhyncha lanceolata,project_echo_bucket_3__region_63.700-65.700.mp3,False,
plectorhyncha lanceolata,project_echo_bucket_3__region_76.050-77.250.mp3,False,
plectorhyncha lanceolata,project_echo_bucket_2__region_30.650-32.650.mp3,False,
plectorhyncha lanceolata,project_echo_bucket_3__region_18.500-19.900.mp3,False,
plectorhyncha lanceolata,project_echo_bucket_2__region_43.850-45.850.mp3,False,
plectorhyncha lanceolata,project_echo_bucket_3__region_5.400-7.400.mp3,False,
plectorhyncha lanceolata,project_echo_bucket_3__region_53.450-55.450.mp3,False,
plectorhyncha lanceolata,project_echo_bucket_2__region_93.850-95.850.mp3,False,
plectorhyncha lanceolata,project_echo_bucket_3__region_0.000-2.000.mp3,False,
plectorhyncha lanceolata,project_echo_bucket_2__region_42.300-43.300.mp3,False,
plectorhyncha lanceolata,project_echo_bucket_3__region_8.300-10.300.mp3,False,
plectorhyncha lanceolata,project_echo_bucket_2__region_91.850-93.850.mp3,False,
plectorhyncha lanceolata,project_echo_bucket_2__region_27.550-29.550.mp3,False,
plectorhyncha lanceolata,project_echo_bucket_2__region_10.300-12.300.mp3,False,
plectorhyncha lanceolata,project_echo_bucket_2__region_12.250-14.250.mp3,False,
plectorhyncha lanceolata,project_echo_bucket_3__region_95.850-97.850.mp3,False,
plectorhyncha lanceolata,project_echo_bucket_2__region_76.050-77.250.mp3,False,
plectorhyncha lanceolata,project_echo_bucket_2__region_16.250-18.250.mp3,False,
plectorhyncha lanceolata,project_echo_bucket_2__region_0.000-2.000.mp3,False,
plectorhyncha lanceolata,project_echo_bucket_3__region_40.300-42.300.mp3,False,
plectorhyncha lanceolata,project_echo_bucket_3__region_12.650-14.650.mp3,False,
plectorhyncha lanceolata,project_echo_bucket_3__region_55.250-56.900.mp3,False,
plectorhyncha lanceolata,project_echo_bucket_2__region_28.650-30.650.mp3,False,
plectorhyncha lanceolata,project_echo_bucket_2__region_49.450-51.450.mp3,False,
plectorhyncha lanceolata,project_echo_bucket_1__region_14.250-16.250.wav,False,
plectorhyncha lanceolata,project_echo_bucket_3__region_12.300-14.300.mp3,False,
plectorhyncha lanceolata,project_echo_bucket_2__region_53.450-55.450.mp3,False,
plectorhyncha lanceolata,project_echo_bucket_2__region_63.700-65.700.mp3,False,
plectorhyncha lanceolata,project_echo_bucket_2__region_8.650-10.650.mp3,False,
plectorhyncha lanceolata,project_echo_bucket_3__region_43.050-44.750.mp3,False,
plectorhyncha lanceolata,project_echo_bucket_2__region_103.650-105.650.mp3,False,
plectorhyncha lanceolata,project_echo_bucket_3__region_59.700-61.700.mp3,False,
plectorhyncha lanceolata,project_echo_bucket_3__region_57.450-59.000.mp3,False,
plectorhyncha lanceolata,project_echo_bucket_3__region_12.250-14.250.mp3,False,
plectorhyncha lanceolata,project_echo_bucket_2__region_12.300-14.300.mp3,False,
plectorhyncha lanceolata,project_echo_bucket_2__region_2.200-4.200.mp3,False,
plectorhyncha lanceolata,project_echo_bucket_1__region_18.500-19.900.wav,False,
plectorhyncha lanceolata,project_echo_bucket_3__region_27.550-29.550.mp3,False,
falco peregrinus,project_echo_bucket_2__region_8.000-10.000.mp3,False,
falco peregrinus,project_echo_bucket_3__region_6.950-8.950.mp3,False,
falco peregrinus,project_echo_bucket_2__region_24.000-26.000.mp3,False,
falco peregrinus,project_echo_bucket_2__region_95.000-97.000.mp3,False,
falco peregrinus,project_echo_bucket_3__region_12.000-14.000.mp3,False,
falco peregrinus,project_echo_bucket_3__region_4.000-6.000.mp3,False,
falco peregrinus,project_echo_bucket_3__region_26.000-28.000.mp3,False,
falco peregrinus,project_echo_bucket_2__region_10.950-12.550.mp3,False,
falco peregrinus,project_echo_bucket_3__region_4.950-6.950.mp3,False,
falco peregrinus,project_echo_bucket_3__region_53.000-55.000.mp3,False,
falco peregrinus,project_echo_bucket_3__region_32.000-34.000.mp3,False,
falco peregrinus,project_echo_bucket_2__region_69.000-71.000.mp3,False,
falco peregrinus,project_echo_bucket_3__region_6.000-8.000.mp3,False,
falco peregrinus,project_echo_bucket_3__region_38.000-40.000.mp3,False,
falco peregrinus,project_echo_bucket_3__region_93.000-95.000.mp3,False,
falco peregrinus,project_echo_bucket_2__region_26.000-28.000.mp3,False,
falco peregrinus,project_echo_bucket_3__region_57.000-59.000.mp3,False,
falco peregrinus,project_echo_bucket_2__region_36.000-38.000.mp3,False,
falco peregrinus,project_echo_bucket_3__region_63.000-65.000.mp3,False,
falco peregrinus,project_echo_bucket_2__region_5.450-6.900.mp3,False,
falco peregrinus,project_echo_bucket_2__region_4.000-6.000.mp3,False,
falco peregrinus,project_echo_bucket_2__region_28.000-30.000.mp3,False,
falco peregrinus,project_echo_bucket_3__region_69.000-71.000.mp3,False,
falco peregrinus,project_echo_bucket_3__region_8.950-10.950.mp3,False,
falco peregrinus,project_echo_bucket_2__region_73.000-75.000.mp3,False,
falco peregrinus,project_echo_bucket_2__region_6.000-8.000.mp3,False,
falco peregrinus,project_echo_bucket_3__region_24.000-26.000.mp3,False,
falco peregrinus,project_echo_bucket_1__region_10.000-12.000.wav,False,
falco peregrinus,project_echo_bucket_3__region_10.000-12.000.mp3,False,
falco peregrinus,project_echo_bucket_2__region_81.000-83.000.mp3,False,
falco peregrinus,project_echo_bucket_2__region_32.000-34.000.mp3,False,
falco peregrinus,project_echo_bucket_3__region_81.000-83.000.mp3,False,
falco peregrinus,project_echo_bucket_3__region_85.000-87.000.mp3,False,
falco peregrinus,project_echo_bucket_2__region_85.000-87.000.mp3,False,
falco peregrinus,project_echo_bucket_3__region_28.000-30.000.mp3,False,
falco peregrinus,project_echo_bucket_3__region_101.000-103.000.mp3,False,
falco peregrinus,project_echo_bucket_3__region_73.000-75.000.mp3,False,
falco peregrinus,project_echo_bucket_3__region_91.000-93.000.mp3,False,
falco peregrinus,project_echo_bucket_2__region_91.000-93.000.mp3,False,
falco peregrinus,project_echo_bucket_3__region_75.000-77.000.mp3,False,
falco peregrinus,project_echo_bucket_2__region_38.000-40.000.mp3,False,
falco peregrinus,project_echo_bucket_2__region_75.000-77.000.mp3,False,
falco peregrinus,project_echo_bucket_2__region_6.950-8.950.mp3,False,
falco peregrinus,project_echo_bucket_3__region_67.000-69.000.mp3,False,
falco peregrinus,project_echo_bucket_2__region_71.000-73.000.mp3,False,
falco peregrinus,project_echo_bucket_3__region_30.000-32.000.mp3,False,
falco peregrinus,project_echo_bucket_3__region_36.000-38.000.mp3,False,
falco peregrinus,project_echo_bucket_2__region_55.000-57.000.mp3,False,
falco peregrinus,project_echo_bucket_2__region_89.000-91.000.mp3,False,
falco peregrinus,project_echo_bucket_2__region_99.000-101.000.mp3,False,
falco peregrinus,project_echo_bucket_1__region_93.000-95.000.wav,False,
falco peregrinus,project_echo_bucket_2__region_34.000-36.000.mp3,False,
falco berigora,project_echo_bucket_3__region_40.750-42.750.mp3,False,
falco berigora,project_echo_bucket_2__region_8.000-10.000.mp3,False,
falco berigora,project_echo_bucket_2__region_0.050-2.050.mp3,False,
falco berigora,project_echo_bucket_2__region_42.000-44.000.mp3,False,
falco berigora,project_echo_bucket_3__region_8.700-10.700.mp3,False,
falco berigora,project_echo_bucket_2__region_2.150-4.000.mp3,False,
falco berigora,project_echo_bucket_3__region_34.600-36.600.mp3,False,
falco berigora,project_echo_bucket_2__region_23.450-25.450.mp3,False,
falco berigora,project_echo_bucket_3__region_20.250-21.600.mp3,False,
falco berigora,project_echo_bucket_2__region_0.150-1.350.mp3,False,
falco berigora,project_echo_bucket_2__region_18.250-20.250.mp3,False,
falco berigora,project_echo_bucket_2__region_12.750-14.750.mp3,False,
falco berigora,project_echo_bucket_3__region_8.050-10.050.mp3,False,
falco berigora,project_echo_bucket_2__region_46.000-48.000.mp3,False,
falco berigora,project_echo_bucket_3__region_26.750-28.750.mp3,False,
falco berigora,project_echo_bucket_3__region_10.700-12.500.mp3,False,
falco berigora,project_echo_bucket_3__region_16.250-18.250.mp3,False,
falco berigora,project_echo_bucket_3__region_34.000-36.000.mp3,False,
falco berigora,project_echo_bucket_3__region_6.700-8.050.mp3,False,
falco berigora,project_echo_bucket_2__region_40.750-42.750.mp3,False,
falco berigora,project_echo_bucket_2__region_22.000-24.000.mp3,False,
falco berigora,project_echo_bucket_3__region_0.100-2.000.mp3,False,
falco berigora,project_echo_bucket_2__region_5.650-7.150.mp3,False,
falco berigora,project_echo_bucket_2__region_11.400-13.400.mp3,False,
falco berigora,project_echo_bucket_3__region_18.250-20.250.mp3,False,
falco berigora,project_echo_bucket_2__region_2.050-4.050.mp3,False,
falco berigora,project_echo_bucket_2__region_8.050-10.050.mp3,False,
falco berigora,project_echo_bucket_2__region_10.700-12.500.mp3,False,
falco berigora,project_echo_bucket_2__region_16.250-18.250.mp3,False,
falco berigora,project_echo_bucket_3__region_25.050-26.550.mp3,False,
falco berigora,project_echo_bucket_2__region_30.000-32.000.mp3,False,
falco berigora,project_echo_bucket_3__region_46.000-48.000.mp3,False,
falco berigora,project_echo_bucket_2__region_0.000-2.000.mp3,False,
falco berigora,project_echo_bucket_3__region_22.750-24.750.mp3,False,
falco berigora,project_echo_bucket_2__region_14.300-16.300.mp3,False,
falco berigora,project_echo_bucket_3__region_2.000-4.000.mp3,False,
falco berigora,project_echo_bucket_3__region_0.050-2.050.mp3,False,
falco berigora,project_echo_bucket_1__region_8.100-10.100.wav,False,
falco berigora,project_echo_bucket_2__region_4.700-6.700.mp3,False,
falco berigora,project_echo_bucket_2__region_2.000-4.000.mp3,False,
falco berigora,project_echo_bucket_3__region_28.000-30.000.mp3,False,
falco berigora,project_echo_bucket_3__region_2.050-4.050.mp3,False,
falco berigora,project_echo_bucket_3__region_14.250-16.250.mp3,False,
falco berigora,project_echo_bucket_3__region_0.150-1.350.mp3,False,
falco berigora,project_echo_bucket_2__region_20.250-21.600.mp3,False,
falco berigora,project_echo_bucket_2__region_16.750-18.750.mp3,False,
falco berigora,project_echo_bucket_2__region_0.100-2.000.mp3,False,
falco berigora,project_echo_bucket_2__region_38.000-40.000.mp3,False,
falco berigora,project_echo_bucket_2__region_22.750-24.750.mp3,False,
falco berigora,project_echo_bucket_3__region_16.750-18.750.mp3,False,
falco berigora,project_echo_bucket_3__region_30.000-32.000.mp3,False,
falco berigora,project_echo_bucket_3__region_14.300-16.300.mp3,False,
felis catus,project_echo_bucket_2__region_0.050-1.944.mp3,False,
felis catus,project_echo_bucket_3__region_6.097-8.096.mp3,False,
felis catus,project_echo_bucket_2__region_6.597-8.296.mp3,False,
felis catus,project_echo_bucket_2__region_0.000-1.199.mp3,False,
felis catus,project_echo_bucket_2__region_1.599-3.099.mp3,False,
felis catus,project_echo_bucket_3__region_0.000-1.999.mp3,False,
felis catus,project_echo_bucket_3__region_4.048-6.047.mp3,False,
felis catus,project_echo_bucket_3__region_3.299-5.298.mp3,False,
felis catus,project_echo_bucket_3__region_6.047-8.046.mp3,False,
felis catus,project_echo_bucket_2__region_3.698-5.597.mp3,False,
felis catus,project_echo_bucket_2__region_8.696-10.000.mp3,False,
felis catus,project_echo_bucket_2__region_7.097-9.096.mp3,False,
felis catus,project_echo_bucket_2__region_2.049-4.048.mp3,False,
felis catus,project_echo_bucket_3__region_6.697-8.396.mp3,False,
felis catus,project_echo_bucket_3__region_5.847-7.846.mp3,False,
felis catus,project_echo_bucket_3__region_0.100-1.399.mp3,False,
felis catus,project_echo_bucket_3__region_6.597-8.296.mp3,False,
felis catus,project_echo_bucket_3__region_3.698-5.597.mp3,False,
felis catus,project_echo_bucket_2__region_4.148-5.398.mp3,False,
felis catus,project_echo_bucket_3__region_3.998-5.997.mp3,False,
felis catus,project_echo_bucket_3__region_0.150-1.584.mp3,False,
felis catus,project_echo_bucket_2__region_3.998-5.997.mp3,False,
felis catus,project_echo_bucket_3__region_1.699-3.698.mp3,False,
felis catus,project_echo_bucket_1__region_0.100-1.560.wav,False,
felis catus,project_echo_bucket_2__region_2.099-3.148.mp3,False,
felis catus,project_echo_bucket_2__region_4.048-6.047.mp3,False,
felis catus,project_echo_bucket_3__region_0.600-2.599.mp3,False,
felis catus,project_echo_bucket_2__region_5.298-6.454.mp3,False,
felis catus,project_echo_bucket_3__region_0.100-2.099.mp3,False,
felis catus,project_echo_bucket_3__region_6.897-8.896.mp3,False,
felis catus,project_echo_bucket_3__region_0.050-1.399.mp3,False,
felis catus,project_echo_bucket_2__region_6.097-8.096.mp3,False,
felis catus,project_echo_bucket_3__region_0.150-1.772.mp3,False,
felis catus,project_echo_bucket_2__region_4.098-6.097.mp3,False,
felis catus,project_echo_bucket_3__region_0.050-1.944.mp3,False,
felis catus,project_echo_bucket_2__region_8.396-10.000.mp3,False,
felis catus,project_echo_bucket_2__region_1.849-3.648.mp3,False,
felis catus,project_echo_bucket_2__region_0.100-2.099.mp3,False,
felis catus,project_echo_bucket_3__region_2.049-4.048.mp3,False,
felis catus,project_echo_bucket_2__region_7.796-9.046.mp3,False,
felis catus,project_echo_bucket_2__region_2.649-3.848.mp3,False,
felis catus,project_echo_bucket_3__region_2.649-3.848.mp3,False,
felis catus,project_echo_bucket_3__region_0.200-1.881.mp3,False,
felis catus,project_echo_bucket_3__region_4.098-6.097.mp3,False,
felis catus,project_echo_bucket_2__region_6.047-7.957.mp3,False,
felis catus,project_echo_bucket_2__region_0.100-1.399.mp3,False,
felis catus,project_echo_bucket_3__region_1.599-3.099.mp3,False,
felis catus,project_echo_bucket_3__region_4.148-5.398.mp3,False,
felis catus,project_echo_bucket_2__region_0.000-1.999.mp3,False,
felis catus,project_echo_bucket_3__region_8.346-10.000.mp3,False,
dama dama,project_echo_bucket_2__region_2.449-4.448.mp3,False,
dama dama,project_echo_bucket_2__region_3.898-5.897.mp3,False,
dama dama,project_echo_bucket_3__region_2.349-3.548.mp3,False,
dama dama,project_echo_bucket_2__region_7.896-9.146.mp3,False,
dama dama,project_echo_bucket_3__region_3.898-5.897.mp3,False,
dama dama,project_echo_bucket_2__region_4.998-6.847.mp3,False,
dama dama,project_echo_bucket_3__region_4.298-6.297.mp3,False,
dama dama,project_echo_bucket_3__region_0.000-1.999.mp3,False,
dama dama,project_echo_bucket_3__region_4.048-6.047.mp3,False,
dama dama,project_echo_bucket_3__region_5.797-7.796.mp3,False,
dama dama,project_echo_bucket_3__region_6.047-8.046.mp3,False,
dama dama,project_echo_bucket_2__region_0.050-2.049.mp3,False,
dama dama,project_echo_bucket_1__region_5.897-7.097.wav,False,
dama dama,project_echo_bucket_3__region_6.997-8.996.mp3,False,
dama dama,project_echo_bucket_3__region_6.347-7.597.mp3,False,
dama dama,project_echo_bucket_2__region_8.696-10.000.mp3,False,
dama dama,project_echo_bucket_3__region_3.049-4.348.mp3,False,
dama dama,project_echo_bucket_2__region_1.449-2.949.mp3,False,
dama dama,project_echo_bucket_2__region_0.200-2.199.mp3,False,
dama dama,project_echo_bucket_3__region_0.400-2.399.mp3,False,
dama dama,project_echo_bucket_3__region_2.449-4.448.mp3,False,
dama dama,project_echo_bucket_3__region_8.696-10.000.mp3,False,
dama dama,project_echo_bucket_3__region_4.448-6.447.mp3,False,
dama dama,project_echo_bucket_3__region_3.998-5.997.mp3,False,
dama dama,project_echo_bucket_3__region_6.547-8.546.mp3,False,
dama dama,project_echo_bucket_3__region_5.048-6.347.mp3,False,
dama dama,project_echo_bucket_2__region_3.049-4.748.mp3,False,
dama dama,project_echo_bucket_2__region_4.298-6.297.mp3,False,
dama dama,project_echo_bucket_3__region_6.197-8.196.mp3,False,
dama dama,project_echo_bucket_2__region_5.897-7.896.mp3,False,
dama dama,project_echo_bucket_3__region_0.050-2.049.mp3,False,
dama dama,project_echo_bucket_2__region_3.049-4.348.mp3,False,
dama dama,project_echo_bucket_3__region_3.998-5.947.mp3,False,
dama dama,project_echo_bucket_2__region_7.896-9.096.mp3,False,
dama dama,project_echo_bucket_2__region_5.048-6.347.mp3,False,
dama dama,project_echo_bucket_3__region_7.647-9.646.mp3,False,
dama dama,project_echo_bucket_2__region_2.499-4.498.mp3,False,
dama dama,project_echo_bucket_3__region_5.897-7.896.mp3,False,
dama dama,project_echo_bucket_2__region_7.846-9.846.mp3,False,
dama dama,project_echo_bucket_2__region_6.197-8.196.mp3,False,
dama dama,project_echo_bucket_2__region_3.598-4.798.mp3,False,
dama dama,project_echo_bucket_2__region_4.448-6.447.mp3,False,
dama dama,project_echo_bucket_2__region_0.350-2.349.mp3,False,
dama dama,project_echo_bucket_1__region_5.797-7.796.wav,False,
dama dama,project_echo_bucket_3__region_1.449-2.949.mp3,False,
dama dama,project_echo_bucket_3__region_2.499-4.498.mp3,False,
dama dama,project_echo_bucket_2__region_3.998-5.947.mp3,False,
dama dama,project_echo_bucket_2__region_7.647-9.646.mp3,False,
eurystomus orientalis,project_echo_bucket_3__region_8.200-10.200.mp3,False,
eurystomus orientalis,project_echo_bucket_2__region_25.400-26.850.mp3,False,
eurystomus orientalis,project_echo_bucket_2__region_6.600-8.600.mp3,False,
eurystomus orientalis,project_echo_bucket_1__region_0.600-2.600.wav,False,
eurystomus orientalis,project_echo_bucket_2__region_22.200-24.200.mp3,False,
eurystomus orientalis,project_echo_bucket_3__region_2.750-4.750.mp3,False,
eurystomus orientalis,project_echo_bucket_3__region_4.000-6.000.mp3,False,
eurystomus orientalis,project_echo_bucket_2__region_6.350-8.350.mp3,False,
eurystomus orientalis,project_echo_bucket_3__region_10.400-12.400.mp3,False,
eurystomus orientalis,project_echo_bucket_3__region_16.350-18.350.mp3,False,
eurystomus orientalis,project_echo_bucket_2__region_8.400-10.400.mp3,False,
eurystomus orientalis,project_echo_bucket_2__region_5.250-6.700.mp3,False,
eurystomus orientalis,project_echo_bucket_3__region_3.700-5.700.mp3,False,
eurystomus orientalis,project_echo_bucket_2__region_10.400-12.000.mp3,False,
eurystomus orientalis,project_echo_bucket_2__region_6.600-8.100.mp3,False,
eurystomus orientalis,project_echo_bucket_3__region_5.700-7.300.mp3,False,
eurystomus orientalis,project_echo_bucket_2__region_8.200-10.200.mp3,False,
eurystomus orientalis,project_echo_bucket_3__region_2.200-4.200.mp3,False,
eurystomus orientalis,project_echo_bucket_3__region_41.250-43.100.mp3,False,
eurystomus orientalis,project_echo_bucket_3__region_2.050-3.050.mp3,False,
eurystomus orientalis,project_echo_bucket_3__region_14.200-16.100.mp3,False,
eurystomus orientalis,project_echo_bucket_2__region_4.000-6.000.mp3,False,
eurystomus orientalis,project_echo_bucket_2__region_23.600-24.950.mp3,False,
eurystomus orientalis,project_echo_bucket_3__region_0.000-2.000.mp3,False,
eurystomus orientalis,project_echo_bucket_3__region_6.350-8.350.mp3,False,
eurystomus orientalis,project_echo_bucket_1__region_3.700-5.700.wav,False,
eurystomus orientalis,project_echo_bucket_3__region_18.800-20.800.mp3,False,
eurystomus orientalis,project_echo_bucket_3__region_25.400-26.850.mp3,False,
eurystomus orientalis,project_echo_bucket_2__region_2.050-4.050.mp3,False,
eurystomus orientalis,project_echo_bucket_2__region_18.800-20.800.mp3,False,
eurystomus orientalis,project_echo_bucket_2__region_15.850-17.850.mp3,False,
eurystomus orientalis,project_echo_bucket_2__region_5.700-7.300.mp3,False,
eurystomus orientalis,project_echo_bucket_3__region_17.800-19.500.mp3,False,
eurystomus orientalis,project_echo_bucket_2__region_2.600-4.600.mp3,False,
eurystomus orientalis,project_echo_bucket_3__region_2.000-4.000.mp3,False,
eurystomus orientalis,project_echo_bucket_2__region_2.000-4.000.mp3,False,
eurystomus orientalis,project_echo_bucket_3__region_2.050-4.050.mp3,False,
eurystomus orientalis,project_echo_bucket_3__region_20.200-22.200.mp3,False,
eurystomus orientalis,project_echo_bucket_3__region_2.600-4.600.mp3,False,
eurystomus orientalis,project_echo_bucket_3__region_6.600-8.600.mp3,False,
eurystomus orientalis,project_echo_bucket_2__region_6.200-8.200.mp3,False,
eurystomus orientalis,project_echo_bucket_2__region_16.350-18.350.mp3,False,
eurystomus orientalis,project_echo_bucket_2__region_31.300-33.150.mp3,False,
eurystomus orientalis,project_echo_bucket_3__region_6.200-8.200.mp3,False,
eurystomus orientalis,project_echo_bucket_2__region_4.050-5.100.mp3,False,
eurystomus orientalis,project_echo_bucket_2__region_2.200-4.200.mp3,False,
eurystomus orientalis,project_echo_bucket_3__region_10.400-12.000.mp3,False,
eurystomus orientalis,project_echo_bucket_2__region_2.750-4.750.mp3,False,
sus scrofa,project_echo_bucket_3__region_7.547-9.396.mp3,False,
sus scrofa,project_echo_bucket_2__region_6.347-7.397.mp3,False,
sus scrofa,project_echo_bucket_3__region_0.550-2.549.mp3,False,
sus scrofa,project_echo_bucket_3__region_2.999-4.537.mp3,False,
sus scrofa,project_echo_bucket_3__region_5.997-7.447.mp3,False,
sus scrofa,project_echo_bucket_3__region_4.798-6.797.mp3,False,
sus scrofa,project_echo_bucket_2__region_7.547-9.396.mp3,False,
sus scrofa,project_echo_bucket_2__region_0.050-2.049.mp3,False,
sus scrofa,project_echo_bucket_3__region_2.099-3.448.mp3,False,
sus scrofa,project_echo_bucket_3__region_4.398-6.047.mp3,False,
sus scrofa,project_echo_bucket_3__region_8.796-10.000.mp3,False,
sus scrofa,project_echo_bucket_2__region_7.347-9.346.mp3,False,
sus scrofa,project_echo_bucket_2__region_8.696-10.000.mp3,False,
sus scrofa,project_echo_bucket_2__region_5.997-7.447.mp3,False,
sus scrofa,project_echo_bucket_2__region_8.796-10.000.mp3,False,
sus scrofa,project_echo_bucket_2__region_2.099-3.448.mp3,False,
sus scrofa,project_echo_bucket_2__region_4.998-6.247.mp3,False,
sus scrofa,project_echo_bucket_3__region_8.696-10.000.mp3,False,
sus scrofa,project_echo_bucket_2__region_1.249-2.949.mp3,False,
sus scrofa,project_echo_bucket_3__region_8.846-10.000.mp3,False,
sus scrofa,project_echo_bucket_2__region_7.247-8.546.mp3,False,
sus scrofa,project_echo_bucket_3__region_0.050-2.049.mp3,False,
sus scrofa,project_echo_bucket_3__region_5.647-7.647.mp3,False,
sus scrofa,project_echo_bucket_2__region_5.448-6.697.mp3,False,
sus scrofa,project_echo_bucket_1__region_0.700-2.699.wav,False,
sus scrofa,project_echo_bucket_3__region_5.997-7.197.mp3,False,
sus scrofa,project_echo_bucket_2__region_2.999-4.998.mp3,False,
sus scrofa,project_echo_bucket_2__region_6.347-8.346.mp3,False,
sus scrofa,project_echo_bucket_2__region_3.598-5.248.mp3,False,
sus scrofa,project_echo_bucket_2__region_4.798-6.797.mp3,False,
sus scrofa,project_echo_bucket_2__region_2.699-4.698.mp3,False,
sus scrofa,project_echo_bucket_3__region_3.498-4.848.mp3,False,
sus scrofa,project_echo_bucket_2__region_2.199-4.098.mp3,False,
sus scrofa,project_echo_bucket_1__region_0.900-2.899.wav,False,
sus scrofa,project_echo_bucket_3__region_7.047-8.296.mp3,False,
sus scrofa,project_echo_bucket_3__region_4.998-6.997.mp3,False,
sus scrofa,project_echo_bucket_3__region_4.698-6.147.mp3,False,
sus scrofa,project_echo_bucket_2__region_4.398-6.047.mp3,False,
sus scrofa,project_echo_bucket_3__region_3.598-5.597.mp3,False,
sus scrofa,project_echo_bucket_2__region_2.049-3.548.mp3,False,
sus scrofa,project_echo_bucket_2__region_6.997-8.996.mp3,False,
sus scrofa,project_echo_bucket_3__region_2.699-4.698.mp3,False,
sus scrofa,project_echo_bucket_2__region_0.550-2.549.mp3,False,
sus scrofa,project_echo_bucket_3__region_7.347-9.346.mp3,False,
sus scrofa,project_echo_bucket_2__region_4.698-6.147.mp3,False,
sus scrofa,project_echo_bucket_1__region_5.647-7.647.wav,False,
sus scrofa,project_echo_bucket_3__region_7.247-8.546.mp3,False,
sus scrofa,project_echo_bucket_2__region_3.099-4.498.mp3,False,
daphoenositta chrysoptera,project_echo_bucket_2__region_62.800-64.500.mp3,False,
daphoenositta chrysoptera,project_echo_bucket_3__region_4.300-6.250.mp3,False,
daphoenositta chrysoptera,project_echo_bucket_2__region_99.250-101.250.mp3,False,
daphoenositta chrysoptera,project_echo_bucket_1__region_136.550-138.450.wav,False,
daphoenositta chrysoptera,project_echo_bucket_3__region_4.000-6.000.mp3,False,
daphoenositta chrysoptera,project_echo_bucket_2__region_84.050-85.250.mp3,False,
daphoenositta chrysoptera,project_echo_bucket_2__region_6.450-7.750.mp3,False,
daphoenositta chrysoptera,project_echo_bucket_2__region_33.200-34.750.mp3,False,
daphoenositta chrysoptera,project_echo_bucket_2__region_27.950-29.650.mp3,False,
daphoenositta chrysoptera,project_echo_bucket_2__region_92.700-94.700.mp3,False,
daphoenositta chrysoptera,project_echo_bucket_3__region_117.300-119.300.mp3,False,
daphoenositta chrysoptera,project_echo_bucket_2__region_17.750-19.450.mp3,False,
daphoenositta chrysoptera,project_echo_bucket_3__region_81.650-82.850.mp3,False,
daphoenositta chrysoptera,project_echo_bucket_2__region_79.650-81.650.mp3,False,
daphoenositta chrysoptera,project_echo_bucket_3__region_29.500-31.200.mp3,False,
daphoenositta chrysoptera,project_echo_bucket_3__region_36.250-38.150.mp3,False,
daphoenositta chrysoptera,project_echo_bucket_3__region_34.250-36.250.mp3,False,
daphoenositta chrysoptera,project_echo_bucket_2__region_4.000-6.000.mp3,False,
daphoenositta chrysoptera,project_echo_bucket_2__region_117.300-119.300.mp3,False,
daphoenositta chrysoptera,project_echo_bucket_3__region_85.300-87.300.mp3,False,
daphoenositta chrysoptera,project_echo_bucket_2__region_100.200-102.000.mp3,False,
daphoenositta chrysoptera,project_echo_bucket_2__region_85.300-87.300.mp3,False,
daphoenositta chrysoptera,project_echo_bucket_3__region_105.000-106.700.mp3,False,
daphoenositta chrysoptera,project_echo_bucket_3__region_139.850-141.200.mp3,False,
daphoenositta chrysoptera,project_echo_bucket_3__region_33.200-34.750.mp3,False,
daphoenositta chrysoptera,project_echo_bucket_3__region_62.800-64.500.mp3,False,
daphoenositta chrysoptera,project_echo_bucket_3__region_30.600-32.600.mp3,False,
daphoenositta chrysoptera,project_echo_bucket_3__region_17.750-19.450.mp3,False,
daphoenositta chrysoptera,project_echo_bucket_1__region_75.100-76.350.wav,False,
daphoenositta chrysoptera,project_echo_bucket_2__region_42.950-44.950.mp3,False,
daphoenositta chrysoptera,project_echo_bucket_2__region_105.000-106.700.mp3,False,
daphoenositta chrysoptera,project_echo_bucket_2__region_6.000-8.000.mp3,False,
daphoenositta chrysoptera,project_echo_bucket_3__region_100.200-102.000.mp3,False,
daphoenositta chrysoptera,project_echo_bucket_3__region_10.000-12.000.mp3,False,
daphoenositta chrysoptera,project_echo_bucket_2__region_142.700-144.593.mp3,False,
daphoenositta chrysoptera,project_echo_bucket_2__region_36.250-38.150.mp3,False,
daphoenositta chrysoptera,project_echo_bucket_3__region_72.250-74.250.mp3,False,
daphoenositta chrysoptera,project_echo_bucket_3__region_40.950-42.950.mp3,False,
daphoenositta chrysoptera,project_echo_bucket_2__region_139.850-141.200.mp3,False,
daphoenositta chrysoptera,project_echo_bucket_2__region_2.000-4.000.mp3,False,
daphoenositta chrysoptera,project_echo_bucket_2__region_29.500-31.200.mp3,False,
daphoenositta chrysoptera,project_echo_bucket_2__region_30.600-32.600.mp3,False,
daphoenositta chrysoptera,project_echo_bucket_3__region_84.050-85.250.mp3,False,
daphoenositta chrysoptera,project_echo_bucket_1__region_1.250-3.250.wav,False,
daphoenositta chrysoptera,project_echo_bucket_2__region_19.900-21.900.mp3,False,
daphoenositta chrysoptera,project_echo_bucket_3__region_6.200-7.500.mp3,False,
daphoenositta chrysoptera,project_echo_bucket_2__region_103.450-104.700.mp3,False,
daphoenositta chrysoptera,project_echo_bucket_3__region_6.450-7.750.mp3,False,
artamus minor,project_echo_bucket_3__region_44.950-46.950.mp3,False,
artamus minor,project_echo_bucket_2__region_18.050-20.050.mp3,False,
artamus minor,project_echo_bucket_2__region_66.950-68.950.mp3,False,
artamus minor,project_echo_bucket_2__region_38.950-40.950.mp3,False,
artamus minor,project_echo_bucket_2__region_54.950-56.950.mp3,False,
artamus minor,project_echo_bucket_2__region_44.950-46.950.mp3,False,
artamus minor,project_echo_bucket_3__region_18.050-20.050.mp3,False,
artamus minor,project_echo_bucket_3__region_75.850-77.850.mp3,False,
artamus minor,project_echo_bucket_3__region_42.950-44.950.mp3,False,
artamus minor,project_echo_bucket_3__region_32.950-34.950.mp3,False,
artamus minor,project_echo_bucket_2__region_28.950-30.950.mp3,False,
artamus minor,project_echo_bucket_3__region_48.950-50.950.mp3,False,
artamus minor,project_echo_bucket_3__region_24.950-26.950.mp3,False,
artamus minor,project_echo_bucket_3__region_77.850-79.850.mp3,False,
artamus minor,project_echo_bucket_2__region_6.350-8.350.mp3,False,
artamus minor,project_echo_bucket_3__region_34.950-36.950.mp3,False,
artamus minor,project_echo_bucket_3__region_54.950-56.950.mp3,False,
artamus minor,project_echo_bucket_2__region_6.000-7.000.mp3,False,
artamus minor,project_echo_bucket_3__region_6.000-7.000.mp3,False,
artamus minor,project_echo_bucket_2__region_36.950-38.950.mp3,False,
artamus minor,project_echo_bucket_3__region_0.350-2.350.mp3,False,
artamus minor,project_echo_bucket_2__region_2.350-4.350.mp3,False,
artamus minor,project_echo_bucket_2__region_13.600-15.450.mp3,False,
artamus minor,project_echo_bucket_3__region_36.950-38.950.mp3,False,
artamus minor,project_echo_bucket_2__region_40.950-42.950.mp3,False,
artamus minor,project_echo_bucket_2__region_22.950-24.950.mp3,False,
artamus minor,project_echo_bucket_3__region_7.250-9.000.mp3,False,
artamus minor,project_echo_bucket_2__region_18.950-20.950.mp3,False,
artamus minor,project_echo_bucket_2__region_77.850-79.850.mp3,False,
artamus minor,project_echo_bucket_3__region_30.950-32.950.mp3,False,
artamus minor,project_echo_bucket_2__region_32.950-34.950.mp3,False,
artamus minor,project_echo_bucket_3__region_28.950-30.950.mp3,False,
artamus minor,project_echo_bucket_2__region_24.950-26.950.mp3,False,
artamus minor,project_echo_bucket_3__region_58.950-60.950.mp3,False,
artamus minor,project_echo_bucket_2__region_26.950-28.950.mp3,False,
artamus minor,project_echo_bucket_2__region_7.250-9.000.mp3,False,
artamus minor,project_echo_bucket_1__region_30.950-32.950.wav,False,
artamus minor,project_echo_bucket_2__region_8.350-10.350.mp3,False,
artamus minor,project_echo_bucket_3__region_8.350-10.350.mp3,False,
artamus minor,project_echo_bucket_3__region_18.950-20.950.mp3,False,
artamus minor,project_echo_bucket_3__region_56.950-58.950.mp3,False,
artamus minor,project_echo_bucket_3__region_46.950-48.950.mp3,False,
callocephalon fimbriatum,project_echo_bucket_2__region_25.500-26.650.mp3,False,
callocephalon fimbriatum,project_echo_bucket_2__region_5.400-7.400.mp3,False,
callocephalon fimbriatum,project_echo_bucket_2__region_137.200-138.300.mp3,False,
callocephalon fimbriatum,project_echo_bucket_2__region_32.550-34.550.mp3,False,
callocephalon fimbriatum,project_echo_bucket_2__region_18.750-20.750.mp3,False,
callocephalon fimbriatum,project_echo_bucket_3__region_34.600-35.750.mp3,False,
callocephalon fimbriatum,project_echo_bucket_2__region_30.400-32.400.mp3,False,
callocephalon fimbriatum,project_echo_bucket_2__region_9.000-10.000.mp3,False,
callocephalon fimbriatum,project_echo_bucket_3__region_6.000-8.000.mp3,False,
callocephalon fimbriatum,project_echo_bucket_3__region_2.150-4.150.mp3,False,
callocephalon fimbriatum,project_echo_bucket_2__region_16.450-18.450.mp3,False,
callocephalon fimbriatum,project_echo_bucket_2__region_67.000-69.000.mp3,False,
callocephalon fimbriatum,project_echo_bucket_2__region_112.700-114.700.mp3,False,
callocephalon fimbriatum,project_echo_bucket_2__region_65.000-67.000.mp3,False,
callocephalon fimbriatum,project_echo_bucket_3__region_30.400-32.400.mp3,False,
callocephalon fimbriatum,project_echo_bucket_3__region_21.800-23.800.mp3,False,
callocephalon fimbriatum,project_echo_bucket_3__region_5.400-7.400.mp3,False,
callocephalon fimbriatum,project_echo_bucket_2__region_134.850-136.850.mp3,False,
callocephalon fimbriatum,project_echo_bucket_2__region_22.950-24.950.mp3,False,
callocephalon fimbriatum,project_echo_bucket_3__region_27.950-29.150.mp3,False,
callocephalon fimbriatum,project_echo_bucket_3__region_9.000-10.000.mp3,False,
callocephalon fimbriatum,project_echo_bucket_3__region_41.200-43.200.mp3,False,
callocephalon fimbriatum,project_echo_bucket_3__region_137.200-138.300.mp3,False,
callocephalon fimbriatum,project_echo_bucket_2__region_27.950-29.150.mp3,False,
callocephalon fimbriatum,project_echo_bucket_3__region_18.750-20.750.mp3,False,
callocephalon fimbriatum,project_echo_bucket_2__region_142.350-144.350.mp3,False,
callocephalon fimbriatum,project_echo_bucket_3__region_88.600-89.800.mp3,False,
callocephalon fimbriatum,project_echo_bucket_2__region_19.600-21.600.mp3,False,
callocephalon fimbriatum,project_echo_bucket_3__region_56.700-57.900.mp3,False,
callocephalon fimbriatum,project_echo_bucket_3__region_134.850-136.850.mp3,False,
callocephalon fimbriatum,project_echo_bucket_2__region_139.000-141.000.mp3,False,
callocephalon fimbriatum,project_echo_bucket_2__region_6.000-8.000.mp3,False,
callocephalon fimbriatum,project_echo_bucket_2__region_41.200-43.200.mp3,False,
callocephalon fimbriatum,project_echo_bucket_1__region_50.600-51.850.wav,False,
callocephalon fimbriatum,project_echo_bucket_3__region_7.000-9.000.mp3,False,
callocephalon fimbriatum,project_echo_bucket_3__region_16.450-18.450.mp3,False,
callocephalon fimbriatum,project_echo_bucket_3__region_67.000-69.000.mp3,False,
callocephalon fimbriatum,project_echo_bucket_3__region_109.650-110.850.mp3,False,
callocephalon fimbriatum,project_echo_bucket_3__region_22.950-24.950.mp3,False,
callocephalon fimbriatum,project_echo_bucket_3__region_19.600-21.600.mp3,False,
gerygone mouki,project_echo_bucket_2__region_1.400-3.400.mp3,False,
gerygone mouki,project_echo_bucket_3__region_3.400-4.700.mp3,False,
gerygone mouki,project_echo_bucket_2__region_0.250-2.250.mp3,False,
gerygone mouki,project_echo_bucket_3__region_4.000-6.000.mp3,False,
gerygone mouki,project_echo_bucket_2__region_2.100-3.500.mp3,False,
gerygone mouki,project_echo_bucket_3__region_2.350-4.350.mp3,False,
gerygone mouki,project_echo_bucket_2__region_2.150-4.150.mp3,False,
gerygone mouki,project_echo_bucket_3__region_0.100-2.100.mp3,False,
gerygone mouki,project_echo_bucket_3__region_2.550-3.900.mp3,False,
gerygone mouki,project_echo_bucket_3__region_0.350-2.350.mp3,False,
gerygone mouki,project_echo_bucket_1__region_0.050-2.050.wav,False,
gerygone mouki,project_echo_bucket_3__region_6.150-7.700.mp3,False,
gerygone mouki,project_echo_bucket_3__region_6.100-8.100.mp3,False,
gerygone mouki,project_echo_bucket_3__region_4.100-6.100.mp3,False,
gerygone mouki,project_echo_bucket_3__region_0.150-2.150.mp3,False,
gerygone mouki,project_echo_bucket_3__region_0.800-2.800.mp3,False,
gerygone mouki,project_echo_bucket_2__region_4.000-6.000.mp3,False,
gerygone mouki,project_echo_bucket_3__region_0.800-2.450.mp3,False,
gerygone mouki,project_echo_bucket_3__region_0.550-2.550.mp3,False,
gerygone mouki,project_echo_bucket_2__region_4.750-6.750.mp3,False,
gerygone mouki,project_echo_bucket_3__region_2.100-4.100.mp3,False,
gerygone mouki,project_echo_bucket_2__region_1.850-3.850.mp3,False,
gerygone mouki,project_echo_bucket_2__region_0.000-2.000.mp3,False,
gerygone mouki,project_echo_bucket_2__region_0.550-2.550.mp3,False,
gerygone mouki,project_echo_bucket_2__region_0.800-2.800.mp3,False,
gerygone mouki,project_echo_bucket_2__region_6.000-8.000.mp3,False,
gerygone mouki,project_echo_bucket_2__region_4.150-6.150.mp3,False,
gerygone mouki,project_echo_bucket_2__region_3.000-5.000.mp3,False,
gerygone mouki,project_echo_bucket_3__region_0.050-2.050.mp3,False,
gerygone mouki,project_echo_bucket_2__region_2.000-4.000.mp3,False,
gerygone mouki,project_echo_bucket_3__region_4.350-6.350.mp3,False,
gerygone mouki,project_echo_bucket_3__region_3.600-5.600.mp3,False,
gerygone mouki,project_echo_bucket_3__region_3.000-5.000.mp3,False,
gerygone mouki,project_echo_bucket_3__region_4.600-6.600.mp3,False,
gerygone mouki,project_echo_bucket_3__region_1.400-3.400.mp3,False,
gerygone mouki,project_echo_bucket_3__region_4.750-6.750.mp3,False,
gerygone mouki,project_echo_bucket_2__region_6.100-8.100.mp3,False,
gerygone mouki,project_echo_bucket_3__region_0.250-2.250.mp3,False,
gerygone mouki,project_echo_bucket_3__region_4.250-6.250.mp3,False,
gerygone mouki,project_echo_bucket_3__region_1.850-3.850.mp3,False,
cygnus atratus,project_echo_bucket_3__region_41.150-42.700.mp3,False,
cygnus atratus,project_echo_bucket_3__region_25.600-27.000.mp3,False,
cygnus atratus,project_echo_bucket_3__region_17.800-19.100.mp3,False,
cygnus atratus,project_echo_bucket_3__region_34.600-36.500.mp3,False,
cygnus atratus,project_echo_bucket_2__region_30.100-31.450.mp3,False,
cygnus atratus,project_echo_bucket_2__region_28.750-29.950.mp3,False,
cygnus atratus,project_echo_bucket_2__region_17.800-19.100.mp3,False,
cygnus atratus,project_echo_bucket_3__region_15.400-17.400.mp3,False,
cygnus atratus,project_echo_bucket_3__region_23.600-25.600.mp3,False,
cygnus atratus,project_echo_bucket_3__region_26.900-28.700.mp3,False,
cygnus atratus,project_echo_bucket_2__region_74.350-75.600.mp3,False,
cygnus atratus,project_echo_bucket_1__region_34.600-36.500.wav,False,
cygnus atratus,project_echo_bucket_2__region_1.050-3.050.mp3,False,
cygnus atratus,project_echo_bucket_3__region_3.500-5.500.mp3,False,
cygnus atratus,project_echo_bucket_3__region_54.800-56.500.mp3,False,
cygnus atratus,project_echo_bucket_2__region_57.600-59.250.mp3,False,
cygnus atratus,project_echo_bucket_3__region_17.400-19.150.mp3,False,
cygnus atratus,project_echo_bucket_2__region_3.500-5.500.mp3,False,
cygnus atratus,project_echo_bucket_3__region_6.800-8.800.mp3,False,
cygnus atratus,project_echo_bucket_2__region_23.600-25.600.mp3,False,
cygnus atratus,project_echo_bucket_2__region_12.150-13.350.mp3,False,
cygnus atratus,project_echo_bucket_3__region_1.050-3.050.mp3,False,
cygnus atratus,project_echo_bucket_3__region_13.400-15.400.mp3,False,
cygnus atratus,project_echo_bucket_3__region_19.200-21.200.mp3,False,
cygnus atratus,project_echo_bucket_3__region_5.700-7.650.mp3,False,
cygnus atratus,project_echo_bucket_2__region_15.400-17.400.mp3,False,
cygnus atratus,project_echo_bucket_3__region_5.050-7.050.mp3,False,
cygnus atratus,project_echo_bucket_2__region_25.600-27.000.mp3,False,
cygnus atratus,project_echo_bucket_2__region_63.750-65.200.mp3,False,
cygnus atratus,project_echo_bucket_1__region_5.700-7.650.wav,False,
cygnus atratus,project_echo_bucket_3__region_30.100-31.450.mp3,False,
cygnus atratus,project_echo_bucket_2__region_26.900-28.700.mp3,False,
cygnus atratus,project_echo_bucket_3__region_59.900-61.550.mp3,False,
cygnus atratus,project_echo_bucket_2__region_6.800-8.800.mp3,False,
cygnus atratus,project_echo_bucket_2__region_41.150-42.700.mp3,False,
cygnus atratus,project_echo_bucket_3__region_9.050-11.050.mp3,False,
cygnus atratus,project_echo_bucket_2__region_85.100-87.100.mp3,False,
cygnus atratus,project_echo_bucket_3__region_19.300-20.800.mp3,False,
cygnus atratus,project_echo_bucket_3__region_49.550-51.400.mp3,False,
cygnus atratus,project_echo_bucket_2__region_19.200-21.200.mp3,False,
acanthiza chrysorrhoa,project_echo_bucket_3__region_57.750-59.750.mp3,False,
acanthiza chrysorrhoa,project_echo_bucket_3__region_44.000-46.000.mp3,False,
acanthiza chrysorrhoa,project_echo_bucket_3__region_41.750-43.750.mp3,False,
acanthiza chrysorrhoa,project_echo_bucket_2__region_24.750-26.750.mp3,False,
acanthiza chrysorrhoa,project_echo_bucket_2__region_65.750-67.750.mp3,False,
acanthiza chrysorrhoa,project_echo_bucket_3__region_59.750-61.750.mp3,False,
acanthiza chrysorrhoa,project_echo_bucket_3__region_55.750-57.750.mp3,False,
acanthiza chrysorrhoa,project_echo_bucket_1__region_72.650-74.650.wav,False,
acanthiza chrysorrhoa,project_echo_bucket_3__region_17.600-19.600.mp3,False,
acanthiza chrysorrhoa,project_echo_bucket_2__region_4.650-6.650.mp3,False,
acanthiza chrysorrhoa,project_echo_bucket_2__region_9.250-11.250.mp3,False,
acanthiza chrysorrhoa,project_echo_bucket_1__region_17.750-19.750.wav,False,
acanthiza chrysorrhoa,project_echo_bucket_2__region_13.250-15.250.mp3,False,
acanthiza chrysorrhoa,project_echo_bucket_3__region_13.250-15.250.mp3,False,
acanthiza chrysorrhoa,project_echo_bucket_2__region_43.750-45.750.mp3,False,
acanthiza chrysorrhoa,project_echo_bucket_2__region_44.000-46.000.mp3,False,
acanthiza chrysorrhoa,project_echo_bucket_2__region_12.800-14.800.mp3,False,
acanthiza chrysorrhoa,project_echo_bucket_3__region_28.750-30.750.mp3,False,
acanthiza chrysorrhoa,project_echo_bucket_1__region_75.750-77.750.wav,False,
acanthiza chrysorrhoa,project_echo_bucket_3__region_74.000-76.000.mp3,False,
acanthiza chrysorrhoa,project_echo_bucket_2__region_41.750-43.750.mp3,False,
acanthiza chrysorrhoa,project_echo_bucket_3__region_65.750-67.750.mp3,False,
acanthiza chrysorrhoa,project_echo_bucket_3__region_72.650-74.650.mp3,False,
acanthiza chrysorrhoa,project_echo_bucket_3__region_11.250-13.250.mp3,False,
acanthiza chrysorrhoa,project_echo_bucket_2__region_11.750-13.750.mp3,False,
acanthiza chrysorrhoa,project_echo_bucket_2__region_55.750-57.750.mp3,False,
acanthiza chrysorrhoa,project_echo_bucket_3__region_12.800-14.800.mp3,False,
acanthiza chrysorrhoa,project_echo_bucket_3__region_3.650-4.900.mp3,False,
acanthiza chrysorrhoa,project_echo_bucket_3__region_63.750-65.750.mp3,False,
acanthiza chrysorrhoa,project_echo_bucket_2__region_70.000-72.000.mp3,False,
acanthiza chrysorrhoa,project_echo_bucket_3__region_95.750-97.750.mp3,False,
acanthiza chrysorrhoa,project_echo_bucket_2__region_28.750-30.750.mp3,False,
acanthiza chrysorrhoa,project_echo_bucket_2__region_95.750-97.750.mp3,False,
acanthiza chrysorrhoa,project_echo_bucket_2__region_16.750-18.750.mp3,False,
acanthiza chrysorrhoa,project_echo_bucket_3__region_9.250-11.250.mp3,False,
acanthiza chrysorrhoa,project_echo_bucket_2__region_22.750-24.750.mp3,False,
acanthiza chrysorrhoa,project_echo_bucket_3__region_16.750-18.750.mp3,False,
acanthiza chrysorrhoa,project_echo_bucket_3__region_70.000-72.000.mp3,False,
cophixalus exiguus,project_echo_bucket_3__region_164.250-166.250.mp3,False,
cophixalus exiguus,project_echo_bucket_3__region_170.250-172.250.mp3,False,
cophixalus exiguus,project_echo_bucket_2__region_174.250-176.250.mp3,False,
cophixalus exiguus,project_echo_bucket_3__region_277.100-278.600.mp3,False,
cophixalus exiguus,project_echo_bucket_2__region_267.500-269.500.mp3,False,
cophixalus exiguus,project_echo_bucket_3__region_209.350-211.000.mp3,False,
cophixalus exiguus,project_echo_bucket_2__region_277.100-278.600.mp3,False,
cophixalus exiguus,project_echo_bucket_1__region_180.250-182.250.wav,False,
cophixalus exiguus,project_echo_bucket_3__region_86.250-88.250.mp3,False,
cophixalus exiguus,project_echo_bucket_2__region_219.800-221.300.mp3,False,
cophixalus exiguus,project_echo_bucket_3__region_267.500-269.500.mp3,False,
cophixalus exiguus,project_echo_bucket_2__region_74.500-76.500.mp3,False,
cophixalus exiguus,project_echo_bucket_2__region_154.250-156.250.mp3,False,
cophixalus exiguus,project_echo_bucket_3__region_126.250-128.250.mp3,False,
cophixalus exiguus,project_echo_bucket_3__region_219.800-221.300.mp3,False,
cophixalus exiguus,project_echo_bucket_1__region_302.000-304.000.wav,False,
cophixalus exiguus,project_echo_bucket_3__region_312.650-314.350.mp3,False,
cophixalus exiguus,project_echo_bucket_2__region_126.250-128.250.mp3,False,
cophixalus exiguus,project_echo_bucket_2__region_170.250-172.250.mp3,False,
cophixalus exiguus,project_echo_bucket_2__region_86.250-88.250.mp3,False,
cophixalus exiguus,project_echo_bucket_2__region_24.250-26.250.mp3,False,
cophixalus exiguus,project_echo_bucket_2__region_28.500-30.500.mp3,False,
cophixalus exiguus,project_echo_bucket_2__region_8.250-10.250.mp3,False,
cophixalus exiguus,project_echo_bucket_3__region_195.350-197.350.mp3,False,
cophixalus exiguus,project_echo_bucket_3__region_8.250-10.250.mp3,False,
cophixalus exiguus,project_echo_bucket_2__region_120.250-122.250.mp3,False,
cophixalus exiguus,project_echo_bucket_3__region_120.250-122.250.mp3,False,
cophixalus exiguus,project_echo_bucket_2__region_195.350-197.350.mp3,False,
cophixalus exiguus,project_echo_bucket_2__region_150.500-152.500.mp3,False,
cophixalus exiguus,project_echo_bucket_1__region_203.050-204.350.wav,False,
cophixalus exiguus,project_echo_bucket_3__region_255.350-256.750.mp3,False,
cophixalus exiguus,project_echo_bucket_3__region_203.050-204.350.mp3,False,
cophixalus exiguus,project_echo_bucket_2__region_140.250-142.250.mp3,False,
cophixalus exiguus,project_echo_bucket_3__region_289.650-291.650.mp3,False,
cophixalus exiguus,project_echo_bucket_2__region_116.500-118.500.mp3,False,
cophixalus exiguus,project_echo_bucket_3__region_252.500-254.500.mp3,False,
psophodes cristatus,project_echo_bucket_2__region_24.850-26.850.mp3,False,
psophodes cristatus,project_echo_bucket_2__region_6.600-8.600.mp3,False,
psophodes cristatus,project_echo_bucket_2__region_19.400-20.500.mp3,False,
psophodes cristatus,project_echo_bucket_2__region_34.850-36.850.mp3,False,
psophodes cristatus,project_echo_bucket_3__region_24.850-26.850.mp3,False,
psophodes cristatus,project_echo_bucket_3__region_3.200-5.200.mp3,False,
psophodes cristatus,project_echo_bucket_3__region_16.600-18.600.mp3,False,
psophodes cristatus,project_echo_bucket_2__region_37.300-39.300.mp3,False,
psophodes cristatus,project_echo_bucket_3__region_20.850-22.850.mp3,False,
psophodes cristatus,project_echo_bucket_2__region_10.600-12.600.mp3,False,
psophodes cristatus,project_echo_bucket_3__region_12.600-14.600.mp3,False,
psophodes cristatus,project_echo_bucket_2__region_8.600-10.600.mp3,False,
psophodes cristatus,project_echo_bucket_3__region_0.850-2.700.mp3,False,
psophodes cristatus,project_echo_bucket_3__region_18.600-20.200.mp3,False,
psophodes cristatus,project_echo_bucket_3__region_26.850-28.850.mp3,False,
psophodes cristatus,project_echo_bucket_2__region_3.200-5.200.mp3,False,
psophodes cristatus,project_echo_bucket_3__region_33.300-35.300.mp3,False,
psophodes cristatus,project_echo_bucket_3__region_17.400-19.400.mp3,False,
psophodes cristatus,project_echo_bucket_3__region_10.600-12.600.mp3,False,
psophodes cristatus,project_echo_bucket_3__region_32.850-34.850.mp3,False,
psophodes cristatus,project_echo_bucket_2__region_2.600-4.600.mp3,False,
psophodes cristatus,project_echo_bucket_3__region_28.000-29.200.mp3,False,
psophodes cristatus,project_echo_bucket_2__region_32.850-34.850.mp3,False,
psophodes cristatus,project_echo_bucket_3__region_8.600-10.600.mp3,False,
psophodes cristatus,project_echo_bucket_2__region_30.850-32.850.mp3,False,
psophodes cristatus,project_echo_bucket_3__region_14.600-16.600.mp3,False,
psophodes cristatus,project_echo_bucket_3__region_2.600-4.600.mp3,False,
psophodes cristatus,project_echo_bucket_3__region_6.600-8.600.mp3,False,
psophodes cristatus,project_echo_bucket_2__region_6.200-8.200.mp3,False,
psophodes cristatus,project_echo_bucket_2__region_45.150-47.150.mp3,False,
psophodes cristatus,project_echo_bucket_2__region_16.600-18.600.mp3,False,
psophodes cristatus,project_echo_bucket_3__region_7.200-9.200.mp3,False,
psophodes cristatus,project_echo_bucket_2__region_0.200-2.200.mp3,False,
psophodes cristatus,project_echo_bucket_3__region_4.600-6.600.mp3,False,
psophodes cristatus,project_echo_bucket_3__region_37.300-39.300.mp3,False,
psophodes cristatus,project_echo_bucket_3__region_19.400-20.500.mp3,False,
coracina novaehollandiae,project_echo_bucket_2__region_76.000-78.000.mp3,False,
coracina novaehollandiae,project_echo_bucket_3__region_46.350-48.350.mp3,False,
coracina novaehollandiae,project_echo_bucket_3__region_12.000-14.000.mp3,False,
coracina novaehollandiae,project_echo_bucket_3__region_26.000-28.000.mp3,False,
coracina novaehollandiae,project_echo_bucket_1__region_52.000-54.000.wav,False,
coracina novaehollandiae,project_echo_bucket_3__region_6.000-8.000.mp3,False,
coracina novaehollandiae,project_echo_bucket_3__region_0.700-2.550.mp3,False,
coracina novaehollandiae,project_echo_bucket_2__region_26.000-28.000.mp3,False,
coracina novaehollandiae,project_echo_bucket_2__region_118.000-120.000.mp3,False,
coracina novaehollandiae,project_echo_bucket_2__region_78.000-80.000.mp3,False,
coracina novaehollandiae,project_echo_bucket_2__region_46.000-48.000.mp3,False,
coracina novaehollandiae,project_echo_bucket_3__region_14.000-16.000.mp3,False,
coracina novaehollandiae,project_echo_bucket_2__region_40.000-42.000.mp3,False,
coracina novaehollandiae,project_echo_bucket_2__region_4.650-5.900.mp3,False,
coracina novaehollandiae,project_echo_bucket_1__region_92.300-93.500.wav,False,
coracina novaehollandiae,project_echo_bucket_3__region_74.000-76.000.mp3,False,
coracina novaehollandiae,project_echo_bucket_3__region_76.000-78.000.mp3,False,
coracina novaehollandiae,project_echo_bucket_2__region_30.000-32.000.mp3,False,
coracina novaehollandiae,project_echo_bucket_3__region_46.000-48.000.mp3,False,
coracina novaehollandiae,project_echo_bucket_2__region_9.100-10.550.mp3,False,
coracina novaehollandiae,project_echo_bucket_3__region_40.000-42.000.mp3,False,
coracina novaehollandiae,project_echo_bucket_2__region_6.000-8.000.mp3,False,
coracina novaehollandiae,project_echo_bucket_3__region_2.000-4.000.mp3,False,
coracina novaehollandiae,project_echo_bucket_3__region_59.950-61.850.mp3,False,
coracina novaehollandiae,project_echo_bucket_2__region_34.350-36.350.mp3,False,
coracina novaehollandiae,project_echo_bucket_2__region_94.000-96.000.mp3,False,
coracina novaehollandiae,project_echo_bucket_2__region_122.000-124.000.mp3,False,
coracina novaehollandiae,project_echo_bucket_3__region_78.000-80.000.mp3,False,
coracina novaehollandiae,project_echo_bucket_2__region_86.000-88.000.mp3,False,
coracina novaehollandiae,project_echo_bucket_2__region_0.700-2.550.mp3,False,
coracina novaehollandiae,project_echo_bucket_3__region_72.000-74.000.mp3,False,
coracina novaehollandiae,project_echo_bucket_3__region_37.250-38.500.mp3,False,
coracina novaehollandiae,project_echo_bucket_3__region_86.000-88.000.mp3,False,
coracina novaehollandiae,project_echo_bucket_3__region_9.100-10.550.mp3,False,
coracina novaehollandiae,project_echo_bucket_3__region_30.000-32.000.mp3,False,
coracina novaehollandiae,project_echo_bucket_3__region_122.000-124.000.mp3,False,
anthochaera phrygia,project_echo_bucket_3__region_205.700-207.700.mp3,False,
anthochaera phrygia,project_echo_bucket_2__region_0.050-2.050.mp3,False,
anthochaera phrygia,project_echo_bucket_1__region_92.700-94.350.wav,False,
anthochaera phrygia,project_echo_bucket_3__region_33.700-35.700.mp3,False,
anthochaera phrygia,project_echo_bucket_2__region_180.600-182.000.mp3,False,
anthochaera phrygia,project_echo_bucket_2__region_212.250-214.250.mp3,False,
anthochaera phrygia,project_echo_bucket_2__region_4.550-6.550.mp3,False,
anthochaera phrygia,project_echo_bucket_3__region_180.600-182.000.mp3,False,
anthochaera phrygia,project_echo_bucket_3__region_92.700-94.350.mp3,False,
anthochaera phrygia,project_echo_bucket_3__region_143.250-145.250.mp3,False,
anthochaera phrygia,project_echo_bucket_2__region_86.300-87.650.mp3,False,
anthochaera phrygia,project_echo_bucket_2__region_154.000-155.850.mp3,False,
anthochaera phrygia,project_echo_bucket_3__region_9.900-11.900.mp3,False,
anthochaera phrygia,project_echo_bucket_2__region_108.400-110.350.mp3,False,
anthochaera phrygia,project_echo_bucket_2__region_143.250-145.250.mp3,False,
anthochaera phrygia,project_echo_bucket_3__region_212.250-214.250.mp3,False,
anthochaera phrygia,project_echo_bucket_3__region_0.800-2.800.mp3,False,
anthochaera phrygia,project_echo_bucket_2__region_9.900-11.900.mp3,False,
anthochaera phrygia,project_echo_bucket_3__region_28.750-30.750.mp3,False,
anthochaera phrygia,project_echo_bucket_2__region_246.900-248.300.mp3,False,
anthochaera phrygia,project_echo_bucket_3__region_48.650-50.050.mp3,False,
anthochaera phrygia,project_echo_bucket_3__region_58.800-60.800.mp3,False,
anthochaera phrygia,project_echo_bucket_3__region_108.400-110.350.mp3,False,
anthochaera phrygia,project_echo_bucket_3__region_234.650-236.150.mp3,False,
anthochaera phrygia,project_echo_bucket_2__region_32.950-34.950.mp3,False,
anthochaera phrygia,project_echo_bucket_2__region_205.700-207.700.mp3,False,
anthochaera phrygia,project_echo_bucket_2__region_196.450-197.950.mp3,False,
anthochaera phrygia,project_echo_bucket_2__region_1.900-3.900.mp3,False,
anthochaera phrygia,project_echo_bucket_2__region_122.000-124.000.mp3,False,
anthochaera phrygia,project_echo_bucket_2__region_28.750-30.750.mp3,False,
anthochaera phrygia,project_echo_bucket_1__region_28.700-30.100.wav,False,
anthochaera phrygia,project_echo_bucket_3__region_4.550-6.550.mp3,False,
anthochaera phrygia,project_echo_bucket_3__region_28.700-30.100.mp3,False,
anthochaera phrygia,project_echo_bucket_3__region_30.000-32.000.mp3,False,
anthochaera phrygia,project_echo_bucket_3__region_1.900-3.900.mp3,False,
anthochaera phrygia,project_echo_bucket_3__region_86.300-87.650.mp3,False,
acanthiza lineata,project_echo_bucket_2__region_18.050-20.050.mp3,False,
acanthiza lineata,project_echo_bucket_2__region_0.700-2.700.mp3,False,
acanthiza lineata,project_echo_bucket_3__region_2.700-4.700.mp3,False,
acanthiza lineata,project_echo_bucket_3__region_18.050-20.050.mp3,False,
acanthiza lineata,project_echo_bucket_3__region_48.350-50.200.mp3,False,
acanthiza lineata,project_echo_bucket_2__region_46.400-48.100.mp3,False,
acanthiza lineata,project_echo_bucket_3__region_9.200-11.200.mp3,False,
acanthiza lineata,project_echo_bucket_2__region_4.050-6.050.mp3,False,
acanthiza lineata,project_echo_bucket_3__region_32.000-34.000.mp3,False,
acanthiza lineata,project_echo_bucket_3__region_5.200-7.200.mp3,False,
acanthiza lineata,project_echo_bucket_3__region_16.000-18.000.mp3,False,
acanthiza lineata,project_echo_bucket_2__region_48.350-50.200.mp3,False,
acanthiza lineata,project_echo_bucket_2__region_5.200-7.200.mp3,False,
acanthiza lineata,project_echo_bucket_2__region_20.050-22.050.mp3,False,
acanthiza lineata,project_echo_bucket_3__region_22.050-24.050.mp3,False,
acanthiza lineata,project_echo_bucket_3__region_20.050-22.050.mp3,False,
acanthiza lineata,project_echo_bucket_3__region_8.050-10.050.mp3,False,
acanthiza lineata,project_echo_bucket_3__region_34.000-36.000.mp3,False,
acanthiza lineata,project_echo_bucket_3__region_0.700-2.700.mp3,False,
acanthiza lineata,project_echo_bucket_3__region_4.050-6.050.mp3,False,
acanthiza lineata,project_echo_bucket_2__region_16.000-18.000.mp3,False,
acanthiza lineata,project_echo_bucket_2__region_24.050-26.050.mp3,False,
acanthiza lineata,project_echo_bucket_3__region_6.050-8.050.mp3,False,
acanthiza lineata,project_echo_bucket_2__region_6.050-8.050.mp3,False,
acanthiza lineata,project_echo_bucket_3__region_50.450-52.150.mp3,False,
acanthiza lineata,project_echo_bucket_3__region_22.900-24.900.mp3,False,
acanthiza lineata,project_echo_bucket_3__region_38.850-40.850.mp3,False,
acanthiza lineata,project_echo_bucket_2__region_32.000-34.000.mp3,False,
acanthiza lineata,project_echo_bucket_3__region_18.000-20.000.mp3,False,
acanthiza lineata,project_echo_bucket_3__region_26.900-28.900.mp3,False,
acanthiza lineata,project_echo_bucket_3__region_44.450-46.150.mp3,False,
acanthiza lineata,project_echo_bucket_3__region_40.450-42.450.mp3,False,
acanthiza lineata,project_echo_bucket_2__region_38.450-40.450.mp3,False,
acanthiza lineata,project_echo_bucket_1__region_34.000-36.000.wav,False,
acanthiza lineata,project_echo_bucket_2__region_40.450-42.450.mp3,False,
acanthiza lineata,project_echo_bucket_2__region_22.900-24.900.mp3,False,
gallinula tenebrosa,project_echo_bucket_2__region_40.150-42.150.mp3,False,
gallinula tenebrosa,project_echo_bucket_2__region_56.150-58.150.mp3,False,
gallinula tenebrosa,project_echo_bucket_2__region_31.550-33.550.mp3,False,
gallinula tenebrosa,project_echo_bucket_3__region_18.100-19.600.mp3,False,
gallinula tenebrosa,project_echo_bucket_3__region_31.550-33.550.mp3,False,
gallinula tenebrosa,project_echo_bucket_2__region_46.150-48.150.mp3,False,
gallinula tenebrosa,project_echo_bucket_2__region_50.150-52.150.mp3,False,
gallinula tenebrosa,project_echo_bucket_2__region_48.150-50.150.mp3,False,
gallinula tenebrosa,project_echo_bucket_2__region_66.150-68.150.mp3,False,
gallinula tenebrosa,project_echo_bucket_3__region_0.600-2.250.mp3,False,
gallinula tenebrosa,project_echo_bucket_3__region_3.050-4.200.mp3,False,
gallinula tenebrosa,project_echo_bucket_3__region_70.150-72.150.mp3,False,
gallinula tenebrosa,project_echo_bucket_3__region_60.000-61.250.mp3,False,
gallinula tenebrosa,project_echo_bucket_3__region_48.150-50.150.mp3,False,
gallinula tenebrosa,project_echo_bucket_3__region_58.150-60.150.mp3,False,
gallinula tenebrosa,project_echo_bucket_2__region_58.150-60.150.mp3,False,
gallinula tenebrosa,project_echo_bucket_1__region_60.000-61.250.wav,False,
gallinula tenebrosa,project_echo_bucket_3__region_46.150-48.150.mp3,False,
gallinula tenebrosa,project_echo_bucket_2__region_78.150-80.150.mp3,False,
gallinula tenebrosa,project_echo_bucket_2__region_0.600-2.250.mp3,False,
gallinula tenebrosa,project_echo_bucket_3__region_0.000-2.000.mp3,False,
gallinula tenebrosa,project_echo_bucket_3__region_3.000-4.800.mp3,False,
gallinula tenebrosa,project_echo_bucket_3__region_34.150-36.150.mp3,False,
gallinula tenebrosa,project_echo_bucket_3__region_4.050-6.050.mp3,False,
gallinula tenebrosa,project_echo_bucket_3__region_40.150-42.150.mp3,False,
gallinula tenebrosa,project_echo_bucket_2__region_3.000-4.800.mp3,False,
gallinula tenebrosa,project_echo_bucket_2__region_2.100-4.100.mp3,False,
gallinula tenebrosa,project_echo_bucket_2__region_0.000-2.000.mp3,False,
gallinula tenebrosa,project_echo_bucket_2__region_3.050-4.200.mp3,False,
gallinula tenebrosa,project_echo_bucket_3__region_1.000-3.000.mp3,False,
gallinula tenebrosa,project_echo_bucket_3__region_78.150-80.150.mp3,False,
gallinula tenebrosa,project_echo_bucket_2__region_54.150-56.150.mp3,False,
gallinula tenebrosa,project_echo_bucket_2__region_0.750-2.750.mp3,False,
gallinula tenebrosa,project_echo_bucket_3__region_50.150-52.150.mp3,False,
gallinula tenebrosa,project_echo_bucket_2__region_2.750-4.750.mp3,False,
gallinula tenebrosa,project_echo_bucket_2__region_1.000-3.000.mp3,False,
calyptorhynchus banksii,project_echo_bucket_2__region_30.050-32.000.mp3,False,
calyptorhynchus banksii,project_echo_bucket_3__region_41.750-43.750.mp3,False,
calyptorhynchus banksii,project_echo_bucket_2__region_6.600-8.600.mp3,False,
calyptorhynchus banksii,project_echo_bucket_3__region_123.000-125.000.mp3,False,
calyptorhynchus banksii,project_echo_bucket_3__region_27.200-28.600.mp3,False,
calyptorhynchus banksii,project_echo_bucket_3__region_37.950-39.700.mp3,False,
calyptorhynchus banksii,project_echo_bucket_2__region_131.000-133.000.mp3,False,
calyptorhynchus banksii,project_echo_bucket_3__region_109.000-111.000.mp3,False,
calyptorhynchus banksii,project_echo_bucket_2__region_123.000-125.000.mp3,False,
calyptorhynchus banksii,project_echo_bucket_3__region_20.250-21.500.mp3,False,
calyptorhynchus banksii,project_echo_bucket_3__region_117.000-119.000.mp3,False,
calyptorhynchus banksii,project_echo_bucket_3__region_6.150-8.150.mp3,False,
calyptorhynchus banksii,project_echo_bucket_3__region_127.000-129.000.mp3,False,
calyptorhynchus banksii,project_echo_bucket_3__region_14.350-16.350.mp3,False,
calyptorhynchus banksii,project_echo_bucket_1__region_109.000-111.000.wav,False,
calyptorhynchus banksii,project_echo_bucket_3__region_26.900-28.550.mp3,False,
calyptorhynchus banksii,project_echo_bucket_2__region_41.750-43.750.mp3,False,
calyptorhynchus banksii,project_echo_bucket_1__region_4.700-6.150.wav,False,
calyptorhynchus banksii,project_echo_bucket_2__region_117.000-119.000.mp3,False,
calyptorhynchus banksii,project_echo_bucket_3__region_46.700-48.350.mp3,False,
calyptorhynchus banksii,project_echo_bucket_3__region_97.600-99.600.mp3,False,
calyptorhynchus banksii,project_echo_bucket_1__region_46.700-48.350.wav,False,
calyptorhynchus banksii,project_echo_bucket_3__region_131.000-133.000.mp3,False,
calyptorhynchus banksii,project_echo_bucket_2__region_26.900-28.550.mp3,False,
calyptorhynchus banksii,project_echo_bucket_3__region_28.050-30.050.mp3,False,
calyptorhynchus banksii,project_echo_bucket_2__region_97.600-99.600.mp3,False,
calyptorhynchus banksii,project_echo_bucket_3__region_133.000-134.600.mp3,False,
calyptorhynchus banksii,project_echo_bucket_3__region_76.200-78.200.mp3,False,
calyptorhynchus banksii,project_echo_bucket_3__region_45.650-46.900.mp3,False,
calyptorhynchus banksii,project_echo_bucket_2__region_129.000-131.000.mp3,False,
calyptorhynchus banksii,project_echo_bucket_3__region_6.600-8.600.mp3,False,
calyptorhynchus banksii,project_echo_bucket_3__region_31.150-33.150.mp3,False,
calyptorhynchus banksii,project_echo_bucket_2__region_20.250-21.500.mp3,False,
calyptorhynchus banksii,project_echo_bucket_2__region_22.500-24.000.mp3,False,
corvus mellori,project_echo_bucket_2__region_31.650-33.650.mp3,False,
corvus mellori,project_echo_bucket_2__region_96.700-97.900.mp3,False,
corvus mellori,project_echo_bucket_3__region_3.650-5.650.mp3,False,
corvus mellori,project_echo_bucket_2__region_6.250-8.250.mp3,False,
corvus mellori,project_echo_bucket_3__region_123.300-125.300.mp3,False,
corvus mellori,project_echo_bucket_1__region_30.000-32.000.wav,False,
corvus mellori,project_echo_bucket_2__region_4.050-5.200.mp3,False,
corvus mellori,project_echo_bucket_3__region_12.050-14.050.mp3,False,
corvus mellori,project_echo_bucket_3__region_22.450-24.450.mp3,False,
corvus mellori,project_echo_bucket_3__region_13.450-15.400.mp3,False,
corvus mellori,project_echo_bucket_3__region_8.050-10.050.mp3,False,
corvus mellori,project_echo_bucket_2__region_125.300-127.300.mp3,False,
corvus mellori,project_echo_bucket_3__region_31.650-33.650.mp3,False,
corvus mellori,project_echo_bucket_3__region_96.700-97.900.mp3,False,
corvus mellori,project_echo_bucket_2__region_3.650-5.650.mp3,False,
corvus mellori,project_echo_bucket_3__region_16.050-18.050.mp3,False,
corvus mellori,project_echo_bucket_2__region_12.050-14.050.mp3,False,
corvus mellori,project_echo_bucket_2__region_0.000-2.000.mp3,False,
corvus mellori,project_echo_bucket_3__region_5.250-7.250.mp3,False,
corvus mellori,project_echo_bucket_2__region_22.450-24.450.mp3,False,
corvus mellori,project_echo_bucket_3__region_89.350-90.800.mp3,False,
corvus mellori,project_echo_bucket_2__region_89.350-90.800.mp3,False,
corvus mellori,project_echo_bucket_2__region_4.150-6.150.mp3,False,
corvus mellori,project_echo_bucket_3__region_2.000-4.000.mp3,False,
corvus mellori,project_echo_bucket_2__region_5.250-7.250.mp3,False,
corvus mellori,project_echo_bucket_2__region_13.450-15.400.mp3,False,
corvus mellori,project_echo_bucket_2__region_100.050-101.600.mp3,False,
corvus mellori,project_echo_bucket_3__region_4.050-5.200.mp3,False,
corvus mellori,project_echo_bucket_3__region_0.050-2.050.mp3,False,
corvus mellori,project_echo_bucket_2__region_31.100-33.100.mp3,False,
corvus mellori,project_echo_bucket_2__region_17.100-19.100.mp3,False,
corvus mellori,project_echo_bucket_3__region_30.000-32.000.mp3,False,
corvus mellori,project_echo_bucket_3__region_19.100-20.200.mp3,False,
corvus mellori,project_echo_bucket_2__region_2.450-4.450.mp3,False,
artamus cinereus,project_echo_bucket_2__region_122.300-124.300.mp3,False,
artamus cinereus,project_echo_bucket_1__region_22.050-24.050.wav,False,
artamus cinereus,project_echo_bucket_3__region_93.150-95.050.mp3,False,
artamus cinereus,project_echo_bucket_2__region_19.950-21.700.mp3,False,
artamus cinereus,project_echo_bucket_3__region_122.300-124.300.mp3,False,
artamus cinereus,project_echo_bucket_2__region_95.200-97.200.mp3,False,
artamus cinereus,project_echo_bucket_3__region_76.500-78.500.mp3,False,
artamus cinereus,project_echo_bucket_2__region_20.500-21.900.mp3,False,
artamus cinereus,project_echo_bucket_2__region_55.250-57.050.mp3,False,
artamus cinereus,project_echo_bucket_3__region_31.650-33.650.mp3,False,
artamus cinereus,project_echo_bucket_3__region_50.900-52.250.mp3,False,
artamus cinereus,project_echo_bucket_2__region_97.250-98.250.mp3,False,
artamus cinereus,project_echo_bucket_3__region_42.800-44.800.mp3,False,
artamus cinereus,project_echo_bucket_3__region_53.750-55.100.mp3,False,
artamus cinereus,project_echo_bucket_3__region_26.050-28.050.mp3,False,
artamus cinereus,project_echo_bucket_2__region_67.150-69.000.mp3,False,
artamus cinereus,project_echo_bucket_3__region_1.650-2.900.mp3,False,
artamus cinereus,project_echo_bucket_2__region_24.050-26.050.mp3,False,
artamus cinereus,project_echo_bucket_3__region_55.250-57.050.mp3,False,
artamus cinereus,project_echo_bucket_2__region_50.900-52.250.mp3,False,
artamus cinereus,project_echo_bucket_3__region_24.050-26.050.mp3,False,
artamus cinereus,project_echo_bucket_3__region_11.950-13.750.mp3,False,
artamus cinereus,project_echo_bucket_2__region_1.650-2.850.mp3,False,
artamus cinereus,project_echo_bucket_3__region_40.250-42.250.mp3,False,
artamus cinereus,project_echo_bucket_2__region_53.750-55.100.mp3,False,
artamus cinereus,project_echo_bucket_3__region_2.850-4.550.mp3,False,
artamus cinereus,project_echo_bucket_1__region_2.850-4.550.wav,False,
artamus cinereus,project_echo_bucket_1__region_93.150-95.050.wav,False,
artamus cinereus,project_echo_bucket_2__region_126.450-128.450.mp3,False,
artamus cinereus,project_echo_bucket_2__region_26.050-28.050.mp3,False,
pitta versicolor,project_echo_bucket_3__region_80.300-81.700.mp3,False,
pitta versicolor,project_echo_bucket_3__region_34.500-36.500.mp3,False,
pitta versicolor,project_echo_bucket_2__region_37.750-39.000.mp3,False,
pitta versicolor,project_echo_bucket_3__region_37.750-39.000.mp3,False,
pitta versicolor,project_echo_bucket_2__region_4.950-6.750.mp3,False,
pitta versicolor,project_echo_bucket_2__region_80.300-81.700.mp3,False,
pitta versicolor,project_echo_bucket_2__region_19.850-21.600.mp3,False,
pitta versicolor,project_echo_bucket_3__region_5.600-7.600.mp3,False,
pitta versicolor,project_echo_bucket_2__region_1.450-2.950.mp3,False,
pitta versicolor,project_echo_bucket_2__region_49.300-50.600.mp3,False,
pitta versicolor,project_echo_bucket_2__region_1.250-3.250.mp3,False,
pitta versicolor,project_echo_bucket_2__region_44.150-45.550.mp3,False,
pitta versicolor,project_echo_bucket_2__region_49.600-50.950.mp3,False,
pitta versicolor,project_echo_bucket_2__region_92.900-94.300.mp3,False,
pitta versicolor,project_echo_bucket_3__region_44.150-45.550.mp3,False,
pitta versicolor,project_echo_bucket_3__region_92.900-94.300.mp3,False,
pitta versicolor,project_echo_bucket_3__region_11.900-13.700.mp3,False,
pitta versicolor,project_echo_bucket_2__region_9.250-10.650.mp3,False,
pitta versicolor,project_echo_bucket_3__region_22.900-24.900.mp3,False,
pitta versicolor,project_echo_bucket_3__region_1.450-2.950.mp3,False,
pitta versicolor,project_echo_bucket_3__region_20.950-22.350.mp3,False,
pitta versicolor,project_echo_bucket_3__region_45.400-46.950.mp3,False,
pitta versicolor,project_echo_bucket_3__region_1.250-3.250.mp3,False,
pitta versicolor,project_echo_bucket_3__region_52.000-54.000.mp3,False,
pitta versicolor,project_echo_bucket_2__region_11.900-13.700.mp3,False,
pitta versicolor,project_echo_bucket_3__region_4.950-6.750.mp3,False,
pitta versicolor,project_echo_bucket_2__region_23.400-25.400.mp3,False,
pitta versicolor,project_echo_bucket_1__region_5.600-7.600.wav,False,
pitta versicolor,project_echo_bucket_3__region_23.400-25.400.mp3,False,
pitta versicolor,project_echo_bucket_3__region_19.850-21.600.mp3,False,
pezoporus wallicus,project_echo_bucket_2__Ground_Parrot (1).mp3,False,
pezoporus wallicus,project_echo_bucket_2__Ground_Parrot (2).mp3,False,
pezoporus wallicus,project_echo_bucket_1__region_2.050-4.000.wav,False,
pezoporus wallicus,project_echo_bucket_2__region_0.050-2.050.mp3,False,
pezoporus wallicus,project_echo_bucket_2__Ground_Parrot (6).mp3,False,
pezoporus wallicus,project_echo_bucket_3__Ground_Parrot (6).wav,False,
pezoporus wallicus,project_echo_bucket_3__region_5.200-7.100.mp3,False,
pezoporus wallicus,project_echo_bucket_2__region_26.300-28.300.mp3,False,
pezoporus wallicus,project_echo_bucket_3__Ground_Parrot (5).wav,False,
pezoporus wallicus,project_echo_bucket_2__region_20.050-22.050.mp3,False,
pezoporus wallicus,project_echo_bucket_3__region_22.050-24.050.mp3,False,
pezoporus wallicus,project_echo_bucket_3__Ground_Parrot (18).wav,False,
pezoporus wallicus,project_echo_bucket_2__Ground_Parrot (3).mp3,False,
pezoporus wallicus,project_echo_bucket_2__region_49.650-51.100.mp3,False,
pezoporus wallicus,project_echo_bucket_2__region_43.750-45.750.mp3,False,
pezoporus wallicus,project_echo_bucket_2__region_5.200-7.100.mp3,False,
pezoporus wallicus,project_echo_bucket_2__region_48.850-50.850.mp3,False,
pezoporus wallicus,project_echo_bucket_3__region_43.750-45.750.mp3,False,
pezoporus wallicus,project_echo_bucket_3__region_2.050-4.000.mp3,False,
pezoporus wallicus,project_echo_bucket_3__Ground_Parrot (13).wav,False,
pezoporus wallicus,project_echo_bucket_3__region_1.800-3.600.mp3,False,
pezoporus wallicus,project_echo_bucket_3__region_0.050-2.050.mp3,False,
pezoporus wallicus,project_echo_bucket_3__region_24.050-26.050.mp3,False,
pezoporus wallicus,project_echo_bucket_3__Ground_Parrot (3).wav,False,
pezoporus wallicus,project_echo_bucket_3__Ground_Parrot (12).wav,False,
pezoporus wallicus,project_echo_bucket_2__Ground_Parrot (18).mp3,False,
pezoporus wallicus,project_echo_bucket_3__region_49.650-51.100.mp3,False,
pezoporus wallicus,project_echo_bucket_3__Ground_Parrot (2).wav,False,
pezoporus wallicus,project_echo_bucket_3__region_6.400-8.400.mp3,False,
pezoporus wallicus,project_echo_bucket_2__region_22.050-24.050.mp3,False,
phaps elegans,project_echo_bucket_2__region_9.150-10.550.mp3,False,
phaps elegans,project_echo_bucket_2__region_27.350-29.350.mp3,False,
phaps elegans,project_echo_bucket_3__region_33.350-35.350.mp3,False,
phaps elegans,project_echo_bucket_3__region_29.350-31.350.mp3,False,
phaps elegans,project_echo_bucket_3__region_0.950-2.950.mp3,False,
phaps elegans,project_echo_bucket_2__region_33.350-35.350.mp3,False,
phaps elegans,project_echo_bucket_3__region_9.150-10.550.mp3,False,
phaps elegans,project_echo_bucket_2__region_31.350-33.350.mp3,False,
phaps elegans,project_echo_bucket_3__region_34.000-36.000.mp3,False,
phaps elegans,project_echo_bucket_2__region_74.000-76.000.mp3,False,
phaps elegans,project_echo_bucket_2__region_0.950-2.950.mp3,False,
phaps elegans,project_echo_bucket_2__region_6.900-8.400.mp3,False,
phaps elegans,project_echo_bucket_3__region_0.000-2.000.mp3,False,
phaps elegans,project_echo_bucket_3__region_74.000-76.000.mp3,False,
phaps elegans,project_echo_bucket_1__region_28.000-30.000.wav,False,
phaps elegans,project_echo_bucket_3__region_18.250-20.250.mp3,False,
phaps elegans,project_echo_bucket_3__region_5.250-7.250.mp3,False,
phaps elegans,project_echo_bucket_3__region_31.350-33.350.mp3,False,
phaps elegans,project_echo_bucket_3__region_35.350-36.851.mp3,False,
phaps elegans,project_echo_bucket_3__region_2.000-4.000.mp3,False,
phaps elegans,project_echo_bucket_3__region_10.000-12.000.mp3,False,
phaps elegans,project_echo_bucket_2__region_12.000-14.000.mp3,False,
phaps elegans,project_echo_bucket_3__region_7.450-8.750.mp3,False,
phaps elegans,project_echo_bucket_2__region_22.250-23.250.mp3,False,
phaps elegans,project_echo_bucket_2__region_25.350-27.350.mp3,False,
phaps elegans,project_echo_bucket_2__region_21.500-22.777.mp3,False,
phaps elegans,project_echo_bucket_2__region_23.350-25.350.mp3,False,
phaps elegans,project_echo_bucket_2__region_34.000-36.000.mp3,False,
phaps elegans,project_echo_bucket_3__region_9.150-10.550.mp3,True,project_echo_bucket_3__region_9.150-10.550.mp3
phaps elegans,project_echo_bucket_3__region_2.000-4.000.mp3,True,project_echo_bucket_3__region_2.000-4.000.mp3
petroica rosea,project_echo_bucket_3__region_44.950-46.950.mp3,False,
petroica rosea,project_echo_bucket_2__region_44.950-46.950.mp3,False,
petroica rosea,project_echo_bucket_2__region_15.750-17.750.mp3,False,
petroica rosea,project_echo_bucket_2__region_2.000-3.885.mp3,False,
petroica rosea,project_echo_bucket_3__region_62.400-64.400.mp3,False,
petroica rosea,project_echo_bucket_2__region_77.200-79.200.mp3,False,
petroica rosea,project_echo_bucket_3__region_4.100-5.750.mp3,False,
petroica rosea,project_echo_bucket_2__region_36.950-38.950.mp3,False,
petroica rosea,project_echo_bucket_1__region_49.500-51.500.wav,False,
petroica rosea,project_echo_bucket_3__region_36.950-38.950.mp3,False,
petroica rosea,project_echo_bucket_3__region_63.100-65.100.mp3,False,
petroica rosea,project_echo_bucket_2__region_117.200-119.200.mp3,False,
petroica rosea,project_echo_bucket_3__region_15.750-17.750.mp3,False,
petroica rosea,project_echo_bucket_3__region_47.650-49.650.mp3,False,
petroica rosea,project_echo_bucket_3__region_56.050-58.050.mp3,False,
petroica rosea,project_echo_bucket_2__region_56.050-58.050.mp3,False,
petroica rosea,project_echo_bucket_3__region_38.600-40.600.mp3,False,
petroica rosea,project_echo_bucket_3__region_25.300-27.300.mp3,False,
petroica rosea,project_echo_bucket_1__region_40.650-42.650.wav,False,
petroica rosea,project_echo_bucket_1__region_1.450-3.450.wav,False,
petroica rosea,project_echo_bucket_3__region_29.900-31.900.mp3,False,
petroica rosea,project_echo_bucket_3__region_1.450-3.450.mp3,False,
petroica rosea,project_echo_bucket_2__region_38.600-40.600.mp3,False,
petroica rosea,project_echo_bucket_2__region_47.650-49.650.mp3,False,
petroica rosea,project_echo_bucket_3__region_4.300-6.300.mp3,False,
petroica rosea,project_echo_bucket_3__region_15.050-17.050.mp3,False,
petroica rosea,project_echo_bucket_2__region_4.100-5.750.mp3,False,
petroica rosea,project_echo_bucket_3__region_40.650-42.650.mp3,False,
petroica rosea,project_echo_bucket_3__region_4.100-5.750.mp3,True,project_echo_bucket_3__region_4.100-5.750.mp3
petroica rosea,project_echo_bucket_1__region_1.450-3.450.wav,True,project_echo_bucket_1__region_1.450-3.450.wav
antigone rubicunda,project_echo_bucket_2__region_41.500-43.500.mp3,False,
antigone rubicunda,project_echo_bucket_2__region_7.550-9.550.mp3,False,
antigone rubicunda,project_echo_bucket_2__region_19.550-21.550.mp3,False,
antigone rubicunda,project_echo_bucket_2__region_9.250-11.250.mp3,False,
antigone rubicunda,project_echo_bucket_2__region_39.500-41.500.mp3,False,
antigone rubicunda,project_echo_bucket_3__region_31.500-33.500.mp3,False,
antigone rubicunda,project_echo_bucket_1__region_37.500-39.500.wav,False,
antigone rubicunda,project_echo_bucket_2__region_13.250-15.250.mp3,False,
antigone rubicunda,project_echo_bucket_3__region_19.550-21.550.mp3,False,
antigone rubicunda,project_echo_bucket_2__region_35.500-37.500.mp3,False,
antigone rubicunda,project_echo_bucket_3__region_13.550-15.550.mp3,False,
antigone rubicunda,project_echo_bucket_3__region_11.550-13.550.mp3,False,
antigone rubicunda,project_echo_bucket_2__region_13.550-15.550.mp3,False,
antigone rubicunda,project_echo_bucket_2__region_7.250-9.250.mp3,False,
antigone rubicunda,project_echo_bucket_2__region_13.300-15.300.mp3,False,
antigone rubicunda,project_echo_bucket_3__region_5.250-7.250.mp3,False,
antigone rubicunda,project_echo_bucket_3__region_13.300-15.300.mp3,False,
antigone rubicunda,project_echo_bucket_3__region_7.300-9.300.mp3,False,
antigone rubicunda,project_echo_bucket_2__region_11.550-13.550.mp3,False,
antigone rubicunda,project_echo_bucket_2__region_11.300-13.300.mp3,False,
antigone rubicunda,project_echo_bucket_3__region_7.250-9.250.mp3,False,
antigone rubicunda,project_echo_bucket_3__region_1.250-3.250.mp3,False,
antigone rubicunda,project_echo_bucket_1__region_1.250-3.250.wav,False,
antigone rubicunda,project_echo_bucket_3__region_11.300-13.300.mp3,False,
antigone rubicunda,project_echo_bucket_3__region_9.250-11.250.mp3,False,
antigone rubicunda,project_echo_bucket_3__region_35.500-37.500.mp3,False,
antigone rubicunda,project_echo_bucket_2__region_11.250-13.250.mp3,False,
antigone rubicunda,project_echo_bucket_3__region_7.550-9.550.mp3,False,
antigone rubicunda,project_echo_bucket_1__region_37.500-39.500.wav,True,project_echo_bucket_1__region_37.500-39.500.wav
antigone rubicunda,project_echo_bucket_2__region_11.300-13.300.mp3,True,project_echo_bucket_2__region_11.300-13.300.mp3
irediparra gallinacea,project_echo_bucket_1__region_56.050-58.050.wav,False,
irediparra gallinacea,project_echo_bucket_3__region_6.300-8.300.mp3,False,
irediparra gallinacea,project_echo_bucket_3__region_62.400-64.400.mp3,False,
irediparra gallinacea,project_echo_bucket_3__region_70.400-72.400.mp3,False,
irediparra gallinacea,project_echo_bucket_3__region_21.000-23.000.mp3,False,
irediparra gallinacea,project_echo_bucket_2__region_54.050-56.050.mp3,False,
irediparra gallinacea,project_echo_bucket_3__region_26.950-28.950.mp3,False,
irediparra gallinacea,project_echo_bucket_2__region_74.400-76.400.mp3,False,
irediparra gallinacea,project_echo_bucket_3__region_45.050-47.050.mp3,False,
irediparra gallinacea,project_echo_bucket_3__region_0.900-2.900.mp3,False,
irediparra gallinacea,project_echo_bucket_1__region_4.900-6.900.wav,False,
irediparra gallinacea,project_echo_bucket_3__region_74.400-76.400.mp3,False,
irediparra gallinacea,project_echo_bucket_2__region_70.400-72.400.mp3,False,
irediparra gallinacea,project_echo_bucket_2__region_26.150-28.150.mp3,False,
irediparra gallinacea,project_echo_bucket_2__region_6.300-8.300.mp3,False,
irediparra gallinacea,project_echo_bucket_3__region_19.000-21.000.mp3,False,
irediparra gallinacea,project_echo_bucket_2__region_17.000-19.000.mp3,False,
irediparra gallinacea,project_echo_bucket_3__region_60.050-61.850.mp3,False,
irediparra gallinacea,project_echo_bucket_3__region_26.150-28.150.mp3,False,
irediparra gallinacea,project_echo_bucket_3__region_6.900-8.900.mp3,False,
irediparra gallinacea,project_echo_bucket_2__region_26.950-28.950.mp3,False,
irediparra gallinacea,project_echo_bucket_2__region_68.400-70.400.mp3,False,
irediparra gallinacea,project_echo_bucket_2__region_21.000-23.000.mp3,False,
irediparra gallinacea,project_echo_bucket_3__region_17.000-19.000.mp3,False,
irediparra gallinacea,project_echo_bucket_2__region_30.950-32.950.mp3,False,
irediparra gallinacea,project_echo_bucket_2__region_58.050-60.050.mp3,False,
irediparra gallinacea,project_echo_bucket_2__region_6.900-8.900.mp3,False,
irediparra gallinacea,project_echo_bucket_3__region_15.000-17.000.mp3,False,
irediparra gallinacea,project_echo_bucket_3__region_26.950-28.950.mp3,True,project_echo_bucket_3__region_26.950-28.950.mp3
irediparra gallinacea,project_echo_bucket_3__region_6.900-8.900.mp3,True,project_echo_bucket_3__region_6.900-8.900.mp3
artamus cyanopterus,project_echo_bucket_2__region_17.450-19.450.mp3,False,
artamus cyanopterus,project_echo_bucket_3__region_27.450-29.450.mp3,False,
artamus cyanopterus,project_echo_bucket_1__region_27.450-29.450.wav,False,
artamus cyanopterus,project_echo_bucket_2__region_25.450-27.450.mp3,False,
artamus cyanopterus,project_echo_bucket_3__region_52.550-54.550.mp3,False,
artamus cyanopterus,project_echo_bucket_2__region_23.450-25.450.mp3,False,
artamus cyanopterus,project_echo_bucket_2__region_41.750-43.000.mp3,False,
artamus cyanopterus,project_echo_bucket_2__region_6.250-8.250.mp3,False,
artamus cyanopterus,project_echo_bucket_1__region_2.250-4.250.wav,False,
artamus cyanopterus,project_echo_bucket_3__region_17.450-19.450.mp3,False,
artamus cyanopterus,project_echo_bucket_3__region_12.050-14.050.mp3,False,
artamus cyanopterus,project_echo_bucket_3__region_39.750-41.750.mp3,False,
artamus cyanopterus,project_echo_bucket_2__region_19.450-21.450.mp3,False,
artamus cyanopterus,project_echo_bucket_3__region_23.450-25.450.mp3,False,
artamus cyanopterus,project_echo_bucket_2__region_27.400-29.400.mp3,False,
artamus cyanopterus,project_echo_bucket_2__region_44.550-46.550.mp3,False,
artamus cyanopterus,project_echo_bucket_3__region_44.550-46.550.mp3,False,
artamus cyanopterus,project_echo_bucket_3__region_50.550-52.550.mp3,False,
artamus cyanopterus,project_echo_bucket_2__region_50.550-52.550.mp3,False,
artamus cyanopterus,project_echo_bucket_2__region_12.050-14.050.mp3,False,
artamus cyanopterus,project_echo_bucket_3__region_48.550-50.550.mp3,False,
artamus cyanopterus,project_echo_bucket_2__region_52.550-54.550.mp3,False,
artamus cyanopterus,project_echo_bucket_1__region_0.250-2.250.wav,False,
artamus cyanopterus,project_echo_bucket_3__region_25.450-27.450.mp3,False,
artamus cyanopterus,project_echo_bucket_2__region_21.450-23.450.mp3,False,
artamus cyanopterus,project_echo_bucket_3__region_4.250-6.250.mp3,False,
artamus cyanopterus,project_echo_bucket_2__region_41.750-43.000.mp3,True,project_echo_bucket_2__region_41.750-43.000.mp3
artamus cyanopterus,project_echo_bucket_2__region_12.050-14.050.mp3,True,project_echo_bucket_2__region_12.050-14.050.mp3
artamus cyanopterus,project_echo_bucket_2__region_27.400-29.400.mp3,True,project_echo_bucket_2__region_27.400-29.400.mp3
artamus cyanopterus,project_echo_bucket_3__region_12.050-14.050.mp3,True,project_echo_bucket_3__region_12.050-14.050.mp3
alauda arvensis,project_echo_bucket_3__region_12.000-14.000.mp3,False,
alauda arvensis,project_echo_bucket_2__region_14.000-16.000.mp3,False,
alauda arvensis,project_echo_bucket_2__region_3.900-5.900.mp3,False,
alauda arvensis,project_echo_bucket_3__region_7.900-9.900.mp3,False,
alauda arvensis,project_echo_bucket_3__region_3.900-5.900.mp3,False,
alauda arvensis,project_echo_bucket_3__region_9.900-11.900.mp3,False,
alauda arvensis,project_echo_bucket_2__region_7.900-9.900.mp3,False,
alauda arvensis,project_echo_bucket_1__region_13.900-15.900.wav,False,
alauda arvensis,project_echo_bucket_2__region_4.000-6.000.mp3,False,
alauda arvensis,project_echo_bucket_3__region_14.000-16.000.mp3,False,
alauda arvensis,project_echo_bucket_2__region_9.900-11.900.mp3,False,
alauda arvensis,project_echo_bucket_3__region_0.000-2.000.mp3,False,
alauda arvensis,project_echo_bucket_2__region_0.000-2.000.mp3,False,
alauda arvensis,project_echo_bucket_3__region_15.900-17.900.mp3,False,
alauda arvensis,project_echo_bucket_1__region_70.050-72.050.wav,False,
alauda arvensis,project_echo_bucket_3__region_17.900-19.900.mp3,False,
alauda arvensis,project_echo_bucket_3__region_13.900-15.900.mp3,False,
alauda arvensis,project_echo_bucket_3__region_66.050-68.050.mp3,False,
alauda arvensis,project_echo_bucket_3__region_10.000-12.000.mp3,False,
alauda arvensis,project_echo_bucket_3__region_70.050-72.050.mp3,False,
alauda arvensis,project_echo_bucket_2__region_12.000-14.000.mp3,False,
alauda arvensis,project_echo_bucket_2__region_17.900-19.900.mp3,False,
alauda arvensis,project_echo_bucket_3__region_19.900-21.900.mp3,False,
alauda arvensis,project_echo_bucket_2__region_19.900-21.900.mp3,False,
alauda arvensis,project_echo_bucket_2__region_66.050-68.050.mp3,False,
alauda arvensis,project_echo_bucket_2__region_15.900-17.900.mp3,False,
alauda arvensis,project_echo_bucket_2__region_7.900-9.900.mp3,True,project_echo_bucket_2__region_7.900-9.900.mp3
alauda arvensis,project_echo_bucket_3__region_70.050-72.050.mp3,True,project_echo_bucket_3__region_70.050-72.050.mp3
alauda arvensis,project_echo_bucket_1__region_70.050-72.050.wav,True,project_echo_bucket_1__region_70.050-72.050.wav
alauda arvensis,project_echo_bucket_2__region_9.900-11.900.mp3,True,project_echo_bucket_2__region_9.900-11.900.mp3
ramsayornis fasciatus,project_echo_bucket_2__region_127.250-128.800.mp3,False,
ramsayornis fasciatus,project_echo_bucket_3__region_10.950-12.950.mp3,False,
ramsayornis fasciatus,project_echo_bucket_3__region_204.650-206.650.mp3,False,
ramsayornis fasciatus,project_echo_bucket_2__region_6.900-8.800.mp3,False,
ramsayornis fasciatus,project_echo_bucket_2__region_2.900-4.900.mp3,False,
ramsayornis fasciatus,project_echo_bucket_3__region_193.250-194.600.mp3,False,
ramsayornis fasciatus,project_echo_bucket_3__region_62.450-63.950.mp3,False,
ramsayornis fasciatus,project_echo_bucket_2__region_48.750-49.950.mp3,False,
ramsayornis fasciatus,project_echo_bucket_3__region_127.250-128.800.mp3,False,
ramsayornis fasciatus,project_echo_bucket_2__region_193.250-194.600.mp3,False,
ramsayornis fasciatus,project_echo_bucket_1__region_26.900-28.500.wav,False,
ramsayornis fasciatus,project_echo_bucket_3__region_72.500-73.800.mp3,False,
ramsayornis fasciatus,project_echo_bucket_2__region_6.850-8.850.mp3,False,
ramsayornis fasciatus,project_echo_bucket_3__region_6.900-8.800.mp3,False,
ramsayornis fasciatus,project_echo_bucket_2__region_204.650-206.650.mp3,False,
ramsayornis fasciatus,project_echo_bucket_1__region_10.950-12.950.wav,False,
ramsayornis fasciatus,project_echo_bucket_3__region_80.450-82.450.mp3,False,
ramsayornis fasciatus,project_echo_bucket_3__region_48.750-49.950.mp3,False,
ramsayornis fasciatus,project_echo_bucket_3__region_7.250-9.250.mp3,False,
ramsayornis fasciatus,project_echo_bucket_2__region_207.400-209.200.mp3,False,
ramsayornis fasciatus,project_echo_bucket_2__region_26.450-28.450.mp3,False,
ramsayornis fasciatus,project_echo_bucket_3__region_4.550-6.550.mp3,False,
ramsayornis fasciatus,project_echo_bucket_3__region_219.800-221.800.mp3,False,
ramsayornis fasciatus,project_echo_bucket_3__region_6.850-8.850.mp3,False,
ramsayornis fasciatus,project_echo_bucket_3__region_62.450-63.950.mp3,True,project_echo_bucket_3__region_62.450-63.950.mp3
ramsayornis fasciatus,project_echo_bucket_2__region_207.400-209.200.mp3,True,project_echo_bucket_2__region_207.400-209.200.mp3
ramsayornis fasciatus,project_echo_bucket_2__region_204.650-206.650.mp3,True,project_echo_bucket_2__region_204.650-206.650.mp3
ramsayornis fasciatus,project_echo_bucket_1__region_26.900-28.500.wav,True,project_echo_bucket_1__region_26.900-28.500.wav
ramsayornis fasciatus,project_echo_bucket_2__region_48.750-49.950.mp3,True,project_echo_bucket_2__region_48.750-49.950.mp3
ramsayornis fasciatus,project_echo_bucket_2__region_26.450-28.450.mp3,True,project_echo_bucket_2__region_26.450-28.450.mp3
lalage leucomela,project_echo_bucket_3__region_15.200-17.200.mp3,False,
lalage leucomela,project_echo_bucket_3__region_2.350-4.350.mp3,False,
lalage leucomela,project_echo_bucket_3__region_5.350-6.750.mp3,False,
lalage leucomela,project_echo_bucket_3__region_0.250-1.750.mp3,False,
lalage leucomela,project_echo_bucket_3__region_29.200-31.200.mp3,False,
lalage leucomela,project_echo_bucket_2__region_7.250-8.700.mp3,False,
lalage leucomela,project_echo_bucket_2__region_15.200-17.200.mp3,False,
lalage leucomela,project_echo_bucket_3__region_25.650-27.650.mp3,False,
lalage leucomela,project_echo_bucket_3__region_17.200-19.200.mp3,False,
lalage leucomela,project_echo_bucket_2__region_31.200-33.200.mp3,False,
lalage leucomela,project_echo_bucket_2__region_9.150-10.800.mp3,False,
lalage leucomela,project_echo_bucket_3__region_6.950-8.650.mp3,False,
lalage leucomela,project_echo_bucket_2__region_6.950-8.650.mp3,False,
lalage leucomela,project_echo_bucket_1__region_29.650-31.650.wav,False,
lalage leucomela,project_echo_bucket_2__region_23.650-25.650.mp3,False,
lalage leucomela,project_echo_bucket_2__region_27.650-29.650.mp3,False,
lalage leucomela,project_echo_bucket_2__region_17.200-19.200.mp3,False,
lalage leucomela,project_echo_bucket_2__region_5.350-6.750.mp3,False,
lalage leucomela,project_echo_bucket_3__region_11.200-13.200.mp3,False,
lalage leucomela,project_echo_bucket_1__region_5.200-7.200.wav,False,
lalage leucomela,project_echo_bucket_2__region_27.200-29.200.mp3,False,
lalage leucomela,project_echo_bucket_2__region_23.200-25.200.mp3,False,
lalage leucomela,project_echo_bucket_3__region_31.650-32.849.mp3,False,
lalage leucomela,project_echo_bucket_3__region_7.250-8.700.mp3,False,
lalage leucomela,project_echo_bucket_2__region_15.200-17.200.mp3,True,project_echo_bucket_2__region_15.200-17.200.mp3
lalage leucomela,project_echo_bucket_1__region_5.200-7.200.wav,True,project_echo_bucket_1__region_5.200-7.200.wav
lalage leucomela,project_echo_bucket_2__region_23.650-25.650.mp3,True,project_echo_bucket_2__region_23.650-25.650.mp3
lalage leucomela,project_echo_bucket_2__region_9.150-10.800.mp3,True,project_echo_bucket_2__region_9.150-10.800.mp3
lalage leucomela,project_echo_bucket_3__region_25.650-27.650.mp3,True,project_echo_bucket_3__region_25.650-27.650.mp3
lalage leucomela,project_echo_bucket_2__region_27.200-29.200.mp3,True,project_echo_bucket_2__region_27.200-29.200.mp3
rhipidura rufiventris,project_echo_bucket_3__region_42.000-44.000.mp3,False,
rhipidura rufiventris,project_echo_bucket_2__region_110.000-112.000.mp3,False,
rhipidura rufiventris,project_echo_bucket_3__region_180.000-182.000.mp3,False,
rhipidura rufiventris,project_echo_bucket_3__region_110.000-112.000.mp3,False,
rhipidura rufiventris,project_echo_bucket_3__region_16.000-18.000.mp3,False,
rhipidura rufiventris,project_echo_bucket_3__region_234.000-236.000.mp3,False,
rhipidura rufiventris,project_echo_bucket_3__region_108.000-110.000.mp3,False,
rhipidura rufiventris,project_echo_bucket_2__region_108.000-110.000.mp3,False,
rhipidura rufiventris,project_echo_bucket_3__region_198.000-200.000.mp3,False,
rhipidura rufiventris,project_echo_bucket_3__region_28.500-30.500.mp3,False,
rhipidura rufiventris,project_echo_bucket_3__region_146.000-148.000.mp3,False,
rhipidura rufiventris,project_echo_bucket_2__region_18.000-20.000.mp3,False,
rhipidura rufiventris,project_echo_bucket_2__region_184.000-186.000.mp3,False,
rhipidura rufiventris,project_echo_bucket_2__region_16.000-18.000.mp3,False,
rhipidura rufiventris,project_echo_bucket_3__region_106.000-108.000.mp3,False,
rhipidura rufiventris,project_echo_bucket_3__region_46.000-48.000.mp3,False,
rhipidura rufiventris,project_echo_bucket_2__region_6.000-8.000.mp3,False,
rhipidura rufiventris,project_echo_bucket_3__region_18.000-20.000.mp3,False,
rhipidura rufiventris,project_echo_bucket_3__region_140.000-142.000.mp3,False,
rhipidura rufiventris,project_echo_bucket_3__region_184.000-186.000.mp3,False,
rhipidura rufiventris,project_echo_bucket_2__region_146.000-148.000.mp3,False,
rhipidura rufiventris,project_echo_bucket_3__region_56.000-58.000.mp3,False,
rhipidura rufiventris,project_echo_bucket_2__region_38.000-40.000.mp3,False,
rhipidura rufiventris,project_echo_bucket_3__region_30.000-32.000.mp3,False,
rhipidura rufiventris,project_echo_bucket_3__region_108.000-110.000.mp3,True,project_echo_bucket_3__region_108.000-110.000.mp3
rhipidura rufiventris,project_echo_bucket_3__region_184.000-186.000.mp3,True,project_echo_bucket_3__region_184.000-186.000.mp3
rhipidura rufiventris,project_echo_bucket_3__region_106.000-108.000.mp3,True,project_echo_bucket_3__region_106.000-108.000.mp3
rhipidura rufiventris,project_echo_bucket_3__region_146.000-148.000.mp3,True,project_echo_bucket_3__region_146.000-148.000.mp3
rhipidura rufiventris,project_echo_bucket_2__region_108.000-110.000.mp3,True,project_echo_bucket_2__region_108.000-110.000.mp3
rhipidura rufiventris,project_echo_bucket_2__region_146.000-148.000.mp3,True,project_echo_bucket_2__region_146.000-148.000.mp3
petroica phoenicea,project_echo_bucket_2__region_8.000-10.000.mp3,False,
petroica phoenicea,project_echo_bucket_3__region_17.300-18.750.mp3,False,
petroica phoenicea,project_echo_bucket_2__region_1.050-2.250.mp3,False,
petroica phoenicea,project_echo_bucket_3__region_10.250-12.250.mp3,False,
petroica phoenicea,project_echo_bucket_2__region_31.900-33.900.mp3,False,
petroica phoenicea,project_echo_bucket_3__region_6.000-8.000.mp3,False,
petroica phoenicea,project_echo_bucket_1__region_16.250-18.250.wav,False,
petroica phoenicea,project_echo_bucket_2__region_10.250-12.250.mp3,False,
petroica phoenicea,project_echo_bucket_2__region_32.400-34.400.mp3,False,
petroica phoenicea,project_echo_bucket_3__region_16.250-18.250.mp3,False,
petroica phoenicea,project_echo_bucket_3__region_32.400-34.400.mp3,False,
petroica phoenicea,project_echo_bucket_3__region_6.850-8.750.mp3,False,
petroica phoenicea,project_echo_bucket_2__region_7.200-8.750.mp3,False,
petroica phoenicea,project_echo_bucket_3__region_7.050-9.050.mp3,False,
petroica phoenicea,project_echo_bucket_2__region_18.000-20.000.mp3,False,
petroica phoenicea,project_echo_bucket_2__region_6.850-8.750.mp3,False,
petroica phoenicea,project_echo_bucket_2__region_6.000-8.000.mp3,False,
petroica phoenicea,project_echo_bucket_3__region_2.000-4.000.mp3,False,
petroica phoenicea,project_echo_bucket_3__region_1.050-2.250.mp3,False,
petroica phoenicea,project_echo_bucket_2__region_2.000-4.000.mp3,False,
petroica phoenicea,project_echo_bucket_2__region_22.400-24.400.mp3,False,
petroica phoenicea,project_echo_bucket_2__region_10.000-12.000.mp3,False,
petroica phoenicea,project_echo_bucket_3__region_42.500-44.500.mp3,False,
petroica phoenicea,project_echo_bucket_3__region_35.850-37.850.mp3,False,
petroica phoenicea,project_echo_bucket_1__region_16.250-18.250.wav,True,project_echo_bucket_1__region_16.250-18.250.wav
petroica phoenicea,project_echo_bucket_2__region_2.000-4.000.mp3,True,project_echo_bucket_2__region_2.000-4.000.mp3
petroica phoenicea,project_echo_bucket_2__region_18.000-20.000.mp3,True,project_echo_bucket_2__region_18.000-20.000.mp3
petroica phoenicea,project_echo_bucket_3__region_32.400-34.400.mp3,True,project_echo_bucket_3__region_32.400-34.400.mp3
petroica phoenicea,project_echo_bucket_2__region_10.250-12.250.mp3,True,project_echo_bucket_2__region_10.250-12.250.mp3
petroica phoenicea,project_echo_bucket_2__region_22.400-24.400.mp3,True,project_echo_bucket_2__region_22.400-24.400.mp3
eurostopodus mystacalis,project_echo_bucket_3__region_64.000-66.000.mp3,False,
eurostopodus mystacalis,project_echo_bucket_3__region_4.000-6.000.mp3,False,
eurostopodus mystacalis,project_echo_bucket_3__region_66.000-68.000.mp3,False,
eurostopodus mystacalis,project_echo_bucket_2__region_66.000-68.000.mp3,False,
eurostopodus mystacalis,project_echo_bucket_3__region_32.000-34.000.mp3,False,
eurostopodus mystacalis,project_echo_bucket_3__region_68.000-70.000.mp3,False,
eurostopodus mystacalis,project_echo_bucket_2__region_32.050-34.050.mp3,False,
eurostopodus mystacalis,project_echo_bucket_3__region_8.050-10.050.mp3,False,
eurostopodus mystacalis,project_echo_bucket_3__region_8.000-10.000.mp3,False,
eurostopodus mystacalis,project_echo_bucket_2__region_30.050-32.050.mp3,False,
eurostopodus mystacalis,project_echo_bucket_2__region_4.000-6.000.mp3,False,
eurostopodus mystacalis,project_echo_bucket_3__region_0.000-2.000.mp3,False,
eurostopodus mystacalis,project_echo_bucket_1__region_8.000-10.000.wav,False,
eurostopodus mystacalis,project_echo_bucket_3__region_39.100-40.300.mp3,False,
eurostopodus mystacalis,project_echo_bucket_3__region_5.350-7.350.mp3,False,
eurostopodus mystacalis,project_echo_bucket_3__region_7.350-8.500.mp3,False,
eurostopodus mystacalis,project_echo_bucket_2__region_0.000-2.000.mp3,False,
eurostopodus mystacalis,project_echo_bucket_2__region_6.050-8.050.mp3,False,
eurostopodus mystacalis,project_echo_bucket_3__region_65.850-67.850.mp3,False,
eurostopodus mystacalis,project_echo_bucket_1__region_65.850-67.850.wav,False,
eurostopodus mystacalis,project_echo_bucket_2__region_32.000-34.000.mp3,False,
eurostopodus mystacalis,project_echo_bucket_2__region_5.350-7.350.mp3,False,
eurostopodus mystacalis,project_echo_bucket_3__region_26.550-28.550.mp3,False,
eurostopodus mystacalis,project_echo_bucket_3__region_36.000-38.000.mp3,False,
eurostopodus mystacalis,project_echo_bucket_2__region_32.050-34.050.mp3,True,project_echo_bucket_2__region_32.050-34.050.mp3
eurostopodus mystacalis,project_echo_bucket_1__region_65.850-67.850.wav,True,project_echo_bucket_1__region_65.850-67.850.wav
eurostopodus mystacalis,project_echo_bucket_3__region_5.350-7.350.mp3,True,project_echo_bucket_3__region_5.350-7.350.mp3
eurostopodus mystacalis,project_echo_bucket_2__region_4.000-6.000.mp3,True,project_echo_bucket_2__region_4.000-6.000.mp3
eurostopodus mystacalis,project_echo_bucket_3__region_8.050-10.050.mp3,True,project_echo_bucket_3__region_8.050-10.050.mp3
eurostopodus mystacalis,project_echo_bucket_2__region_32.000-34.000.mp3,True,project_echo_bucket_2__region_32.000-34.000.mp3
microeca flavigaster,project_echo_bucket_2__region_36.900-38.300.mp3,False,
microeca flavigaster,project_echo_bucket_2__region_20.650-22.600.mp3,False,
microeca flavigaster,project_echo_bucket_1__region_19.050-20.700.wav,False,
microeca flavigaster,project_echo_bucket_1__region_17.950-19.800.wav,False,
microeca flavigaster,project_echo_bucket_3__region_36.900-38.300.mp3,False,
microeca flavigaster,project_echo_bucket_3__region_19.050-20.700.mp3,False,
microeca flavigaster,project_echo_bucket_2__region_7.250-8.750.mp3,False,
microeca flavigaster,project_echo_bucket_3__region_11.850-13.850.mp3,False,
microeca flavigaster,project_echo_bucket_3__region_25.650-27.550.mp3,False,
microeca flavigaster,project_echo_bucket_2__region_7.200-9.150.mp3,False,
microeca flavigaster,project_echo_bucket_2__region_15.200-16.750.mp3,False,
microeca flavigaster,project_echo_bucket_2__region_25.650-27.550.mp3,False,
microeca flavigaster,project_echo_bucket_3__region_20.650-22.600.mp3,False,
microeca flavigaster,project_echo_bucket_3__region_0.000-2.000.mp3,False,
microeca flavigaster,project_echo_bucket_3__region_3.100-4.900.mp3,False,
microeca flavigaster,project_echo_bucket_3__region_17.950-19.800.mp3,False,
microeca flavigaster,project_echo_bucket_2__region_11.850-13.850.mp3,False,
microeca flavigaster,project_echo_bucket_3__region_7.250-8.750.mp3,False,
microeca flavigaster,project_echo_bucket_2__region_9.850-11.850.mp3,False,
microeca flavigaster,project_echo_bucket_2__region_21.550-22.900.mp3,False,
microeca flavigaster,project_echo_bucket_2__region_19.050-21.050.mp3,False,
microeca flavigaster,project_echo_bucket_3__region_19.050-21.050.mp3,False,
microeca flavigaster,project_echo_bucket_3__region_1.100-3.100.mp3,False,
microeca flavigaster,project_echo_bucket_3__region_15.200-16.750.mp3,False,
microeca flavigaster,project_echo_bucket_2__region_7.250-8.750.mp3,True,project_echo_bucket_2__region_7.250-8.750.mp3
microeca flavigaster,project_echo_bucket_2__region_21.550-22.900.mp3,True,project_echo_bucket_2__region_21.550-22.900.mp3
microeca flavigaster,project_echo_bucket_3__region_3.100-4.900.mp3,True,project_echo_bucket_3__region_3.100-4.900.mp3
microeca flavigaster,project_echo_bucket_2__region_15.200-16.750.mp3,True,project_echo_bucket_2__region_15.200-16.750.mp3
microeca flavigaster,project_echo_bucket_3__region_11.850-13.850.mp3,True,project_echo_bucket_3__region_11.850-13.850.mp3
microeca flavigaster,project_echo_bucket_2__region_19.050-21.050.mp3,True,project_echo_bucket_2__region_19.050-21.050.mp3
